Time,Temperature,Humidity,Temp_0,Temp_1,Humid_0,Humid_1,Set_Temp,Set_Humid,Duty_Cycle
2026-03-12 22:28:19,38.002,23.036,38.0146,37.9895,22.8504,23.2212,37.8,55,0
2026-03-12 22:28:19,37.972,23.069,38.0348,37.9089,22.9267,23.212,37.8,55,0
2026-03-12 22:28:19,37.932,22.766,37.9341,37.929,22.3178,23.2136,37.8,55,0
2026-03-12 22:28:19,37.952,22.573,37.9542,37.9492,22.3438,22.8016,37.8,55,0
2026-03-12 22:28:19,37.962,22.409,37.9542,37.9693,22.4048,22.4125,37.8,55,0
2026-03-12 22:28:20,37.891,22.078,37.8535,37.929,21.9913,22.1637,37.8,55,0
2026-03-12 22:28:20,37.871,21.788,37.7931,37.9492,21.6907,21.886,37.8,55,0
2026-03-12 22:28:20,37.861,21.653,37.7729,37.9492,21.6403,21.6663,37.8,55,0
2026-03-12 22:28:20,37.841,21.62,37.7931,37.8888,21.532,21.7075,37.8,55,0
2026-03-12 22:28:21,37.861,21.585,37.7931,37.929,21.6175,21.5534,37.8,55,0
2026-03-12 22:28:21,37.811,21.574,37.7729,37.8485,21.6403,21.5076,37.8,55,0
2026-03-12 22:28:21,37.821,21.484,37.7528,37.8888,21.5656,21.4023,37.8,55,0
2026-03-12 22:28:22,37.841,21.437,37.8535,37.8283,21.5152,21.3596,37.8,55,0
2026-03-12 22:28:22,37.811,21.427,37.7729,37.8485,21.2131,21.6419,37.8,55,0
2026-03-12 22:28:22,37.77,21.337,37.6924,37.8485,20.9842,21.6907,37.8,55,10.3408744201275
2026-03-12 22:28:22,37.78,21.449,37.7125,37.8485,21.1337,21.7639,37.8,55,5.862244282748726
2026-03-12 22:28:23,37.72,21.272,37.6722,37.7679,20.9094,21.6342,37.8,55,26.444214783003872
2026-03-12 22:28:23,37.7,21.306,37.632,37.7679,21.1002,21.5122,37.8,55,32.056546904923444
2026-03-12 22:28:23,37.69,21.17,37.6521,37.7276,21.0285,21.3123,37.8,55,36.66075383352682
2026-03-12 22:28:23,37.66,21.057,37.632,37.6873,20.9781,21.1368,37.8,55,48.50325364398743
2026-03-12 22:28:24,37.64,20.988,37.5514,37.7276,20.9323,21.0437,37.8,55,56.82404880297795
2026-03-12 22:28:24,37.619,20.858,37.6118,37.6269,20.8301,20.8865,37.8,55,66.37587657129065
2026-03-12 22:28:24,37.609,20.79,37.5514,37.6672,20.6394,20.94,37.8,55,72.74993678768203
2026-03-12 22:28:24,37.64,20.817,37.5917,37.6873,20.705,20.9293,37.8,55,66.39656254954039
2026-03-12 22:28:25,37.619,20.851,37.5312,37.7075,20.7477,20.9552,37.8,55,78.27570660974874
2026-03-12 22:28:25,37.569,20.864,37.4708,37.6672,20.7889,20.94,37.8,55,97.76267692684979
2026-03-12 22:28:25,37.609,20.875,37.5514,37.6672,20.7126,21.0376,37.8,55,87.52525320704193
2026-03-12 22:28:25,37.579,20.877,37.4708,37.6873,20.6912,21.0636,37.8,55,100
2026-03-12 22:28:26,37.559,20.93,37.5111,37.6068,20.8301,21.03,37.8,55,100
2026-03-12 22:28:26,37.559,20.937,37.4507,37.6672,20.885,20.9888,37.8,55,100
2026-03-12 22:28:26,37.529,20.89,37.4507,37.6068,20.8728,20.9079,37.8,55,100
2026-03-12 22:28:27,37.509,20.766,37.4507,37.5665,20.6775,20.8545,37.8,55,100
2026-03-12 22:28:27,37.519,20.633,37.4507,37.5866,20.6287,20.6378,37.8,55,100
2026-03-12 22:28:27,37.539,20.599,37.4104,37.6672,20.5875,20.6104,37.8,55,100
2026-03-12 22:28:27,37.488,20.649,37.35,37.6269,20.6546,20.6424,37.8,55,100
2026-03-12 22:28:28,37.478,20.671,37.4104,37.5463,20.6851,20.6577,37.8,55,100
2026-03-12 22:28:28,37.458,20.663,37.35,37.5665,20.7034,20.6226,37.8,55,100
2026-03-12 22:28:28,37.478,20.629,37.3902,37.5665,20.6714,20.5859,37.8,55,100
2026-03-12 22:28:28,37.458,20.578,37.4104,37.5061,20.6119,20.5432,37.8,55,100
2026-03-12 22:28:29,37.358,20.469,37.3097,37.4054,20.528,20.4105,37.8,55,100
2026-03-12 22:28:29,37.358,20.494,37.2895,37.4255,20.5142,20.473,37.8,55,100
2026-03-12 22:28:29,37.368,20.483,37.2493,37.4859,20.4974,20.4685,37.8,55,100
2026-03-12 22:28:29,37.378,20.441,37.2895,37.4658,20.4898,20.3922,37.8,55,100
2026-03-12 22:28:30,37.327,20.491,37.209,37.4456,20.5417,20.4395,37.8,55,100
2026-03-12 22:28:30,37.327,20.502,37.2291,37.4255,20.5432,20.4608,37.8,55,100
2026-03-12 22:28:30,37.347,20.468,37.2694,37.4255,20.56,20.3754,37.8,55,100
2026-03-12 22:28:30,37.267,20.428,37.1485,37.3852,20.5219,20.3342,37.8,55,100
2026-03-12 22:28:31,37.277,20.534,37.209,37.3449,20.5783,20.4898,37.8,55,100
2026-03-12 22:28:31,37.277,20.533,37.1485,37.4054,20.5951,20.4715,37.8,55,100
2026-03-12 22:28:31,37.267,20.526,37.1687,37.3651,20.6226,20.4303,37.8,55,100
2026-03-12 22:28:32,37.267,20.526,37.1083,37.4255,20.5921,20.4608,37.8,55,100
2026-03-12 22:28:32,37.227,20.516,37.0881,37.3651,20.589,20.4425,37.8,55,100
2026-03-12 22:28:32,37.267,20.489,37.1485,37.3852,20.5951,20.383,37.8,55,100
2026-03-12 22:28:32,37.227,20.461,37.1687,37.2845,20.5493,20.3723,37.8,55,100
2026-03-12 22:28:33,37.136,20.439,36.9874,37.2845,20.5295,20.3479,37.8,55,100
2026-03-12 22:28:33,37.247,20.451,37.068,37.4255,20.5264,20.3754,37.8,55,100
2026-03-12 22:28:33,37.166,20.534,37.0277,37.3046,20.6439,20.4242,37.8,55,100
2026-03-12 22:28:33,37.196,20.592,36.9673,37.4255,20.7111,20.473,37.8,55,100
2026-03-12 22:28:34,37.166,20.601,36.9673,37.3651,20.6989,20.5035,37.8,55,100
2026-03-12 22:28:34,37.146,20.623,36.9673,37.3248,20.7233,20.5234,37.8,55,100
2026-03-12 22:28:34,37.176,20.62,36.9673,37.3852,20.7111,20.5295,37.8,55,100
2026-03-12 22:28:34,37.206,20.642,37.0076,37.4054,20.763,20.5203,37.8,55,100
2026-03-12 22:28:35,37.136,20.64,36.9874,37.2845,20.7614,20.5188,37.8,55,100
2026-03-12 22:28:35,37.156,20.71,36.9874,37.3248,20.798,20.621,37.8,55,100
2026-03-12 22:28:35,37.116,20.729,36.9068,37.3248,20.8011,20.6577,37.8,55,100
2026-03-12 22:28:35,37.176,20.742,36.9874,37.3651,20.8591,20.6256,37.8,55,100
2026-03-12 22:28:36,37.166,20.748,36.927,37.4054,20.853,20.6424,37.8,55,100
2026-03-12 22:28:36,37.186,20.761,37.0076,37.3651,20.8972,20.6256,37.8,55,100
2026-03-12 22:28:36,37.146,20.764,36.9471,37.3449,20.9033,20.6241,37.8,55,100
2026-03-12 22:28:37,37.136,20.799,36.9471,37.3248,20.9888,20.6088,37.8,55,100
2026-03-12 22:28:37,37.176,20.864,36.9673,37.3852,21.0163,20.7126,37.8,55,100
2026-03-12 22:28:37,37.076,20.89,36.8867,37.2644,21.0071,20.7736,37.8,55,100
2026-03-12 22:28:37,37.166,20.93,36.9471,37.3852,21.0132,20.8469,37.8,55,100
2026-03-12 22:28:38,37.126,20.902,36.9068,37.3449,21.033,20.7706,37.8,55,100
2026-03-12 22:28:38,37.196,20.878,37.0076,37.3852,21.0193,20.737,37.8,55,100
2026-03-12 22:28:38,37.106,20.869,36.9471,37.2644,21.0132,20.7248,37.8,55,100
2026-03-12 22:28:38,37.186,20.883,36.9874,37.3852,21.0422,20.7248,37.8,55,100
2026-03-12 22:28:39,37.126,20.871,36.9471,37.3046,21.0254,20.7172,37.8,55,100
2026-03-12 22:28:39,37.126,20.92,36.9068,37.3449,21.0819,20.7584,37.8,55,100
2026-03-12 22:28:39,37.086,20.909,36.9673,37.2039,21.0773,20.7416,37.8,55,100
2026-03-12 22:28:39,37.156,20.911,36.9874,37.3248,21.0544,20.7675,37.8,55,100
2026-03-12 22:28:40,37.156,20.918,36.9673,37.3449,21.0773,20.7584,37.8,55,100
2026-03-12 22:28:40,37.126,20.969,36.9471,37.3046,21.0986,20.8392,37.8,55,100
2026-03-12 22:28:40,37.126,20.926,36.9471,37.3046,21.062,20.7904,37.8,55,100
2026-03-12 22:28:40,37.166,20.931,37.0277,37.3046,21.0712,20.7904,37.8,55,100
2026-03-12 22:28:41,37.186,20.964,37.068,37.3046,21.1246,20.8026,37.8,55,100
2026-03-12 22:28:41,37.156,20.954,37.0277,37.2845,21.12,20.7874,37.8,55,100
2026-03-12 22:28:41,37.166,21.004,36.9673,37.3651,21.1383,20.8698,37.8,55,100
2026-03-12 22:28:42,37.126,20.981,36.9874,37.2644,21.1398,20.8225,37.8,55,100
2026-03-12 22:28:42,37.146,20.959,37.0277,37.2644,21.1322,20.7858,37.8,55,100
2026-03-12 22:28:42,37.126,20.969,36.9874,37.2644,21.1276,20.8103,37.8,55,100
2026-03-12 22:28:42,37.116,20.993,36.9673,37.2644,21.1383,20.8469,37.8,55,100
2026-03-12 22:28:43,37.156,21.009,37.0478,37.2644,21.1582,20.8591,37.8,55,100
2026-03-12 22:28:43,37.196,21.032,37.068,37.3248,21.1734,20.8896,37.8,55,100
2026-03-12 22:28:43,37.156,21.039,37.0277,37.2845,21.1566,20.9216,37.8,55,100
2026-03-12 22:28:43,37.166,21.009,37.0076,37.3248,21.1658,20.853,37.8,55,100
2026-03-12 22:28:44,37.206,21.033,37.068,37.3449,21.21,20.856,37.8,55,100
2026-03-12 22:28:44,37.186,21.024,37.0478,37.3248,21.146,20.9018,37.8,55,100
2026-03-12 22:28:44,37.217,21.028,37.068,37.3651,21.1734,20.882,37.8,55,100
2026-03-12 22:28:44,37.267,21.075,37.1485,37.3852,21.1933,20.9567,37.8,55,100
2026-03-12 22:28:45,37.196,21.062,37.0881,37.3046,21.1627,20.9613,37.8,55,100
2026-03-12 22:28:45,37.227,21.06,37.1083,37.3449,21.1536,20.9659,37.8,55,100
2026-03-12 22:28:45,37.206,21.039,37.068,37.3449,21.149,20.9293,37.8,55,100
2026-03-12 22:28:45,37.217,21.101,37.1083,37.3248,21.2024,20.9995,37.8,55,100
2026-03-12 22:28:46,37.176,21.109,37.0478,37.3046,21.2192,20.9979,37.8,55,100
2026-03-12 22:28:46,37.227,21.102,37.1284,37.3248,21.2284,20.9751,37.8,55,100
2026-03-12 22:28:46,37.247,21.086,37.1284,37.3651,21.1917,20.9796,37.8,55,100
2026-03-12 22:28:47,37.217,21.125,37.1284,37.3046,21.2406,21.0101,37.8,55,100
2026-03-12 22:28:47,37.166,21.157,37.068,37.2644,21.2345,21.0788,37.8,55,100
2026-03-12 22:28:47,37.227,21.199,37.1284,37.3248,21.2406,21.1582,37.8,55,100
2026-03-12 22:28:47,37.227,21.181,37.1284,37.3248,21.2406,21.1215,37.8,55,100
2026-03-12 22:28:48,37.196,21.16,37.1083,37.2845,21.2146,21.1048,37.8,55,100
2026-03-12 22:28:48,37.196,21.141,37.0881,37.3046,21.2238,21.059,37.8,55,100
2026-03-12 22:28:48,37.196,21.183,37.1485,37.2442,21.2543,21.1124,37.8,55,100
2026-03-12 22:28:48,37.196,21.184,37.1284,37.2644,21.2528,21.1154,37.8,55,100
2026-03-12 22:28:49,37.217,21.168,37.1687,37.2644,21.2329,21.1032,37.8,55,100
2026-03-12 22:28:49,37.227,21.114,37.209,37.2442,21.2009,21.0269,37.8,55,100
2026-03-12 22:28:49,37.186,21.17,37.0881,37.2845,21.236,21.1048,37.8,55,100
2026-03-12 22:28:49,37.237,21.145,37.1888,37.2845,21.1978,21.0925,37.8,55,100
2026-03-12 22:28:50,37.237,21.17,37.1485,37.3248,21.2299,21.1093,37.8,55,100
2026-03-12 22:28:50,37.267,21.154,37.1485,37.3852,21.1933,21.1154,37.8,55,100
2026-03-12 22:28:50,37.277,21.131,37.1687,37.3852,21.1719,21.091,37.8,55,100
2026-03-12 22:28:51,37.267,21.167,37.209,37.3248,21.2009,21.1337,37.8,55,100
2026-03-12 22:28:51,37.267,21.18,37.2291,37.3046,21.239,21.12,37.8,55,100
2026-03-12 22:28:51,37.327,21.173,37.2694,37.3852,21.207,21.1398,37.8,55,100
2026-03-12 22:28:51,37.347,21.194,37.2694,37.4255,21.2436,21.1444,37.8,55,100
2026-03-12 22:28:52,37.247,21.177,37.1888,37.3046,21.2222,21.1322,37.8,55,100
2026-03-12 22:28:52,37.358,21.183,37.3097,37.4054,21.236,21.1307,37.8,55,100
2026-03-12 22:28:52,37.307,21.183,37.2291,37.3852,21.2268,21.1398,37.8,55,100
2026-03-12 22:28:52,37.358,21.201,37.3298,37.3852,21.2497,21.1521,37.8,55,100
2026-03-12 22:28:53,37.327,21.247,37.2694,37.3852,21.2436,21.2497,37.8,55,100
2026-03-12 22:28:53,37.287,21.267,37.2694,37.3046,21.2802,21.2543,37.8,55,100
2026-03-12 22:28:53,37.327,21.241,37.2895,37.3651,21.2467,21.236,37.8,55,100
2026-03-12 22:28:53,37.287,21.255,37.2493,37.3248,21.2421,21.268,37.8,55,100
2026-03-12 22:28:54,37.327,21.29,37.2895,37.3651,21.2467,21.3336,37.8,55,100
2026-03-12 22:28:54,37.327,21.32,37.3701,37.2845,21.3397,21.3001,37.8,55,100
2026-03-12 22:28:54,37.327,21.271,37.3298,37.3248,21.3107,21.2314,37.8,55,100
2026-03-12 22:28:54,37.307,21.276,37.209,37.4054,21.2863,21.265,37.8,55,100
2026-03-12 22:28:55,37.398,21.285,37.3701,37.4255,21.2665,21.3031,37.8,55,100
2026-03-12 22:28:55,37.398,21.266,37.3298,37.4658,21.2253,21.3077,37.8,55,100
2026-03-12 22:28:55,37.337,21.242,37.3097,37.3651,21.2482,21.236,37.8,55,100
2026-03-12 22:28:56,37.358,21.257,37.35,37.3651,21.2406,21.2726,37.8,55,100
2026-03-12 22:28:56,37.368,21.258,37.3902,37.3449,21.2329,21.2833,37.8,55,100
2026-03-12 22:28:56,37.398,21.23,37.4104,37.3852,21.21,21.2497,37.8,55,100
2026-03-12 22:28:56,37.438,21.254,37.3902,37.4859,21.2207,21.2863,37.8,55,100
2026-03-12 22:28:57,37.398,21.243,37.4305,37.3651,21.2131,21.2726,37.8,55,100
2026-03-12 22:28:57,37.378,21.247,37.35,37.4054,21.2039,21.2894,37.8,55,100
2026-03-12 22:28:57,37.368,21.215,37.3701,37.3651,21.2055,21.2238,37.8,55,100
2026-03-12 22:28:57,37.358,21.214,37.35,37.3651,21.1429,21.2848,37.8,55,100
2026-03-12 22:28:58,37.428,21.197,37.4104,37.4456,21.1368,21.2573,37.8,55,100
2026-03-12 22:28:58,37.468,21.202,37.491,37.4456,21.146,21.2573,37.8,55,100
2026-03-12 22:28:58,37.418,21.202,37.4104,37.4255,21.1368,21.2665,37.8,55,100
2026-03-12 22:28:58,37.448,21.224,37.4507,37.4456,21.1658,21.2818,37.8,55,100
2026-03-12 22:28:59,37.468,21.238,37.491,37.4456,21.1582,21.3184,37.8,55,100
2026-03-12 22:28:59,37.468,21.25,37.491,37.4456,21.1704,21.3306,37.8,55,100
2026-03-12 22:28:59,37.458,21.194,37.491,37.4255,21.1337,21.2543,37.8,55,100
2026-03-12 22:28:59,37.448,21.193,37.4305,37.4658,21.1276,21.2589,37.8,55,100
2026-03-12 22:29:00,37.478,21.196,37.5111,37.4456,21.1231,21.2696,37.8,55,100
2026-03-12 22:29:00,37.448,21.18,37.4708,37.4255,21.0941,21.2665,37.8,55,100
2026-03-12 22:29:00,37.438,21.167,37.491,37.3852,21.0849,21.2497,37.8,55,100
2026-03-12 22:29:01,37.478,21.184,37.5111,37.4456,21.0986,21.2696,37.8,55,100
2026-03-12 22:29:01,37.499,21.229,37.5715,37.4255,21.1185,21.3397,37.8,55,100
2026-03-12 22:29:01,37.539,21.166,37.5514,37.5262,21.0788,21.2528,37.8,55,100
2026-03-12 22:29:01,37.539,21.185,37.5715,37.5061,21.0941,21.2757,37.8,55,100
2026-03-12 22:29:02,37.549,21.198,37.5917,37.5061,21.12,21.2757,37.8,55,100
2026-03-12 22:29:02,37.539,21.209,37.632,37.4456,21.1002,21.3184,37.8,55,100
2026-03-12 22:29:02,37.579,21.214,37.6118,37.5463,21.1231,21.3046,37.8,55,100
2026-03-12 22:29:02,37.539,21.197,37.6118,37.4658,21.0864,21.3077,37.8,55,100
2026-03-12 22:29:03,37.559,21.193,37.5715,37.5463,21.0697,21.3169,37.8,55,100
2026-03-12 22:29:03,37.569,21.225,37.632,37.5061,21.1124,21.3367,37.8,55,100
2026-03-12 22:29:03,37.569,21.206,37.6521,37.4859,21.0773,21.3352,37.8,55,100
2026-03-12 22:29:03,37.609,21.18,37.6521,37.5665,20.9796,21.3794,37.8,55,100
2026-03-12 22:29:04,37.559,21.156,37.5917,37.5262,21.0101,21.3016,37.8,55,100
2026-03-12 22:29:04,37.569,21.182,37.6924,37.4456,21.0452,21.3184,37.8,55,100
2026-03-12 22:29:04,37.569,21.157,37.6521,37.4859,20.9796,21.3352,37.8,55,100
2026-03-12 22:29:05,37.569,21.164,37.632,37.5061,20.9903,21.3367,37.8,55,100
2026-03-12 22:29:05,37.579,21.17,37.632,37.5262,20.9903,21.3504,37.8,55,100
2026-03-12 22:29:05,37.589,21.16,37.6722,37.5061,21.0193,21.3001,37.8,55,100
2026-03-12 22:29:05,37.589,21.111,37.6722,37.5061,20.9827,21.239,37.8,55,100
2026-03-12 22:29:06,37.599,21.112,37.7125,37.4859,20.9995,21.2253,37.8,55,100
2026-03-12 22:29:06,37.67,21.144,37.6722,37.6672,20.9705,21.3184,37.8,55,100
2026-03-12 22:29:06,37.65,21.124,37.7125,37.5866,20.9628,21.2848,37.8,55,100
2026-03-12 22:29:06,37.619,21.181,37.7125,37.5262,20.9995,21.3626,37.8,55,100
2026-03-12 22:29:07,37.64,21.165,37.6924,37.5866,21.0086,21.3214,37.8,55,100
2026-03-12 22:29:07,37.65,21.129,37.6924,37.6068,20.972,21.2863,37.8,55,100
2026-03-12 22:29:07,37.66,21.186,37.7729,37.5463,21.0056,21.3657,37.8,55,100
2026-03-12 22:29:07,37.69,21.104,37.7528,37.6269,20.9796,21.2284,37.8,55,100
2026-03-12 22:29:08,37.66,21.118,37.7729,37.5463,20.9567,21.2802,37.8,55,100
2026-03-12 22:29:08,37.71,21.16,37.7729,37.6471,20.9934,21.3275,37.8,55,100
2026-03-12 22:29:08,37.74,21.145,37.8737,37.6068,21.004,21.2863,37.8,55,100
2026-03-12 22:29:08,37.69,21.097,37.8535,37.5262,20.9293,21.265,37.8,55,100
2026-03-12 22:29:09,37.77,21.106,37.8535,37.6873,20.9537,21.2589,37.8,55,100
2026-03-12 22:29:09,37.7,21.086,37.8334,37.5665,20.9262,21.2451,37.8,55,100
2026-03-12 22:29:09,37.74,21.091,37.8132,37.6672,20.9369,21.2451,37.8,55,100
2026-03-12 22:29:10,37.75,21.086,37.8938,37.6068,20.885,21.2863,37.8,55,100
2026-03-12 22:29:10,37.74,21.066,37.8737,37.6068,20.882,21.2497,37.8,55,100
2026-03-12 22:29:10,37.78,21.077,37.8938,37.6672,20.885,21.2696,37.8,55,100
2026-03-12 22:29:10,37.75,21.067,37.8334,37.6672,20.8774,21.2573,37.8,55,100
2026-03-12 22:29:11,37.75,21.055,37.8334,37.6672,20.9018,21.2085,37.8,55,100
2026-03-12 22:29:11,37.74,21.03,37.8535,37.6269,20.7828,21.2772,37.8,55,100
2026-03-12 22:29:11,37.791,21.041,37.9139,37.6672,20.8377,21.2451,37.8,55,100
2026-03-12 22:29:11,37.75,21.025,37.8535,37.6471,20.8438,21.2055,37.8,55,100
2026-03-12 22:29:12,37.831,21.057,37.9542,37.7075,20.8179,21.297,37.8,55,87.55156831488571
2026-03-12 22:29:12,37.801,21.018,37.9139,37.6873,20.8133,21.2222,37.8,55,100
2026-03-12 22:29:12,37.791,21.029,37.8938,37.6873,20.824,21.2345,37.8,55,100
2026-03-12 22:29:12,37.811,21.062,37.9341,37.6873,20.8164,21.3077,37.8,55,95.467606196262
2026-03-12 22:29:13,37.861,21.079,38.0146,37.7075,20.8484,21.3092,37.8,55,79.73533791972595
2026-03-12 22:29:13,37.841,21.107,37.9744,37.7075,20.8804,21.3336,37.8,55,87.21020831699495
2026-03-12 22:29:13,37.851,21.048,37.9744,37.7276,20.8438,21.2512,37.8,55,82.10168418917388
2026-03-12 22:29:13,37.911,20.993,38.0348,37.7881,20.6928,21.294,37.8,55,61.73889928987363
2026-03-12 22:29:14,37.871,21.007,38.0549,37.6873,20.7431,21.2711,37.8,55,75.1124370360248
2026-03-12 22:29:14,37.881,21.008,38.0549,37.7075,20.7553,21.2604,37.8,55,68.41549959387555
2026-03-12 22:29:14,37.921,21.007,38.0751,37.7679,20.7584,21.2558,37.8,55,53.94011713517097
2026-03-12 22:29:15,37.901,21.011,38.0751,37.7276,20.7828,21.239,37.8,55,59.62115314662645
2026-03-12 22:29:15,37.942,21.021,38.1355,37.7478,20.7767,21.265,37.8,55,43.00339897298242
2026-03-12 22:29:15,37.921,21.006,38.0952,37.7478,20.7721,21.2406,37.8,55,48.58898862104668
2026-03-12 22:29:15,37.952,21.065,38.1355,37.7679,20.7767,21.3535,37.8,55,34.75776023210098
2026-03-12 22:29:16,37.952,21.022,38.1154,37.7881,20.7614,21.2818,37.8,55,32.77435909682302
2026-03-12 22:29:16,37.932,21.057,38.1758,37.6873,20.7813,21.3321,37.8,55,35.93773841465431
2026-03-12 22:29:16,37.932,21.007,38.1154,37.7478,20.7736,21.2406,37.8,55,32.07439644054139
2026-03-12 22:29:16,37.972,20.988,38.1758,37.7679,20.7446,21.2314,37.8,55,16.00446371882255
2026-03-12 22:29:17,37.952,20.961,38.1556,37.7478,20.6928,21.2284,37.8,55,20.545462830217534
2026-03-12 22:29:17,37.982,20.946,38.1556,37.8082,20.6806,21.2116,37.8,55,6.395336445745792
2026-03-12 22:29:17,37.982,20.989,38.1556,37.8082,20.6928,21.2848,37.8,55,3.6986105955746424
2026-03-12 22:29:17,37.962,20.95,38.1556,37.7679,20.6928,21.207,37.8,55,6.191830889572401
2026-03-12 22:29:18,38.032,20.964,38.2161,37.8485,20.6882,21.239,37.8,55,0
2026-03-12 22:29:18,37.992,20.972,38.1758,37.8082,20.6958,21.2482,37.8,55,0
2026-03-12 22:29:18,38.032,20.958,38.2362,37.8283,20.6653,21.2497,37.8,55,0
2026-03-12 22:29:18,37.992,20.923,38.2161,37.7679,20.5783,21.268,37.8,55,0
2026-03-12 22:29:19,38.032,20.958,38.1959,37.8686,20.6119,21.3031,37.8,55,0
2026-03-12 22:29:19,38.032,20.97,38.2161,37.8485,20.6394,21.3001,37.8,55,0
2026-03-12 22:29:19,38.052,20.978,38.2765,37.8283,20.6577,21.2985,37.8,55,0
2026-03-12 22:29:20,38.052,20.972,38.2362,37.8686,20.6653,21.2787,37.8,55,0
2026-03-12 22:29:20,38.062,20.973,38.2362,37.8888,20.6287,21.3169,37.8,55,0
2026-03-12 22:29:20,38.032,20.958,38.2564,37.8082,20.6439,21.2726,37.8,55,0
2026-03-12 22:29:20,38.012,20.925,38.2161,37.8082,20.6516,21.1994,37.8,55,0
2026-03-12 22:29:21,38.042,20.904,38.2765,37.8082,20.5966,21.2116,37.8,55,0
2026-03-12 22:29:21,38.062,20.924,38.2765,37.8485,20.621,21.2268,37.8,55,0
2026-03-12 22:29:21,38.073,20.925,38.2966,37.8485,20.647,21.2024,37.8,55,0
2026-03-12 22:29:21,38.123,20.912,38.3168,37.929,20.589,21.236,37.8,55,0
2026-03-12 22:29:22,38.113,20.905,38.2966,37.929,20.5737,21.236,37.8,55,0
2026-03-12 22:29:22,38.113,20.863,38.3168,37.9089,20.5646,21.1612,37.8,55,0
2026-03-12 22:29:22,38.093,20.903,38.3369,37.8485,20.5783,21.2268,37.8,55,0
2026-03-12 22:29:22,38.163,20.96,38.3772,37.9492,20.6561,21.2634,37.8,55,0
2026-03-12 22:29:23,38.103,20.916,38.2765,37.929,20.5966,21.236,37.8,55,0
2026-03-12 22:29:23,38.133,20.92,38.3571,37.9089,20.5936,21.2467,37.8,55,0
2026-03-12 22:29:23,38.113,20.893,38.3168,37.9089,20.6012,21.1856,37.8,55,0
2026-03-12 22:29:23,38.143,20.884,38.3973,37.8888,20.5859,21.1826,37.8,55,0
2026-03-12 22:29:24,38.193,20.854,38.3973,37.9895,20.5371,21.1704,37.8,55,0
2026-03-12 22:29:24,38.163,20.893,38.3772,37.9492,20.5951,21.1902,37.8,55,0
2026-03-12 22:29:24,38.143,20.848,38.3772,37.9089,20.5463,21.149,37.8,55,0
2026-03-12 22:29:25,38.133,20.841,38.3973,37.8686,20.5371,21.1444,37.8,55,0
2026-03-12 22:29:25,38.163,20.874,38.4175,37.9089,20.5509,21.1978,37.8,55,0
2026-03-12 22:29:25,38.193,20.877,38.4376,37.9492,20.5524,21.2024,37.8,55,0
2026-03-12 22:29:25,38.123,20.833,38.3369,37.9089,20.5173,21.149,37.8,55,0
2026-03-12 22:29:26,38.183,20.882,38.4376,37.929,20.5524,21.2116,37.8,55,0
2026-03-12 22:29:26,38.183,20.864,38.3973,37.9693,20.5371,21.1917,37.8,55,0
2026-03-12 22:29:26,38.153,20.898,38.3973,37.9089,20.5737,21.2222,37.8,55,0
2026-03-12 22:29:26,38.163,20.893,38.3973,37.929,20.5615,21.2238,37.8,55,0
2026-03-12 22:29:27,38.224,20.862,38.4376,38.0096,20.5402,21.1841,37.8,55,0
2026-03-12 22:29:27,38.234,20.851,38.4779,37.9895,20.5447,21.1582,37.8,55,0
2026-03-12 22:29:27,38.254,20.896,38.4376,38.07,20.5524,21.239,37.8,55,0
2026-03-12 22:29:27,38.284,20.893,38.4779,38.0902,20.5814,21.2055,37.8,55,0
2026-03-12 22:29:28,38.193,20.853,38.4578,37.929,20.531,21.1749,37.8,55,0
2026-03-12 22:29:28,38.214,20.855,38.4175,38.0096,20.5142,21.1963,37.8,55,0
2026-03-12 22:29:28,38.274,20.867,38.5182,38.0298,20.5493,21.1856,37.8,55,0
2026-03-12 22:29:28,38.244,20.822,38.4376,38.0499,20.5035,21.1398,37.8,55,0
2026-03-12 22:29:29,38.224,20.881,38.4578,37.9895,20.5188,21.2436,37.8,55,0
2026-03-12 22:29:29,38.244,20.822,38.4779,38.0096,20.5081,21.1353,37.8,55,0
2026-03-12 22:29:29,38.304,20.835,38.5182,38.0902,20.5005,21.1688,37.8,55,0
2026-03-12 22:29:30,38.244,20.852,38.5182,37.9693,20.5249,21.1795,37.8,55,0
2026-03-12 22:29:30,38.284,20.838,38.4981,38.07,20.5112,21.1658,37.8,55,0
2026-03-12 22:29:30,38.264,20.818,38.4779,38.0499,20.5081,21.1276,37.8,55,0
2026-03-12 22:29:30,38.264,20.806,38.4376,38.0902,20.5035,21.1078,37.8,55,0
2026-03-12 22:29:31,38.314,20.823,38.5585,38.07,20.5295,21.117,37.8,55,0
2026-03-12 22:29:31,38.224,20.813,38.4376,38.0096,20.5035,21.1231,37.8,55,0
2026-03-12 22:29:31,38.294,20.882,38.5182,38.07,20.5737,21.1902,37.8,55,0
2026-03-12 22:29:31,38.264,20.842,38.4779,38.0499,20.4959,21.1887,37.8,55,0
2026-03-12 22:29:32,38.304,20.847,38.4981,38.1103,20.5112,21.1826,37.8,55,0
2026-03-12 22:29:32,38.294,20.822,38.4578,38.1305,20.4822,21.1612,37.8,55,0
2026-03-12 22:29:32,38.324,20.8,38.5786,38.07,20.4959,21.1048,37.8,55,0
2026-03-12 22:29:32,38.334,20.808,38.5786,38.0902,20.5203,21.0956,37.8,55,0
2026-03-12 22:29:33,38.294,20.797,38.4981,38.0902,20.4868,21.1078,37.8,55,0
2026-03-12 22:29:33,38.234,20.797,38.4175,38.0499,20.4654,21.1276,37.8,55,0
2026-03-12 22:29:33,38.284,20.814,38.4779,38.0902,20.4959,21.1322,37.8,55,0
2026-03-12 22:29:33,38.314,20.867,38.5383,38.0902,20.5524,21.181,37.8,55,0
2026-03-12 22:29:34,38.294,20.858,38.4981,38.0902,20.5112,21.2055,37.8,55,0
2026-03-12 22:29:34,38.284,20.826,38.5383,38.0298,20.528,21.1246,37.8,55,0
2026-03-12 22:29:34,38.284,20.826,38.4376,38.1305,20.5158,21.1368,37.8,55,0
2026-03-12 22:29:35,38.304,20.822,38.5182,38.0902,20.5249,21.12,37.8,55,0
2026-03-12 22:29:35,38.334,20.819,38.5585,38.1103,20.5295,21.1093,37.8,55,0
2026-03-12 22:29:35,38.314,20.83,38.4981,38.1305,20.56,21.1002,37.8,55,0
2026-03-12 22:29:35,38.284,20.863,38.4981,38.07,20.56,21.1658,37.8,55,0
2026-03-12 22:29:36,38.304,20.871,38.5182,38.0902,20.5493,21.1933,37.8,55,0
2026-03-12 22:29:36,38.304,20.883,38.4981,38.1103,20.5844,21.1826,37.8,55,0
2026-03-12 22:29:36,38.324,20.886,38.5786,38.07,20.618,21.1536,37.8,55,0
2026-03-12 22:29:36,38.294,20.876,38.4376,38.1506,20.5768,21.1749,37.8,55,0
2026-03-12 22:29:37,38.334,20.887,38.5585,38.1103,20.5783,21.1948,37.8,55,0
2026-03-12 22:29:37,38.344,20.87,38.5585,38.1305,20.5661,21.1734,37.8,55,0
2026-03-12 22:29:37,38.284,20.826,38.4175,38.1506,20.502,21.1505,37.8,55,0
2026-03-12 22:29:37,38.324,20.825,38.4578,38.1909,20.4944,21.1551,37.8,55,0
2026-03-12 22:29:38,38.334,20.82,38.5383,38.1305,20.528,21.1124,37.8,55,0
2026-03-12 22:29:38,38.355,20.828,38.5182,38.1909,20.5249,21.1307,37.8,55,0
2026-03-12 22:29:38,38.314,20.811,38.4376,38.1909,20.5524,21.0697,37.8,55,0
2026-03-12 22:29:38,38.324,20.849,38.4981,38.1506,20.56,21.1383,37.8,55,0
2026-03-12 22:29:39,38.284,20.887,38.4779,38.0902,20.6058,21.1688,37.8,55,0
2026-03-12 22:29:39,38.334,20.893,38.5383,38.1305,20.6134,21.1734,37.8,55,0
2026-03-12 22:29:39,38.314,20.89,38.4779,38.1506,20.5936,21.1872,37.8,55,0
2026-03-12 22:29:40,38.334,20.918,38.5383,38.1305,20.6256,21.21,37.8,55,0
2026-03-12 22:29:40,38.304,20.871,38.4981,38.1103,20.6088,21.1337,37.8,55,0
2026-03-12 22:29:40,38.365,20.938,38.5182,38.211,20.6348,21.2421,37.8,55,0
2026-03-12 22:29:40,38.355,20.913,38.5383,38.1707,20.65,21.1765,37.8,55,0
2026-03-12 22:29:41,38.284,20.9,38.3973,38.1707,20.5982,21.2009,37.8,55,0
2026-03-12 22:29:41,38.355,20.908,38.5786,38.1305,20.6302,21.1856,37.8,55,0
2026-03-12 22:29:41,38.334,20.923,38.5182,38.1506,20.6714,21.1749,37.8,55,0
2026-03-12 22:29:41,38.355,20.907,38.5383,38.1707,20.6378,21.1765,37.8,55,0
2026-03-12 22:29:42,38.304,20.932,38.5383,38.07,20.6744,21.1902,37.8,55,0
2026-03-12 22:29:42,38.324,20.934,38.4779,38.1707,20.6668,21.2009,37.8,55,0
2026-03-12 22:29:42,38.344,20.943,38.5585,38.1305,20.676,21.21,37.8,55,0
2026-03-12 22:29:42,38.365,20.927,38.4981,38.2312,20.6577,21.1963,37.8,55,0
2026-03-12 22:29:43,38.334,20.929,38.5182,38.1506,20.647,21.2116,37.8,55,0
2026-03-12 22:29:43,38.324,20.916,38.4981,38.1506,20.6943,21.1383,37.8,55,0
2026-03-12 22:29:43,38.304,20.932,38.4578,38.1506,20.6531,21.2116,37.8,55,0
2026-03-12 22:29:43,38.324,20.909,38.4779,38.1707,20.6058,21.2131,37.8,55,0
2026-03-12 22:29:44,38.385,20.941,38.5585,38.211,20.676,21.2055,37.8,55,0
2026-03-12 22:29:44,38.344,20.937,38.4981,38.1909,20.7187,21.1551,37.8,55,0
2026-03-12 22:29:44,38.355,20.883,38.4578,38.2513,20.6043,21.1612,37.8,55,0
2026-03-12 22:29:45,38.294,20.851,38.4175,38.1707,20.5631,21.1398,37.8,55,0
2026-03-12 22:29:45,38.314,20.861,38.4981,38.1305,20.5722,21.149,37.8,55,0
2026-03-12 22:29:45,38.314,20.879,38.4981,38.1305,20.6088,21.149,37.8,55,0
2026-03-12 22:29:45,38.375,20.916,38.5383,38.211,20.65,21.181,37.8,55,0
2026-03-12 22:29:46,38.324,20.916,38.4779,38.1707,20.679,21.1521,37.8,55,0
2026-03-12 22:29:46,38.274,20.911,38.3571,38.1909,20.6668,21.1551,37.8,55,0
2026-03-12 22:29:46,38.324,20.934,38.4376,38.211,20.6622,21.2055,37.8,55,0
2026-03-12 22:29:46,38.334,20.905,38.4779,38.1909,20.7034,21.1063,37.8,55,0
2026-03-12 22:29:47,38.334,20.966,38.4578,38.211,20.7263,21.2055,37.8,55,0
2026-03-12 22:29:47,38.344,20.943,38.5383,38.1506,20.7355,21.1505,37.8,55,0
2026-03-12 22:29:47,38.334,20.941,38.4779,38.1909,20.7401,21.1429,37.8,55,0
2026-03-12 22:29:47,38.334,20.929,38.4578,38.211,20.6531,21.2055,37.8,55,0
2026-03-12 22:29:48,38.385,20.953,38.5182,38.2513,20.708,21.1978,37.8,55,0
2026-03-12 22:29:48,38.355,20.956,38.4981,38.211,20.6821,21.2299,37.8,55,0
2026-03-12 22:29:48,38.304,20.981,38.4578,38.1506,20.7385,21.2238,37.8,55,0
2026-03-12 22:29:48,38.365,20.982,38.4981,38.2312,20.7431,21.2207,37.8,55,0
2026-03-12 22:29:49,38.334,21.015,38.4779,38.1909,20.7767,21.2528,37.8,55,0
2026-03-12 22:29:49,38.324,20.99,38.4981,38.1506,20.7919,21.1872,37.8,55,0
2026-03-12 22:29:49,38.314,20.989,38.3973,38.2312,20.7813,21.1963,37.8,55,0
2026-03-12 22:29:50,38.314,20.976,38.4578,38.1707,20.7507,21.2009,37.8,55,0
2026-03-12 22:29:50,38.334,21.015,38.4578,38.211,20.7874,21.2421,37.8,55,0
2026-03-12 22:29:50,38.344,20.992,38.4981,38.1909,20.7797,21.2039,37.8,55,0
2026-03-12 22:29:50,38.284,20.991,38.3973,38.1707,20.7935,21.1887,37.8,55,0
2026-03-12 22:29:51,38.334,20.996,38.4981,38.1707,20.7797,21.2131,37.8,55,0
2026-03-12 22:29:51,38.314,21.0,38.4376,38.1909,20.8087,21.1917,37.8,55,0
2026-03-12 22:29:51,38.294,21.029,38.4578,38.1305,20.8118,21.2467,37.8,55,0
2026-03-12 22:29:51,38.304,21.024,38.4779,38.1305,20.8255,21.2222,37.8,55,0
2026-03-12 22:29:52,38.294,20.992,38.3772,38.211,20.7538,21.2299,37.8,55,0
2026-03-12 22:29:52,38.294,20.986,38.4376,38.1506,20.7843,21.1872,37.8,55,0
2026-03-12 22:29:52,38.355,21.011,38.4779,38.2312,20.8255,21.1963,37.8,55,0
2026-03-12 22:29:52,38.294,21.022,38.4175,38.1707,20.8194,21.2253,37.8,55,0
2026-03-12 22:29:53,38.264,21.025,38.3168,38.211,20.8331,21.2177,37.8,55,0
2026-03-12 22:29:53,38.334,21.064,38.4175,38.2513,20.8804,21.2467,37.8,55,0
2026-03-12 22:29:53,38.324,21.106,38.3973,38.2513,20.8911,21.3199,37.8,55,0
2026-03-12 22:29:53,38.344,21.065,38.4578,38.2312,20.8972,21.2329,37.8,55,0
2026-03-12 22:29:54,38.264,21.062,38.3168,38.211,20.8453,21.2787,37.8,55,0
2026-03-12 22:29:54,38.314,21.061,38.4376,38.1909,20.882,21.2406,37.8,55,0
2026-03-12 22:29:54,38.324,21.068,38.4376,38.211,20.882,21.2543,37.8,55,0
2026-03-12 22:29:55,38.294,21.065,38.4175,38.1707,20.8927,21.2375,37.8,55,0
2026-03-12 22:29:55,38.314,21.123,38.3973,38.2312,20.9033,21.3428,37.8,55,0
2026-03-12 22:29:55,38.294,21.145,38.3571,38.2312,20.9232,21.3672,37.8,55,0
2026-03-12 22:29:55,38.294,21.126,38.3772,38.211,20.9125,21.3397,37.8,55,0
2026-03-12 22:29:56,38.264,21.105,38.3772,38.1506,20.8637,21.3458,37.8,55,0
2026-03-12 22:29:56,38.264,21.117,38.3571,38.1707,20.8988,21.3352,37.8,55,0
2026-03-12 22:29:56,38.254,21.103,38.3369,38.1707,20.9079,21.2985,37.8,55,0
2026-03-12 22:29:56,38.334,21.095,38.3973,38.2715,20.9155,21.2741,37.8,55,0
2026-03-12 22:29:57,38.294,21.078,38.3571,38.2312,20.9232,21.2329,37.8,55,0
2026-03-12 22:29:57,38.294,21.114,38.3772,38.211,20.9491,21.2787,37.8,55,0
2026-03-12 22:29:57,38.284,21.101,38.3772,38.1909,20.9491,21.2528,37.8,55,0
2026-03-12 22:29:57,38.344,21.095,38.4376,38.2513,20.9308,21.2589,37.8,55,0
2026-03-12 22:29:58,38.314,21.123,38.3973,38.2312,20.9522,21.294,37.8,55,0
2026-03-12 22:29:58,38.304,21.14,38.4175,38.1909,20.9659,21.3138,37.8,55,0
2026-03-12 22:29:58,38.274,21.179,38.3369,38.211,20.9812,21.3764,37.8,55,0
2026-03-12 22:29:58,38.294,21.193,38.3772,38.211,21.0346,21.3519,37.8,55,0
2026-03-12 22:29:59,38.304,21.201,38.3772,38.2312,21.0101,21.3916,37.8,55,0
2026-03-12 22:29:59,38.264,21.173,38.3973,38.1305,21.0376,21.3077,37.8,55,0
2026-03-12 22:29:59,38.274,21.167,38.3772,38.1707,21.0346,21.2985,37.8,55,0
2026-03-12 22:29:59,38.314,21.189,38.3369,38.2916,21.0178,21.3611,37.8,55,0
2026-03-12 22:30:00,38.264,21.172,38.3369,38.1909,21.0544,21.2894,37.8,55,0
2026-03-12 22:30:00,38.244,21.17,38.2966,38.1909,21.001,21.3382,37.8,55,0
2026-03-12 22:30:00,38.274,21.215,38.3772,38.1707,21.0712,21.3596,37.8,55,0
2026-03-12 22:30:01,38.294,21.205,38.3772,38.211,21.0468,21.3642,37.8,55,0
2026-03-12 22:30:01,38.264,21.202,38.3369,38.1909,21.0788,21.326,37.8,55,0
2026-03-12 22:30:01,38.244,21.2,38.2966,38.1909,21.0376,21.3626,37.8,55,0
2026-03-12 22:30:01,38.234,21.181,38.3369,38.1305,21.0544,21.3077,37.8,55,0
2026-03-12 22:30:02,38.244,21.201,38.3571,38.1305,21.0452,21.3565,37.8,55,0
2026-03-12 22:30:02,38.254,21.202,38.3571,38.1506,21.0452,21.3581,37.8,55,0
2026-03-12 22:30:02,38.234,21.26,38.2966,38.1707,21.1109,21.4084,37.8,55,0
2026-03-12 22:30:02,38.234,21.181,38.3168,38.1506,21.0529,21.3092,37.8,55,0
2026-03-12 22:30:03,38.224,21.234,38.3369,38.1103,21.1276,21.3413,37.8,55,0
2026-03-12 22:30:03,38.214,21.252,38.2362,38.1909,21.1292,21.3748,37.8,55,0
2026-03-12 22:30:03,38.183,21.273,38.2564,38.1103,21.1566,21.3901,37.8,55,0
2026-03-12 22:30:03,38.264,21.288,38.3369,38.1909,21.1643,21.4115,37.8,55,0
2026-03-12 22:30:04,38.264,21.288,38.3369,38.1909,21.1765,21.3993,37.8,55,0
2026-03-12 22:30:04,38.234,21.242,38.2765,38.1909,21.1337,21.3504,37.8,55,0
2026-03-12 22:30:04,38.274,21.241,38.3571,38.1909,21.1551,21.326,37.8,55,0
2026-03-12 22:30:04,38.234,21.242,38.3369,38.1305,21.1154,21.3687,37.8,55,0
2026-03-12 22:30:05,38.274,21.24,38.2966,38.2513,21.0986,21.3809,37.8,55,0
2026-03-12 22:30:05,38.264,21.263,38.3571,38.1707,21.1917,21.3352,37.8,55,0
2026-03-12 22:30:05,38.224,21.234,38.2966,38.1506,21.1109,21.3581,37.8,55,0
2026-03-12 22:30:06,38.214,21.258,38.2161,38.211,21.1398,21.3764,37.8,55,0
2026-03-12 22:30:06,38.224,21.254,38.3168,38.1305,21.1383,21.3687,37.8,55,0
2026-03-12 22:30:06,38.224,21.247,38.2966,38.1506,21.1475,21.3458,37.8,55,0
2026-03-12 22:30:06,38.234,21.279,38.2765,38.1909,21.1582,21.3993,37.8,55,0
2026-03-12 22:30:07,38.274,21.289,38.2765,38.2715,21.1337,21.445,37.8,55,0
2026-03-12 22:30:07,38.254,21.299,38.2966,38.211,21.1841,21.413,37.8,55,0
2026-03-12 22:30:07,38.203,21.251,38.2564,38.1506,21.1444,21.3581,37.8,55,0
2026-03-12 22:30:07,38.214,21.276,38.2765,38.1506,21.1582,21.3947,37.8,55,0
2026-03-12 22:30:08,38.214,21.276,38.2362,38.1909,21.1658,21.387,37.8,55,0
2026-03-12 22:30:08,38.193,21.323,38.2966,38.0902,21.1963,21.4496,37.8,55,0
2026-03-12 22:30:08,38.203,21.318,38.2564,38.1506,21.2055,21.4313,37.8,55,0
2026-03-12 22:30:08,38.224,21.32,38.2966,38.1506,21.2085,21.4313,37.8,55,0
2026-03-12 22:30:09,38.193,21.299,38.2161,38.1707,21.1521,21.445,37.8,55,0
2026-03-12 22:30:09,38.123,21.291,38.0952,38.1506,21.1383,21.4435,37.8,55,0
2026-03-12 22:30:09,38.143,21.312,38.1959,38.0902,21.1734,21.4496,37.8,55,0
2026-03-12 22:30:09,38.224,21.332,38.2362,38.211,21.2024,21.4618,37.8,55,0
2026-03-12 22:30:10,38.264,21.318,38.2765,38.2513,21.1948,21.442,37.8,55,0
2026-03-12 22:30:10,38.193,21.312,38.2564,38.1305,21.2421,21.3809,37.8,55,0
2026-03-12 22:30:10,38.143,21.324,38.1758,38.1103,21.2207,21.4267,37.8,55,0
2026-03-12 22:30:11,38.193,21.341,38.1959,38.1909,21.2222,21.4603,37.8,55,0
2026-03-12 22:30:11,38.183,21.334,38.1959,38.1707,21.2467,21.4206,37.8,55,0
2026-03-12 22:30:11,38.193,21.372,38.2362,38.1506,21.2757,21.4679,37.8,55,0
2026-03-12 22:30:11,38.173,21.376,38.1758,38.1707,21.3062,21.445,37.8,55,0
2026-03-12 22:30:12,38.203,21.422,38.2161,38.1909,21.3352,21.5091,37.8,55,0
2026-03-12 22:30:12,38.163,21.411,38.1758,38.1506,21.3428,21.4801,37.8,55,0
2026-03-12 22:30:12,38.163,21.398,38.1556,38.1707,21.3519,21.445,37.8,55,0
2026-03-12 22:30:12,38.183,21.395,38.1556,38.211,21.3275,21.4618,37.8,55,0
2026-03-12 22:30:13,38.143,21.397,38.1556,38.1305,21.3275,21.4664,37.8,55,0
2026-03-12 22:30:13,38.193,21.408,38.1758,38.211,21.3672,21.4496,37.8,55,0
2026-03-12 22:30:13,38.123,21.401,38.1556,38.0902,21.3275,21.474,37.8,55,0
2026-03-12 22:30:13,38.173,21.394,38.1959,38.1506,21.3321,21.4557,37.8,55,0
2026-03-12 22:30:14,38.143,21.403,38.1758,38.1103,21.3428,21.4633,37.8,55,0
2026-03-12 22:30:14,38.163,21.405,38.1959,38.1305,21.3443,21.4664,37.8,55,0
2026-03-12 22:30:14,38.143,21.415,38.1758,38.1103,21.3794,21.4511,37.8,55,0
2026-03-12 22:30:14,38.153,21.405,38.1758,38.1305,21.3672,21.442,37.8,55,0
2026-03-12 22:30:15,38.183,21.432,38.1758,38.1909,21.355,21.5091,37.8,55,0
2026-03-12 22:30:15,38.113,21.449,38.0952,38.1305,21.3947,21.503,37.8,55,0
2026-03-12 22:30:15,38.123,21.444,38.1355,38.1103,21.3748,21.5122,37.8,55,0
2026-03-12 22:30:16,38.103,21.411,38.0952,38.1103,21.3336,21.4878,37.8,55,0
2026-03-12 22:30:16,38.113,21.448,38.1154,38.1103,21.3596,21.5366,37.8,55,0
2026-03-12 22:30:16,38.123,21.456,38.1758,38.07,21.4282,21.4832,37.8,55,0
2026-03-12 22:30:16,38.143,21.464,38.1758,38.1103,21.4282,21.5,37.8,55,0
2026-03-12 22:30:17,38.133,21.463,38.1154,38.1506,21.3962,21.529,37.8,55,0
2026-03-12 22:30:17,38.103,21.46,38.1154,38.0902,21.4084,21.5106,37.8,55,0
2026-03-12 22:30:17,38.113,21.454,38.0549,38.1707,21.4145,21.4939,37.8,55,0
2026-03-12 22:30:17,38.123,21.45,38.1154,38.1305,21.4084,21.4908,37.8,55,0
2026-03-12 22:30:18,38.073,21.456,38.0952,38.0499,21.4191,21.4939,37.8,55,0
2026-03-12 22:30:18,38.113,21.431,38.1355,38.0902,21.4115,21.4496,37.8,55,0
2026-03-12 22:30:18,38.052,21.472,38.0549,38.0499,21.4511,21.4939,37.8,55,0
2026-03-12 22:30:18,38.093,21.465,38.0952,38.0902,21.4069,21.5229,37.8,55,0
2026-03-12 22:30:19,38.093,21.471,38.0952,38.0902,21.4435,21.4984,37.8,55,0
2026-03-12 22:30:19,38.103,21.508,38.1154,38.0902,21.4694,21.5473,37.8,55,0
2026-03-12 22:30:19,38.083,21.531,38.0751,38.0902,21.4664,21.5961,37.8,55,0
2026-03-12 22:30:19,38.123,21.523,38.1355,38.1103,21.4603,21.5854,37.8,55,0
2026-03-12 22:30:20,38.062,21.498,38.0146,38.1103,21.4466,21.5488,37.8,55,0
2026-03-12 22:30:20,38.073,21.505,38.0751,38.07,21.4542,21.5564,37.8,55,0
2026-03-12 22:30:20,38.113,21.498,38.0952,38.1305,21.4557,21.5396,37.8,55,0
2026-03-12 22:30:21,38.113,21.516,38.0751,38.1506,21.4786,21.5534,37.8,55,0
2026-03-12 22:30:21,38.103,21.508,38.0952,38.1103,21.4557,21.561,37.8,55,0
2026-03-12 22:30:21,38.103,21.533,38.0952,38.1103,21.4923,21.5732,37.8,55,0
2026-03-12 22:30:21,38.123,21.559,38.1154,38.1305,21.5427,21.5763,37.8,55,0
2026-03-12 22:30:22,38.062,21.547,38.0952,38.0298,21.529,21.564,37.8,55,0
2026-03-12 22:30:22,38.103,21.545,38.1758,38.0298,21.5015,21.5885,37.8,55,0
2026-03-12 22:30:22,38.042,21.545,38.0348,38.0499,21.5229,21.5671,37.8,55,0
2026-03-12 22:30:22,38.062,21.578,38.0348,38.0902,21.5473,21.6083,37.8,55,0
2026-03-12 22:30:23,38.073,21.542,38.0952,38.0499,21.5167,21.5671,37.8,55,0
2026-03-12 22:30:23,38.123,21.541,38.0549,38.1909,21.5244,21.5579,37.8,55,0
2026-03-12 22:30:23,38.042,21.582,38.0348,38.0499,21.5351,21.6281,37.8,55,0
2026-03-12 22:30:23,38.062,21.572,37.9945,38.1305,21.5427,21.6007,37.8,55,0
2026-03-12 22:30:24,38.103,21.582,38.0751,38.1305,21.5763,21.5885,37.8,55,0
2026-03-12 22:30:24,38.022,21.573,37.9945,38.0499,21.5549,21.5915,37.8,55,0
2026-03-12 22:30:24,38.073,21.579,38.0549,38.0902,21.5732,21.5839,37.8,55,0
2026-03-12 22:30:24,38.113,21.631,38.0549,38.1707,21.5854,21.677,37.8,55,0
2026-03-12 22:30:25,38.093,21.642,38.0751,38.1103,21.6251,21.6587,37.8,55,0
2026-03-12 22:30:25,38.052,21.595,38.0549,38.0499,21.5976,21.5915,37.8,55,0
2026-03-12 22:30:25,38.032,21.629,37.9945,38.07,21.6159,21.6419,37.8,55,0
2026-03-12 22:30:26,37.992,21.618,37.9542,38.0298,21.5747,21.6617,37.8,55,0
2026-03-12 22:30:26,38.012,21.633,37.9744,38.0499,21.6129,21.6526,37.8,55,0
2026-03-12 22:30:26,38.052,21.662,38.0146,38.0902,21.6175,21.706,37.8,55,0
2026-03-12 22:30:26,38.042,21.672,38.0146,38.07,21.6297,21.7151,37.8,55,0
2026-03-12 22:30:27,38.032,21.659,37.9744,38.0902,21.6373,21.6815,37.8,55,0
2026-03-12 22:30:27,38.032,21.641,37.9945,38.07,21.6281,21.6541,37.8,55,0
2026-03-12 22:30:27,37.972,21.69,37.8938,38.0499,21.6663,21.7136,37.8,55,0
2026-03-12 22:30:27,38.042,21.691,37.9744,38.1103,21.6861,21.6953,37.8,55,0
2026-03-12 22:30:28,38.062,21.687,38.0549,38.07,21.6953,21.6785,37.8,55,0
2026-03-12 22:30:28,38.022,21.677,37.9542,38.0902,21.6724,21.6815,37.8,55,0
2026-03-12 22:30:28,37.952,21.669,37.9341,37.9693,21.6831,21.6556,37.8,55,0
2026-03-12 22:30:28,38.042,21.678,38.0146,38.07,21.6907,21.6663,37.8,55,0
2026-03-12 22:30:29,38.012,21.657,37.9542,38.07,21.6724,21.6419,37.8,55,0
2026-03-12 22:30:29,38.022,21.688,37.9744,38.07,21.6861,21.6907,37.8,55,0
2026-03-12 22:30:29,38.012,21.7,37.9744,38.0499,21.7105,21.6892,37.8,55,0
2026-03-12 22:30:29,37.992,21.728,37.9744,38.0096,21.6983,21.7578,37.8,55,0
2026-03-12 22:30:30,37.982,21.715,37.9341,38.0298,21.6831,21.7472,37.8,55,0
2026-03-12 22:30:30,37.992,21.741,37.9945,37.9895,21.7258,21.7563,37.8,55,0
2026-03-12 22:30:30,37.992,21.759,37.9341,38.0499,21.7197,21.799,37.8,55,0
2026-03-12 22:30:31,37.982,21.74,37.9744,37.9895,21.735,21.7441,37.8,55,0
2026-03-12 22:30:31,37.992,21.753,37.8938,38.0902,21.7639,21.7426,37.8,55,0
2026-03-12 22:30:31,37.982,21.666,37.9542,38.0096,21.6114,21.7212,37.8,55,0
2026-03-12 22:30:31,38.002,21.704,37.9744,38.0298,21.6373,21.7716,37.8,55,0
2026-03-12 22:30:32,38.012,21.706,37.9945,38.0298,21.7136,21.6983,37.8,55,0
2026-03-12 22:30:32,38.012,21.718,37.9744,38.0499,21.735,21.7014,37.8,55,0
2026-03-12 22:30:32,38.002,21.717,37.9542,38.0499,21.7456,21.6892,37.8,55,0
2026-03-12 22:30:32,37.992,21.717,37.9945,37.9895,21.738,21.6953,37.8,55,0
2026-03-12 22:30:33,37.952,21.761,37.8938,38.0096,21.7762,21.7456,37.8,55,0
2026-03-12 22:30:33,37.962,21.749,37.8938,38.0298,21.7762,21.7227,37.8,55,0
2026-03-12 22:30:33,37.972,21.787,37.9139,38.0298,21.7899,21.7838,37.8,55,0
2026-03-12 22:30:33,37.962,21.749,37.8938,38.0298,21.7639,21.735,37.8,55,0
2026-03-12 22:30:34,37.932,21.734,37.9139,37.9492,21.7533,21.7151,37.8,55,0
2026-03-12 22:30:34,37.962,21.762,37.9542,37.9693,21.7945,21.7288,37.8,55,0
2026-03-12 22:30:34,37.992,21.747,37.9341,38.0499,21.7807,21.7136,37.8,55,0
2026-03-12 22:30:34,37.911,21.744,37.8535,37.9693,21.7716,21.7166,37.8,55,0
2026-03-12 22:30:35,37.911,21.762,37.8737,37.9492,21.7975,21.7273,37.8,55,0
2026-03-12 22:30:35,37.891,21.772,37.7931,37.9895,21.7884,21.7563,37.8,55,0
2026-03-12 22:30:35,37.932,21.789,37.8938,37.9693,21.825,21.7533,37.8,55,0
2026-03-12 22:30:36,37.932,21.782,37.8334,38.0298,21.8173,21.7472,37.8,55,0
2026-03-12 22:30:36,37.942,21.79,37.9139,37.9693,21.8265,21.7533,37.8,55,0
2026-03-12 22:30:36,37.932,21.807,37.8535,38.0096,21.8204,21.7945,37.8,55,0
2026-03-12 22:30:36,37.962,21.804,37.9139,38.0096,21.8387,21.77,37.8,55,0
2026-03-12 22:30:37,37.942,21.827,37.8535,38.0298,21.8692,21.7838,37.8,55,0
2026-03-12 22:30:37,37.881,21.807,37.8334,37.929,21.854,21.7609,37.8,55,0
2026-03-12 22:30:37,37.932,21.807,37.8938,37.9693,21.825,21.7899,37.8,55,0
2026-03-12 22:30:37,37.861,21.824,37.8132,37.9089,21.8524,21.796,37.8,55,0
2026-03-12 22:30:38,37.952,21.828,37.8938,38.0096,21.8738,21.7823,37.8,55,0
2026-03-12 22:30:38,37.901,21.798,37.8334,37.9693,21.8173,21.7777,37.8,55,0
2026-03-12 22:30:38,37.911,21.854,37.8737,37.9492,21.883,21.825,37.8,55,0
2026-03-12 22:30:38,37.831,21.863,37.8132,37.8485,21.8769,21.8494,37.8,55,0
2026-03-12 22:30:39,37.891,21.839,37.8334,37.9492,21.854,21.825,37.8,55,0
2026-03-12 22:30:39,37.901,21.846,37.8334,37.9693,21.8906,21.8021,37.8,55,0
2026-03-12 22:30:39,37.871,21.91,37.8334,37.9089,21.9028,21.9181,37.8,55,0
2026-03-12 22:30:39,37.861,21.885,37.7729,37.9492,21.8967,21.8738,37.8,55,0
2026-03-12 22:30:40,37.851,21.914,37.7931,37.9089,21.9471,21.8814,37.8,55,0
2026-03-12 22:30:40,37.881,21.875,37.8334,37.929,21.9028,21.8463,37.8,55,0
2026-03-12 22:30:40,37.861,21.872,37.8334,37.8888,21.9272,21.8173,37.8,55,0
2026-03-12 22:30:41,37.911,21.884,37.8132,38.0096,21.8524,21.9165,37.8,55,0
2026-03-12 22:30:41,37.851,21.878,37.7327,37.9693,21.8677,21.8875,37.8,55,0
2026-03-12 22:30:41,37.841,21.871,37.8132,37.8686,21.9013,21.8402,37.8,55,0
2026-03-12 22:30:41,37.841,21.877,37.7528,37.929,21.9074,21.8463,37.8,55,0
2026-03-12 22:30:42,37.821,21.881,37.7528,37.8888,21.9074,21.854,37.8,55,0
2026-03-12 22:30:42,37.861,21.891,37.7729,37.9492,21.9455,21.8372,37.8,55,0
2026-03-12 22:30:42,37.881,21.923,37.8334,37.929,21.9638,21.883,37.8,55,0
2026-03-12 22:30:42,37.871,21.91,37.7729,37.9693,21.9577,21.8631,37.8,55,0
2026-03-12 22:30:43,37.861,21.867,37.8132,37.9089,21.8891,21.8448,37.8,55,0
2026-03-12 22:30:43,37.821,21.881,37.7528,37.8888,21.9196,21.8418,37.8,55,0
2026-03-12 22:30:43,37.851,21.878,37.7528,37.9492,21.944,21.8128,37.8,55,0
2026-03-12 22:30:43,37.861,21.964,37.7931,37.929,22.0081,21.9196,37.8,55,0
2026-03-12 22:30:44,37.831,21.93,37.7327,37.929,21.9776,21.883,37.8,55,0
2026-03-12 22:30:44,37.811,21.94,37.6924,37.929,21.9974,21.883,37.8,55,0
2026-03-12 22:30:44,37.821,21.948,37.7327,37.9089,22.002,21.8936,37.8,55,0
2026-03-12 22:30:44,37.851,21.969,37.7327,37.9693,22.0142,21.9242,37.8,55,0
2026-03-12 22:30:45,37.881,21.955,37.8535,37.9089,22.0279,21.8814,37.8,55,0
2026-03-12 22:30:45,37.821,21.966,37.7125,37.929,22.0249,21.9074,37.8,55,0
2026-03-12 22:30:45,37.75,21.965,37.6924,37.8082,22.034,21.8952,37.8,55,17.357912839564847
2026-03-12 22:30:46,37.831,21.961,37.7327,37.929,22.0142,21.9074,37.8,55,0
2026-03-12 22:30:46,37.861,21.989,37.7729,37.9492,22.0432,21.9348,37.8,55,0
2026-03-12 22:30:46,37.831,21.973,37.7931,37.8686,22.0569,21.8891,37.8,55,0
2026-03-12 22:30:46,37.78,21.98,37.7125,37.8485,22.0249,21.9348,37.8,55,7.973868707175202
2026-03-12 22:30:47,37.851,21.994,37.7528,37.9492,22.0661,21.9226,37.8,55,0
2026-03-12 22:30:47,37.831,22.016,37.7931,37.8686,22.0813,21.9501,37.8,55,0
2026-03-12 22:30:47,37.861,22.02,37.7729,37.9492,22.0798,21.9593,37.8,55,0
2026-03-12 22:30:47,37.801,21.988,37.6924,37.9089,22.0462,21.9303,37.8,55,2.476386376117656
2026-03-12 22:30:48,37.841,22.005,37.7327,37.9492,22.0752,21.9348,37.8,55,0
2026-03-12 22:30:48,37.811,21.995,37.7327,37.8888,22.0508,21.9394,37.8,55,0
2026-03-12 22:30:48,37.76,22.045,37.6924,37.8283,22.1073,21.9821,37.8,55,13.621031898040727
2026-03-12 22:30:48,37.821,22.021,37.7327,37.9089,22.0996,21.9425,37.8,55,0
2026-03-12 22:30:49,37.75,22.007,37.6924,37.8082,22.0584,21.9562,37.8,55,17.78144713878281
2026-03-12 22:30:49,37.75,22.026,37.6924,37.8082,22.1073,21.944,37.8,55,15.660846527405926
2026-03-12 22:30:49,37.801,22.049,37.7125,37.8888,22.1347,21.9638,37.8,55,0.05340239848515749
2026-03-12 22:30:49,37.791,22.073,37.6722,37.9089,22.1546,21.9913,37.8,55,5.635936356215534
2026-03-12 22:30:50,37.76,22.087,37.6521,37.8686,22.1393,22.0356,37.8,55,15.548335436001526
2026-03-12 22:30:50,37.71,22.052,37.5917,37.8283,22.121,21.9821,37.8,55,31.42716211634467
2026-03-12 22:30:50,37.78,22.071,37.6722,37.8888,22.1302,22.0127,37.8,55,8.200016998066967
2026-03-12 22:30:51,37.801,22.086,37.7125,37.8888,22.1836,21.9883,37.8,55,4.952387896321435
2026-03-12 22:30:51,37.78,22.132,37.7125,37.8485,22.1958,22.0691,37.8,55,12.775939585480977
2026-03-12 22:30:51,37.75,22.129,37.6521,37.8485,22.1515,22.1057,37.8,55,22.10439468447808
2026-03-12 22:30:51,37.78,22.114,37.6722,37.8888,22.179,22.0493,37.8,55,12.014181890736102
2026-03-12 22:30:52,37.811,22.117,37.7327,37.8888,22.1729,22.0615,37.8,55,3.672975933541639
2026-03-12 22:30:52,37.76,22.118,37.6521,37.8686,22.1759,22.06,37.8,55,21.55276536836292
2026-03-12 22:30:52,37.77,22.094,37.6924,37.8485,22.1805,22.0081,37.8,55,16.84524140487369
2026-03-12 22:30:52,37.801,22.147,37.6722,37.929,22.2034,22.0905,37.8,55,7.80514808400055
2026-03-12 22:30:53,37.75,22.105,37.6118,37.8888,22.1851,22.0249,37.8,55,25.923055882586624
2026-03-12 22:30:53,37.72,22.096,37.632,37.8082,22.1744,22.0172,37.8,55,34.555288432481774
2026-03-12 22:30:53,37.71,22.131,37.5917,37.8283,22.1942,22.0676,37.8,55,38.2567656838722
2026-03-12 22:30:53,37.76,22.13,37.6521,37.8686,22.1881,22.0722,37.8,55,23.41530688645461
2026-03-12 22:30:54,37.72,22.139,37.6118,37.8283,22.1973,22.0798,37.8,55,39.70885866858832
2026-03-12 22:30:54,37.73,22.145,37.632,37.8283,22.1988,22.092,37.8,55,36.39247296530573
2026-03-12 22:30:54,37.75,22.148,37.6722,37.8283,22.2522,22.0432,37.8,55,31.855324404756505
2026-03-12 22:30:54,37.77,22.126,37.6722,37.8686,22.2156,22.0356,37.8,55,27.326212690727004
2026-03-12 22:30:55,37.71,22.143,37.632,37.7881,22.2354,22.0508,37.8,55,48.58718301718341
2026-03-12 22:30:55,37.72,22.151,37.6118,37.8283,22.1973,22.1042,37.8,55,44.58551680187819
2026-03-12 22:30:55,37.72,22.151,37.632,37.8082,22.2477,22.0539,37.8,55,46.83082798664631
2026-03-12 22:30:56,37.68,22.158,37.6521,37.7075,22.2736,22.0417,37.8,55,61.73879044940788
2026-03-12 22:30:56,37.69,22.171,37.5917,37.7881,22.2553,22.0874,37.8,55,59.31757984403254
2026-03-12 22:30:56,37.72,22.126,37.6722,37.7679,22.2034,22.0493,37.8,55,52.394240511842945
2026-03-12 22:30:56,37.73,22.139,37.632,37.8283,22.2354,22.0432,37.8,55,52.273659781645144
2026-03-12 22:30:57,37.66,22.181,37.5917,37.7276,22.2431,22.118,37.8,55,77.2529751575758
2026-03-12 22:30:57,37.73,22.206,37.632,37.8283,22.2599,22.153,37.8,55,54.23399140284737
2026-03-12 22:30:57,37.71,22.18,37.6722,37.7478,22.24,22.1195,37.8,55,65.55094141954464
2026-03-12 22:30:57,37.72,22.163,37.632,37.8082,22.2599,22.0661,37.8,55,63.37140323942318
2026-03-12 22:30:58,37.7,22.136,37.6118,37.7881,22.2217,22.0508,37.8,55,72.17700253040238
2026-03-12 22:30:58,37.629,22.171,37.5514,37.7075,22.2263,22.1149,37.8,55,96.78799363173248
2026-03-12 22:30:58,37.69,22.184,37.5111,37.8686,22.1851,22.182,37.8,55,77.40986856407237
2026-03-12 22:30:58,37.68,22.128,37.5917,37.7679,22.182,22.0737,37.8,55,85.90904803939245
2026-03-12 22:30:59,37.71,22.174,37.632,37.7881,22.2354,22.1118,37.8,55,78.30639550309333
2026-03-12 22:30:59,37.7,22.185,37.5715,37.8283,22.2293,22.1408,37.8,55,84.96345066248215
2026-03-12 22:30:59,37.68,22.177,37.5715,37.7881,22.266,22.0874,37.8,55,93.3030530286068
2026-03-12 22:30:59,37.73,22.213,37.5917,37.8686,22.2797,22.1454,37.8,55,78.67591744300822
2026-03-12 22:31:00,37.69,22.19,37.6118,37.7679,22.2583,22.1225,37.8,55,95.64071568902118
2026-03-12 22:31:00,37.72,22.242,37.6118,37.8283,22.356,22.1286,37.8,55,86.43601600248822
2026-03-12 22:31:00,37.7,22.246,37.5715,37.8283,22.3148,22.1775,37.8,55,96.15527621495119
2026-03-12 22:31:01,37.68,22.268,37.5715,37.7881,22.3148,22.2217,37.8,55,100
2026-03-12 22:31:01,37.69,22.269,37.5917,37.7881,22.3285,22.2095,37.8,55,100
2026-03-12 22:31:01,37.67,22.255,37.5312,37.8082,22.3102,22.2004,37.8,55,100
2026-03-12 22:31:01,37.67,22.236,37.5917,37.7478,22.3285,22.1439,37.8,55,100
2026-03-12 22:31:02,37.66,22.296,37.5514,37.7679,22.3728,22.2202,37.8,55,100
2026-03-12 22:31:02,37.69,22.287,37.5917,37.7881,22.3896,22.1851,37.8,55,100
2026-03-12 22:31:02,37.65,22.29,37.5312,37.7679,22.359,22.2202,37.8,55,100
2026-03-12 22:31:02,37.65,22.284,37.5312,37.7679,22.3713,22.1958,37.8,55,100
2026-03-12 22:31:03,37.66,22.26,37.5715,37.7478,22.3758,22.1439,37.8,55,100
2026-03-12 22:31:03,37.66,22.242,37.5312,37.7881,22.3224,22.1607,37.8,55,100
2026-03-12 22:31:03,37.619,22.28,37.5312,37.7075,22.359,22.2004,37.8,55,100
2026-03-12 22:31:03,37.599,22.271,37.5111,37.6873,22.3438,22.1988,37.8,55,100
2026-03-12 22:31:04,37.68,22.274,37.5917,37.7679,22.3651,22.1836,37.8,55,100
2026-03-12 22:31:04,37.64,22.3,37.5514,37.7276,22.385,22.2156,37.8,55,100
2026-03-12 22:31:04,37.68,22.274,37.5715,37.7881,22.3514,22.1973,37.8,55,100
2026-03-12 22:31:04,37.66,22.278,37.5715,37.7478,22.3514,22.2049,37.8,55,100
2026-03-12 22:31:05,37.7,22.289,37.5917,37.8082,22.3651,22.2126,37.8,55,100
2026-03-12 22:31:05,37.68,22.256,37.5715,37.7881,22.3514,22.1607,37.8,55,100
2026-03-12 22:31:05,37.68,22.274,37.5715,37.7881,22.3636,22.1851,37.8,55,100
2026-03-12 22:31:06,37.64,22.258,37.5312,37.7478,22.3468,22.1683,37.8,55,100
2026-03-12 22:31:06,37.67,22.255,37.5514,37.7881,22.3362,22.1729,37.8,55,100
2026-03-12 22:31:06,37.69,22.239,37.6118,37.7679,22.3316,22.1469,37.8,55,100
2026-03-12 22:31:06,37.64,22.27,37.5514,37.7276,22.3484,22.1912,37.8,55,100
2026-03-12 22:31:07,37.65,22.259,37.6118,37.6873,22.356,22.1622,37.8,55,100
2026-03-12 22:31:07,37.68,22.274,37.5715,37.7881,22.3636,22.1851,37.8,55,100
2026-03-12 22:31:07,37.69,22.27,37.5715,37.8082,22.3514,22.1881,37.8,55,100
2026-03-12 22:31:07,37.68,22.268,37.6118,37.7478,22.356,22.1805,37.8,55,100
2026-03-12 22:31:08,37.72,22.291,37.6722,37.7679,22.3621,22.2202,37.8,55,100
2026-03-12 22:31:08,37.7,22.301,37.632,37.7679,22.3819,22.2202,37.8,55,100
2026-03-12 22:31:08,37.67,22.28,37.6118,37.7276,22.356,22.2034,37.8,55,100
2026-03-12 22:31:08,37.73,22.28,37.632,37.8283,22.3575,22.2019,37.8,55,100
2026-03-12 22:31:09,37.68,22.31,37.6521,37.7075,22.3835,22.237,37.8,55,100
2026-03-12 22:31:09,37.7,22.27,37.6521,37.7478,22.3224,22.2171,37.8,55,100
2026-03-12 22:31:09,37.67,22.267,37.6118,37.7276,22.3072,22.2278,37.8,55,100
2026-03-12 22:31:09,37.69,22.281,37.6521,37.7276,22.3224,22.24,37.8,55,100
2026-03-12 22:31:10,37.74,22.287,37.6722,37.8082,22.3499,22.2248,37.8,55,100
2026-03-12 22:31:10,37.74,22.257,37.6722,37.8082,22.3011,22.2126,37.8,55,100
2026-03-12 22:31:10,37.72,22.291,37.632,37.8082,22.3087,22.2736,37.8,55,100
2026-03-12 22:31:11,37.64,22.282,37.632,37.6471,22.3331,22.2309,37.8,55,100
2026-03-12 22:31:11,37.72,22.321,37.6521,37.7881,22.3713,22.2705,37.8,55,100
2026-03-12 22:31:11,37.7,22.277,37.6118,37.7881,22.3194,22.2339,37.8,55,100
2026-03-12 22:31:11,37.73,22.322,37.5917,37.8686,22.3651,22.2797,37.8,55,100
2026-03-12 22:31:12,37.73,22.335,37.7125,37.7478,22.3911,22.2782,37.8,55,100
2026-03-12 22:31:12,37.7,22.271,37.632,37.7679,22.2721,22.269,37.8,55,100
2026-03-12 22:31:12,37.69,22.3,37.5917,37.7881,22.3163,22.2827,37.8,55,100
2026-03-12 22:31:12,37.71,22.271,37.632,37.7881,22.2965,22.2461,37.8,55,100
2026-03-12 22:31:13,37.72,22.296,37.6924,37.7478,22.3026,22.2904,37.8,55,100
2026-03-12 22:31:13,37.72,22.309,37.7125,37.7276,22.3301,22.2889,37.8,55,100
2026-03-12 22:31:13,37.69,22.233,37.6118,37.7679,22.2583,22.208,37.8,55,100
2026-03-12 22:31:13,37.72,22.223,37.6521,37.7881,22.2248,22.2217,37.8,55,100
2026-03-12 22:31:14,37.72,22.23,37.6722,37.7679,22.2278,22.2324,37.8,55,100
2026-03-12 22:31:14,37.71,22.235,37.6118,37.8082,22.2095,22.2614,37.8,55,100
2026-03-12 22:31:14,37.7,22.276,37.6521,37.7478,22.2492,22.3026,37.8,55,100
2026-03-12 22:31:14,37.77,22.253,37.6924,37.8485,22.2538,22.2522,37.8,55,100
2026-03-12 22:31:15,37.75,22.276,37.6924,37.8082,22.2782,22.2736,37.8,55,100
2026-03-12 22:31:15,37.73,22.267,37.6722,37.7881,22.2889,22.2461,37.8,55,100
2026-03-12 22:31:15,37.75,22.251,37.7528,37.7478,22.2614,22.2416,37.8,55,100
2026-03-12 22:31:16,37.75,22.239,37.6924,37.8082,22.2538,22.2248,37.8,55,100
2026-03-12 22:31:16,37.72,22.248,37.6924,37.7478,22.2416,22.2538,37.8,55,100
2026-03-12 22:31:16,37.72,22.261,37.7528,37.6873,22.2736,22.2477,37.8,55,100
2026-03-12 22:31:16,37.821,22.24,37.7931,37.8485,22.24,22.24,37.8,55,89.46207148487358
2026-03-12 22:31:17,37.811,22.233,37.7931,37.8283,22.2278,22.2385,37.8,55,96.880991763799
2026-03-12 22:31:17,37.841,22.231,37.8737,37.8082,22.2248,22.237,37.8,55,86.3395058618581
2026-03-12 22:31:17,37.821,22.222,37.8334,37.8082,22.1958,22.2492,37.8,55,93.3508489724537
2026-03-12 22:31:17,37.78,22.242,37.7931,37.7679,22.2278,22.2568,37.8,55,100
2026-03-12 22:31:18,37.76,22.197,37.7729,37.7478,22.1897,22.2049,37.8,55,100
2026-03-12 22:31:18,37.791,22.232,37.7729,37.8082,22.2263,22.237,37.8,55,100
2026-03-12 22:31:18,37.811,22.233,37.7931,37.8283,22.2156,22.2507,37.8,55,95.42300554022809
2026-03-12 22:31:18,37.77,22.211,37.7528,37.7881,22.1759,22.2461,37.8,55,100
2026-03-12 22:31:19,37.841,22.2,37.8132,37.8686,22.182,22.2187,37.8,55,85.0496137519354
2026-03-12 22:31:19,37.831,22.229,37.8737,37.7881,22.1759,22.2827,37.8,55,90.65331815118031
2026-03-12 22:31:19,37.801,22.202,37.8132,37.7881,22.1576,22.2461,37.8,55,99.34359953141083
2026-03-12 22:31:19,37.821,22.21,37.8132,37.8283,22.1698,22.2507,37.8,55,91.39257021346842
2026-03-12 22:31:20,37.841,22.2,37.8737,37.8082,22.1637,22.237,37.8,55,85.27609538315333
2026-03-12 22:31:20,37.841,22.213,37.8132,37.8686,22.1576,22.2675,37.8,55,85.27233866952393
2026-03-12 22:31:20,37.841,22.194,37.8535,37.8283,22.1256,22.2629,37.8,55,84.35598863631452
2026-03-12 22:31:21,37.831,22.187,37.8334,37.8283,22.1225,22.2507,37.8,55,86.71960434517966
2026-03-12 22:31:21,37.841,22.17,37.8737,37.8082,22.1149,22.2248,37.8,55,82.29048442672108
2026-03-12 22:31:21,37.821,22.168,37.8737,37.7679,22.0783,22.2568,37.8,55,88.39028925819017
2026-03-12 22:31:21,37.891,22.187,37.9341,37.8485,22.0981,22.2766,37.8,55,64.04918398935472
2026-03-12 22:31:22,37.871,22.197,37.8737,37.8686,22.1149,22.2797,37.8,55,71.76950153768625
2026-03-12 22:31:22,37.952,22.194,37.9341,37.9693,22.1225,22.266,37.8,55,42.70302270772182
2026-03-12 22:31:22,37.921,22.118,37.9341,37.9089,22.0371,22.1988,37.8,55,53.16669967470322
2026-03-12 22:31:22,37.881,22.119,37.9341,37.8283,22.0493,22.1897,37.8,55,62.16407661831291
2026-03-12 22:31:23,37.942,22.126,38.0146,37.8686,22.0447,22.2065,37.8,55,38.52207118073321
2026-03-12 22:31:23,37.891,22.114,37.9341,37.8485,22.0249,22.2034,37.8,55,54.84866312326083
2026-03-12 22:31:23,37.881,22.149,37.9139,37.8485,22.0829,22.2156,37.8,55,53.76889369221187
2026-03-12 22:31:23,37.891,22.157,37.9542,37.8283,22.063,22.2507,37.8,55,48.22131549008206
2026-03-12 22:31:24,37.881,22.132,37.9341,37.8283,22.0493,22.2141,37.8,55,49.91948159035635
2026-03-12 22:31:24,37.932,22.118,38.0146,37.8485,22.0447,22.1912,37.8,55,30.925597478538613
2026-03-12 22:31:24,37.881,22.107,37.9341,37.8283,22.0005,22.2141,37.8,55,47.02574233718836
2026-03-12 22:31:24,37.901,22.024,37.9341,37.8686,21.854,22.1942,37.8,55,36.328591186831595
2026-03-12 22:31:25,37.942,22.071,38.0146,37.8686,21.9348,22.2065,37.8,55,21.53519247588828
2026-03-12 22:31:25,37.921,22.032,37.9945,37.8485,21.8967,22.1668,37.8,55,27.11746841871046
2026-03-12 22:31:25,37.952,22.053,38.0146,37.8888,21.9226,22.1836,37.8,55,13.287150055873472
2026-03-12 22:31:26,37.962,22.073,38.0146,37.9089,21.9226,22.2232,37.8,55,8.022733579429344
2026-03-12 22:31:26,37.972,22.087,38.0348,37.9089,21.9379,22.2354,37.8,55,1.576481740679857
2026-03-12 22:31:26,37.942,22.052,37.9744,37.9089,21.9303,22.1744,37.8,55,8.025552740330333
2026-03-12 22:31:26,37.932,22.063,38.0146,37.8485,21.9471,22.179,37.8,55,6.761492918359886
2026-03-12 22:31:27,37.992,22.094,38.0549,37.929,21.9516,22.237,37.8,55,0
2026-03-12 22:31:27,37.982,22.112,38.0549,37.9089,21.9638,22.2599,37.8,55,0
2026-03-12 22:31:27,37.952,22.078,38.0146,37.8888,21.9471,22.208,37.8,55,0
2026-03-12 22:31:27,37.952,22.115,37.9542,37.9492,21.9654,22.2644,37.8,55,0
2026-03-12 22:31:28,37.972,22.086,38.0549,37.8888,21.9272,22.2446,37.8,55,0
2026-03-12 22:31:28,38.022,22.123,38.0952,37.9492,21.944,22.3011,37.8,55,0
2026-03-12 22:31:28,38.012,22.072,38.0549,37.9693,21.915,22.2293,37.8,55,0
2026-03-12 22:31:28,38.012,22.084,38.0952,37.929,21.9196,22.2492,37.8,55,0
2026-03-12 22:31:29,38.002,22.053,38.0751,37.929,21.8814,22.2248,37.8,55,0
2026-03-12 22:31:29,37.982,22.02,38.0348,37.929,21.8647,22.1759,37.8,55,0
2026-03-12 22:31:29,38.002,22.028,38.1154,37.8888,21.8479,22.208,37.8,55,0
2026-03-12 22:31:29,37.992,22.009,38.0549,37.929,21.8662,22.1515,37.8,55,0
2026-03-12 22:31:30,38.032,22.026,38.1154,37.9492,21.8967,22.1546,37.8,55,0
2026-03-12 22:31:30,38.052,22.022,38.1758,37.929,21.8677,22.1759,37.8,55,0
2026-03-12 22:31:30,38.052,22.004,38.1355,37.9693,21.8753,22.1317,37.8,55,0
2026-03-12 22:31:31,38.042,21.966,38.0952,37.9895,21.8463,22.0859,37.8,55,0
2026-03-12 22:31:31,38.032,21.971,38.1154,37.9492,21.8357,22.1057,37.8,55,0
2026-03-12 22:31:31,38.062,21.981,38.1355,37.9895,21.8265,22.1347,37.8,55,0
2026-03-12 22:31:31,38.062,22.023,38.1154,38.0096,21.8601,22.1851,37.8,55,0
2026-03-12 22:31:32,38.073,21.975,38.1959,37.9492,21.8448,22.1057,37.8,55,0
2026-03-12 22:31:32,38.083,21.946,38.2161,37.9492,21.8235,22.0691,37.8,55,0
2026-03-12 22:31:32,38.002,21.962,38.1355,37.8686,21.8143,22.1088,37.8,55,0
2026-03-12 22:31:32,38.073,21.951,38.1556,37.9895,21.828,22.0737,37.8,55,0
2026-03-12 22:31:33,38.093,21.947,38.1758,38.0096,21.7945,22.0996,37.8,55,0
2026-03-12 22:31:33,38.062,21.943,38.1556,37.9693,21.8158,22.0706,37.8,55,0
2026-03-12 22:31:33,38.123,21.926,38.2161,38.0298,21.7868,22.0645,37.8,55,0
2026-03-12 22:31:33,38.103,21.954,38.1959,38.0096,21.7838,22.1241,37.8,55,0
2026-03-12 22:31:34,38.032,21.928,38.1556,37.9089,21.767,22.089,37.8,55,0
2026-03-12 22:31:34,38.093,21.953,38.2564,37.929,21.8158,22.0905,37.8,55,0
2026-03-12 22:31:34,38.113,21.912,38.1959,38.0298,21.7472,22.0768,37.8,55,0
2026-03-12 22:31:34,38.103,21.936,38.1959,38.0096,21.7838,22.0874,37.8,55,0
2026-03-12 22:31:35,38.073,21.914,38.1959,37.9492,21.7716,22.0569,37.8,55,0
2026-03-12 22:31:35,38.083,21.916,38.1758,37.9895,21.77,22.0615,37.8,55,0
2026-03-12 22:31:35,38.113,21.955,38.1959,38.0298,21.8082,22.1012,37.8,55,0
2026-03-12 22:31:36,38.123,21.975,38.1758,38.07,21.7823,22.1668,37.8,55,0
2026-03-12 22:31:36,38.153,21.923,38.1959,38.1103,21.7472,22.0981,37.8,55,0
2026-03-12 22:31:36,38.143,21.91,38.2362,38.0499,21.7029,22.1164,37.8,55,0
2026-03-12 22:31:36,38.123,21.871,38.1758,38.07,21.6846,22.0569,37.8,55,0
2026-03-12 22:31:37,38.123,21.877,38.2161,38.0298,21.7136,22.0401,37.8,55,0
2026-03-12 22:31:37,38.173,21.901,38.2765,38.07,21.7319,22.0691,37.8,55,0
2026-03-12 22:31:37,38.163,21.9,38.2564,38.07,21.7548,22.0447,37.8,55,0
2026-03-12 22:31:37,38.173,21.932,38.2564,38.0902,21.7792,22.0844,37.8,55,0
2026-03-12 22:31:38,38.093,21.959,38.1959,37.9895,21.7594,22.1592,37.8,55,0
2026-03-12 22:31:38,38.123,21.938,38.1959,38.0499,21.7227,22.153,37.8,55,0
2026-03-12 22:31:38,38.123,21.938,38.2161,38.0298,21.7502,22.1256,37.8,55,0
2026-03-12 22:31:38,38.123,21.901,38.2161,38.0298,21.738,22.0645,37.8,55,0
2026-03-12 22:31:39,38.133,21.92,38.2362,38.0298,21.7395,22.1012,37.8,55,0
2026-03-12 22:31:39,38.153,21.923,38.2362,38.07,21.7273,22.118,37.8,55,0
2026-03-12 22:31:39,38.133,21.927,38.2161,38.0499,21.7502,22.1042,37.8,55,0
2026-03-12 22:31:39,38.093,21.91,38.1556,38.0298,21.7182,22.1012,37.8,55,0
2026-03-12 22:31:40,38.133,21.915,38.2161,38.0499,21.7624,22.0676,37.8,55,0
2026-03-12 22:31:40,38.153,21.898,38.2362,38.07,21.7029,22.0935,37.8,55,0
2026-03-12 22:31:40,38.193,21.915,38.3168,38.07,21.7609,22.0691,37.8,55,0
2026-03-12 22:31:41,38.153,21.947,38.2362,38.07,21.7517,22.1424,37.8,55,0
2026-03-12 22:31:41,38.153,21.942,38.2564,38.0499,21.767,22.1164,37.8,55,0
2026-03-12 22:31:41,38.143,21.922,38.2362,38.0499,21.7884,22.0554,37.8,55,0
2026-03-12 22:31:41,38.153,21.917,38.2161,38.0902,21.7258,22.1088,37.8,55,0
2026-03-12 22:31:42,38.133,21.884,38.2362,38.0298,21.7639,22.0035,37.8,55,0
2026-03-12 22:31:42,38.153,21.911,38.2161,38.0902,21.7502,22.0722,37.8,55,0
2026-03-12 22:31:42,38.183,21.926,38.2765,38.0902,21.7685,22.0844,37.8,55,0
2026-03-12 22:31:42,38.143,21.885,38.2362,38.0499,21.7273,22.0432,37.8,55,0
2026-03-12 22:31:43,38.103,21.887,38.1758,38.0298,21.709,22.0645,37.8,55,0
2026-03-12 22:31:43,38.153,21.905,38.2564,38.0499,21.7426,22.0676,37.8,55,0
2026-03-12 22:31:43,38.153,21.892,38.2966,38.0096,21.7456,22.0386,37.8,55,0
2026-03-12 22:31:43,38.183,21.908,38.2765,38.0902,21.7441,22.0722,37.8,55,0
2026-03-12 22:31:44,38.133,21.897,38.2765,37.9895,21.7563,22.0371,37.8,55,0
2026-03-12 22:31:44,38.163,21.888,38.2564,38.07,21.7304,22.0447,37.8,55,0
2026-03-12 22:31:44,38.193,21.927,38.2765,38.1103,21.7929,22.0615,37.8,55,0
2026-03-12 22:31:44,38.103,21.887,38.1959,38.0096,21.735,22.0386,37.8,55,0
2026-03-12 22:31:45,38.153,21.93,38.1758,38.1305,21.77,22.089,37.8,55,0
2026-03-12 22:31:45,38.153,21.881,38.2161,38.0902,21.738,22.0233,37.8,55,0
2026-03-12 22:31:45,38.193,21.897,38.2765,38.1103,21.7441,22.0493,37.8,55,0
2026-03-12 22:31:46,38.163,21.894,38.2161,38.1103,21.7502,22.0371,37.8,55,0
2026-03-12 22:31:46,38.183,21.89,38.2564,38.1103,21.7304,22.0493,37.8,55,0
2026-03-12 22:31:46,38.163,21.839,38.2564,38.07,21.6327,22.0447,37.8,55,0
2026-03-12 22:31:46,38.133,21.835,38.2362,38.0298,21.6785,21.9913,37.8,55,0
2026-03-12 22:31:47,38.153,21.856,38.2161,38.0902,21.677,22.0356,37.8,55,0
2026-03-12 22:31:47,38.123,21.883,38.1959,38.0499,21.7472,22.0188,37.8,55,0
2026-03-12 22:31:47,38.163,21.863,38.2564,38.07,21.7182,22.0081,37.8,55,0
2026-03-12 22:31:47,38.113,21.845,38.1959,38.0298,21.6861,22.0035,37.8,55,0
2026-03-12 22:31:48,38.183,21.872,38.2765,38.0902,21.7197,22.0233,37.8,55,0
2026-03-12 22:31:48,38.173,21.889,38.2564,38.0902,21.7426,22.0356,37.8,55,0
2026-03-12 22:31:48,38.163,21.888,38.2362,38.0902,21.7639,22.0111,37.8,55,0
2026-03-12 22:31:48,38.113,21.9,38.1959,38.0298,21.7716,22.0279,37.8,55,0
2026-03-12 22:31:49,38.143,21.928,38.2161,38.07,21.7746,22.0813,37.8,55,0
2026-03-12 22:31:49,38.113,21.881,38.1556,38.07,21.7548,22.0081,37.8,55,0
2026-03-12 22:31:49,38.183,21.884,38.2564,38.1103,21.7548,22.0127,37.8,55,0
2026-03-12 22:31:49,38.193,21.933,38.2765,38.1103,21.8051,22.0615,37.8,55,0
2026-03-12 22:31:50,38.133,21.909,38.2161,38.0499,21.7258,22.092,37.8,55,0
2026-03-12 22:31:50,38.163,21.906,38.2161,38.1103,21.7258,22.0859,37.8,55,0
2026-03-12 22:31:50,38.163,21.912,38.2362,38.0902,21.7884,22.0356,37.8,55,0
2026-03-12 22:31:51,38.163,21.949,38.2362,38.0902,21.8006,22.0966,37.8,55,0
2026-03-12 22:31:51,38.143,21.971,38.2362,38.0499,21.8494,22.092,37.8,55,0
2026-03-12 22:31:51,38.173,21.962,38.2362,38.1103,21.825,22.0981,37.8,55,0
2026-03-12 22:31:51,38.153,21.966,38.2161,38.0902,21.8235,22.1088,37.8,55,0
2026-03-12 22:31:52,38.163,21.936,38.1959,38.1305,21.8082,22.0645,37.8,55,0
2026-03-12 22:31:52,38.163,21.961,38.2765,38.0499,21.854,22.0676,37.8,55,0
2026-03-12 22:31:52,38.143,21.952,38.2362,38.0499,21.8372,22.0676,37.8,55,0
2026-03-12 22:31:52,38.173,21.968,38.2161,38.1305,21.8235,22.1134,37.8,55,0
2026-03-12 22:31:53,38.173,21.95,38.2161,38.1305,21.8112,22.089,37.8,55,0
2026-03-12 22:31:53,38.133,21.951,38.1959,38.07,21.8448,22.0569,37.8,55,0
2026-03-12 22:31:53,38.113,22.004,38.1758,38.0499,21.8799,22.1286,37.8,55,0
2026-03-12 22:31:53,38.173,22.004,38.1959,38.1506,21.8692,22.1393,37.8,55,0
2026-03-12 22:31:54,38.153,21.965,38.2362,38.07,21.8494,22.0813,37.8,55,0
2026-03-12 22:31:54,38.143,21.928,38.2161,38.07,21.7868,22.0691,37.8,55,0
2026-03-12 22:31:54,38.183,21.92,38.2966,38.07,21.8189,22.0203,37.8,55,0
2026-03-12 22:31:54,38.133,21.939,38.1758,38.0902,21.7945,22.0844,37.8,55,0
2026-03-12 22:31:55,38.103,21.954,38.1355,38.07,21.8265,22.0813,37.8,55,0
2026-03-12 22:31:55,38.133,21.951,38.1959,38.07,21.8082,22.0935,37.8,55,0
2026-03-12 22:31:55,38.103,21.966,38.1758,38.0298,21.7945,22.1378,37.8,55,0
2026-03-12 22:31:56,38.143,21.922,38.1959,38.0902,21.7838,22.06,37.8,55,0
2026-03-12 22:31:56,38.143,21.928,38.2362,38.0499,21.8372,22.0188,37.8,55,0
2026-03-12 22:31:56,38.173,21.932,38.2161,38.1305,21.799,22.0645,37.8,55,0
2026-03-12 22:31:56,38.133,21.946,38.1758,38.0902,21.8433,22.0478,37.8,55,0
2026-03-12 22:31:57,38.113,21.93,38.1556,38.07,21.828,22.0325,37.8,55,0
2026-03-12 22:31:57,38.173,21.949,38.1959,38.1506,21.8692,22.0294,37.8,55,0
2026-03-12 22:31:57,38.143,21.977,38.1959,38.0902,21.8448,22.1088,37.8,55,0
2026-03-12 22:31:57,38.123,21.975,38.1556,38.0902,21.8769,22.0722,37.8,55,0
2026-03-12 22:31:58,38.163,21.973,38.2161,38.1103,21.8845,22.0615,37.8,55,0
2026-03-12 22:31:58,38.203,21.959,38.2564,38.1506,21.8524,22.0661,37.8,55,0
2026-03-12 22:31:58,38.093,21.971,38.1758,38.0096,21.8677,22.0752,37.8,55,0
2026-03-12 22:31:58,38.153,21.966,38.1758,38.1305,21.8555,22.0768,37.8,55,0
2026-03-12 22:31:59,38.123,21.968,38.1355,38.1103,21.8509,22.0859,37.8,55,0
2026-03-12 22:31:59,38.073,21.945,38.0751,38.07,21.8448,22.0447,37.8,55,0
2026-03-12 22:31:59,38.103,21.978,38.1758,38.0298,21.9043,22.0523,37.8,55,0
2026-03-12 22:31:59,38.173,22.011,38.2564,38.0902,21.8769,22.1454,37.8,55,0
2026-03-12 22:32:00,38.143,21.971,38.1355,38.1506,21.8875,22.0539,37.8,55,0
2026-03-12 22:32:00,38.113,21.979,38.1959,38.0298,21.8936,22.0645,37.8,55,0
2026-03-12 22:32:00,38.093,21.971,38.1556,38.0298,21.8891,22.0523,37.8,55,0
2026-03-12 22:32:01,38.103,22.003,38.1355,38.07,21.8997,22.1057,37.8,55,0
2026-03-12 22:32:01,38.123,22.011,38.1959,38.0499,21.9181,22.1042,37.8,55,0
2026-03-12 22:32:01,38.153,21.984,38.1758,38.1305,21.8799,22.089,37.8,55,0
2026-03-12 22:32:01,38.113,21.974,38.1758,38.0499,21.9043,22.0432,37.8,55,0
2026-03-12 22:32:02,38.163,21.979,38.1959,38.1305,21.8936,22.0645,37.8,55,0
2026-03-12 22:32:02,38.083,21.982,38.0952,38.07,21.9074,22.0569,37.8,55,0
2026-03-12 22:32:02,38.143,22.001,38.1758,38.1103,21.9043,22.0981,37.8,55,0
2026-03-12 22:32:02,38.083,22.031,38.1355,38.0298,21.9608,22.1012,37.8,55,0
2026-03-12 22:32:03,38.062,21.986,38.1154,38.0096,21.8845,22.0874,37.8,55,0
2026-03-12 22:32:03,38.093,21.965,38.1154,38.07,21.8845,22.0447,37.8,55,0
2026-03-12 22:32:03,38.103,21.984,38.1556,38.0499,21.9013,22.0676,37.8,55,0
2026-03-12 22:32:03,38.143,22.007,38.1758,38.1103,21.9165,22.0981,37.8,55,0
2026-03-12 22:32:04,38.093,21.971,38.1154,38.07,21.8723,22.0691,37.8,55,0
2026-03-12 22:32:04,38.123,21.999,38.1758,38.07,21.9043,22.0935,37.8,55,0
2026-03-12 22:32:04,38.083,22.013,38.0952,38.07,21.9196,22.1057,37.8,55,0
2026-03-12 22:32:04,38.113,22.004,38.1154,38.1103,21.9211,22.0859,37.8,55,0
2026-03-12 22:32:05,38.062,22.035,38.0952,38.0298,21.944,22.1256,37.8,55,0
2026-03-12 22:32:05,38.083,22.074,38.0952,38.07,21.9562,22.1912,37.8,55,0
2026-03-12 22:32:05,38.073,22.024,38.0751,38.07,21.9425,22.1057,37.8,55,0
2026-03-12 22:32:06,38.052,22.028,38.1154,37.9895,21.9699,22.0859,37.8,55,0
2026-03-12 22:32:06,38.093,22.05,38.1154,38.07,21.9577,22.1424,37.8,55,0
2026-03-12 22:32:06,38.093,22.057,38.1355,38.0499,21.9974,22.1164,37.8,55,0
2026-03-12 22:32:06,38.103,22.058,38.1154,38.0902,21.9944,22.121,37.8,55,0
2026-03-12 22:32:07,38.083,22.08,38.0952,38.07,21.9928,22.1668,37.8,55,0
2026-03-12 22:32:07,38.073,22.072,38.1154,38.0298,21.9821,22.1622,37.8,55,0
2026-03-12 22:32:07,38.113,22.059,38.1758,38.0499,22.002,22.1164,37.8,55,0
2026-03-12 22:32:07,38.042,22.063,38.0549,38.0298,21.9638,22.1622,37.8,55,0
2026-03-12 22:32:08,38.073,22.067,38.0952,38.0499,21.9684,22.1653,37.8,55,0
2026-03-12 22:32:08,38.052,22.022,38.0952,38.0096,21.9684,22.0752,37.8,55,0
2026-03-12 22:32:08,38.073,22.055,38.0952,38.0499,22.0172,22.092,37.8,55,0
2026-03-12 22:32:08,38.032,22.074,38.0549,38.0096,22.0249,22.1241,37.8,55,0
2026-03-12 22:32:09,38.083,22.099,38.0751,38.0902,22.0401,22.1576,37.8,55,0
2026-03-12 22:32:09,38.083,22.08,38.1355,38.0298,22.034,22.1256,37.8,55,0
2026-03-12 22:32:09,38.083,22.086,38.0952,38.07,22.0172,22.1546,37.8,55,0
2026-03-12 22:32:09,38.052,22.058,38.0751,38.0298,22.0157,22.1012,37.8,55,0
2026-03-12 22:32:10,38.022,22.092,38.0549,37.9895,22.0127,22.1714,37.8,55,0
2026-03-12 22:32:10,38.093,22.063,38.0952,38.0902,22.005,22.121,37.8,55,0
2026-03-12 22:32:10,38.073,22.085,38.0549,38.0902,22.0371,22.1332,37.8,55,0
2026-03-12 22:32:11,38.032,22.074,37.9945,38.07,22.031,22.118,37.8,55,0
2026-03-12 22:32:11,38.073,22.091,38.0751,38.07,22.0279,22.1546,37.8,55,0
2026-03-12 22:32:11,38.123,22.139,38.1758,38.07,22.0874,22.1912,37.8,55,0
2026-03-12 22:32:11,38.002,22.09,37.9945,38.0096,22.0432,22.1363,37.8,55,0
2026-03-12 22:32:12,38.042,22.13,38.0549,38.0298,22.0981,22.1622,37.8,55,0
2026-03-12 22:32:12,38.042,22.137,38.0348,38.0499,22.0966,22.1775,37.8,55,0
2026-03-12 22:32:12,38.062,22.109,38.0751,38.0499,22.0523,22.1653,37.8,55,0
2026-03-12 22:32:12,38.093,22.118,38.0952,38.0902,22.0539,22.182,37.8,55,0
2026-03-12 22:32:13,38.012,22.116,38.0348,37.9895,22.0356,22.1958,37.8,55,0
2026-03-12 22:32:13,38.032,22.105,38.0348,38.0298,22.0478,22.1622,37.8,55,0
2026-03-12 22:32:13,38.062,22.102,38.0549,38.07,22.0737,22.1302,37.8,55,0
2026-03-12 22:32:13,37.982,22.081,37.9945,37.9693,22.0676,22.0951,37.8,55,0
2026-03-12 22:32:14,38.012,22.127,37.9945,38.0298,22.1042,22.15,37.8,55,0
2026-03-12 22:32:14,37.972,22.129,37.9945,37.9492,22.1164,22.1424,37.8,55,0
2026-03-12 22:32:14,38.062,22.139,38.0348,38.0902,22.1088,22.1698,37.8,55,0
2026-03-12 22:32:14,38.062,22.127,38.0348,38.0902,22.0966,22.1576,37.8,55,0
2026-03-12 22:32:15,38.012,22.139,38.0146,38.0096,22.0569,22.2217,37.8,55,0
2026-03-12 22:32:15,38.062,22.139,38.1154,38.0096,22.1286,22.1485,37.8,55,0
2026-03-12 22:32:15,37.972,22.136,37.9341,38.0096,22.0981,22.1729,37.8,55,0
2026-03-12 22:32:16,37.962,22.183,37.8938,38.0298,22.1546,22.211,37.8,55,0
2026-03-12 22:32:16,38.022,22.165,38.0348,38.0096,22.1454,22.1851,37.8,55,0
2026-03-12 22:32:16,37.992,22.168,37.9744,38.0096,22.1256,22.2095,37.8,55,0
2026-03-12 22:32:16,38.073,22.195,38.0549,38.0902,22.1836,22.2065,37.8,55,0
2026-03-12 22:32:17,38.002,22.157,37.9945,38.0096,22.1164,22.1973,37.8,55,0
2026-03-12 22:32:17,38.022,22.153,38.0549,37.9895,22.1347,22.1714,37.8,55,0
2026-03-12 22:32:17,38.062,22.163,38.0549,38.07,22.1225,22.2034,37.8,55,0
2026-03-12 22:32:17,38.002,22.162,37.9744,38.0298,22.1622,22.1622,37.8,55,0
2026-03-12 22:32:18,37.992,22.186,38.0146,37.9693,22.1546,22.2171,37.8,55,0
2026-03-12 22:32:18,37.962,22.196,37.9341,37.9895,22.1836,22.208,37.8,55,0
2026-03-12 22:32:18,38.002,22.187,37.9542,38.0499,22.1607,22.2141,37.8,55,0
2026-03-12 22:32:18,38.032,22.203,38.0348,38.0298,22.182,22.2232,37.8,55,0
2026-03-12 22:32:19,37.972,22.19,37.9139,38.0298,22.1439,22.2354,37.8,55,0
2026-03-12 22:32:19,37.952,22.176,37.9139,37.9895,22.1561,22.1958,37.8,55,0
2026-03-12 22:32:19,38.012,22.195,38.0348,37.9895,22.182,22.208,37.8,55,0
2026-03-12 22:32:19,37.942,22.193,37.8535,38.0298,22.15,22.2354,37.8,55,0
2026-03-12 22:32:20,37.992,22.216,37.9542,38.0298,22.1973,22.2354,37.8,55,0
2026-03-12 22:32:20,37.942,22.248,37.8938,37.9895,22.2278,22.269,37.8,55,0
2026-03-12 22:32:20,37.962,22.262,37.9139,38.0096,22.2416,22.2827,37.8,55,0
2026-03-12 22:32:21,37.952,22.274,37.9341,37.9693,22.2324,22.3148,37.8,55,0
2026-03-12 22:32:21,38.012,22.255,37.9542,38.07,22.2339,22.2766,37.8,55,0
2026-03-12 22:32:21,37.962,22.274,37.9139,38.0096,22.2171,22.3316,37.8,55,0
2026-03-12 22:32:21,37.992,22.241,37.9744,38.0096,22.211,22.2705,37.8,55,0
2026-03-12 22:32:22,37.982,22.24,37.9542,38.0096,22.2095,22.2705,37.8,55,0
2026-03-12 22:32:22,37.952,22.243,37.9139,37.9895,22.2171,22.269,37.8,55,0
2026-03-12 22:32:22,37.911,22.251,37.9139,37.9089,22.2416,22.2599,37.8,55,0
2026-03-12 22:32:22,37.942,22.235,37.9542,37.929,22.2339,22.237,37.8,55,0
2026-03-12 22:32:23,37.952,22.249,37.9542,37.9492,22.2583,22.24,37.8,55,0
2026-03-12 22:32:23,37.932,22.222,37.8737,37.9895,22.2248,22.2202,37.8,55,0
2026-03-12 22:32:23,37.932,22.247,37.9341,37.929,22.2446,22.2492,37.8,55,0
2026-03-12 22:32:23,37.942,22.235,37.9139,37.9693,22.2171,22.2538,37.8,55,0
2026-03-12 22:32:24,37.851,22.238,37.8535,37.8485,22.2721,22.2034,37.8,55,0
2026-03-12 22:32:24,37.972,22.269,37.9744,37.9693,22.2599,22.2782,37.8,55,0
2026-03-12 22:32:24,37.942,22.236,37.8938,37.9895,22.24,22.2324,37.8,55,0
2026-03-12 22:32:24,37.932,22.259,37.8938,37.9693,22.2644,22.2538,37.8,55,0
2026-03-12 22:32:25,37.992,22.284,37.9139,38.07,22.2782,22.2889,37.8,55,0
2026-03-12 22:32:25,37.901,22.267,37.8334,37.9693,22.2934,22.2416,37.8,55,0
2026-03-12 22:32:25,37.962,22.269,37.9341,37.9895,22.2812,22.2568,37.8,55,0
2026-03-12 22:32:26,37.932,22.277,37.8938,37.9693,22.2889,22.266,37.8,55,0
2026-03-12 22:32:26,37.932,22.308,37.8535,38.0096,22.3209,22.295,37.8,55,0
2026-03-12 22:32:26,37.921,22.288,37.8334,38.0096,22.3056,22.2705,37.8,55,0
2026-03-12 22:32:26,37.851,22.268,37.8132,37.8888,22.2553,22.2812,37.8,55,0
2026-03-12 22:32:27,37.901,22.267,37.9139,37.8888,22.2782,22.2568,37.8,55,0
2026-03-12 22:32:27,37.942,22.321,37.9139,37.9693,22.327,22.3148,37.8,55,0
2026-03-12 22:32:27,37.901,22.261,37.8334,37.9693,22.2812,22.2416,37.8,55,0
2026-03-12 22:32:27,37.911,22.287,37.8737,37.9492,22.3224,22.2522,37.8,55,0
2026-03-12 22:32:28,37.891,22.309,37.8737,37.9089,22.3346,22.2843,37.8,55,0
2026-03-12 22:32:28,37.901,22.323,37.8535,37.9492,22.3209,22.3255,37.8,55,0
2026-03-12 22:32:28,37.841,22.352,37.7931,37.8888,22.3621,22.3423,37.8,55,0
2026-03-12 22:32:28,37.952,22.334,37.8737,38.0298,22.3713,22.2965,37.8,55,0
2026-03-12 22:32:29,37.911,22.354,37.8535,37.9693,22.3697,22.3392,37.8,55,0
2026-03-12 22:32:29,37.871,22.338,37.8132,37.929,22.3896,22.2858,37.8,55,0
2026-03-12 22:32:29,37.911,22.342,37.8737,37.9492,22.3713,22.3133,37.8,55,0
2026-03-12 22:32:29,37.911,22.373,37.8535,37.9693,22.3575,22.388,37.8,55,0
2026-03-12 22:32:30,37.861,22.324,37.8334,37.8888,22.3545,22.2934,37.8,55,0
2026-03-12 22:32:30,37.811,22.343,37.7931,37.8283,22.3499,22.3362,37.8,55,0
2026-03-12 22:32:30,37.871,22.356,37.8334,37.9089,22.3667,22.3453,37.8,55,0
2026-03-12 22:32:31,37.871,22.393,37.8132,37.929,22.414,22.3713,37.8,55,0
2026-03-12 22:32:31,37.841,22.396,37.7528,37.929,22.3957,22.3957,37.8,55,0
2026-03-12 22:32:31,37.821,22.38,37.7931,37.8485,22.3865,22.3743,37.8,55,0
2026-03-12 22:32:31,37.861,22.386,37.8132,37.9089,22.4262,22.3453,37.8,55,0
2026-03-12 22:32:32,37.861,22.422,37.7931,37.929,22.4598,22.3835,37.8,55,0
2026-03-12 22:32:32,37.841,22.377,37.7931,37.8888,22.3865,22.3667,37.8,55,0
2026-03-12 22:32:32,37.881,22.387,37.7931,37.9693,22.3987,22.3758,37.8,55,0
2026-03-12 22:32:32,37.881,22.4,37.8535,37.9089,22.4308,22.3697,37.8,55,0
2026-03-12 22:32:33,37.871,22.405,37.7931,37.9492,22.4231,22.3865,37.8,55,0
2026-03-12 22:32:33,37.831,22.406,37.7729,37.8888,22.4094,22.4033,37.8,55,0
2026-03-12 22:32:33,37.811,22.374,37.7125,37.9089,22.4155,22.3331,37.8,55,0
2026-03-12 22:32:33,37.851,22.409,37.7729,37.929,22.446,22.3713,37.8,55,0
2026-03-12 22:32:34,37.821,22.418,37.6722,37.9693,22.4475,22.388,37.8,55,0
2026-03-12 22:32:34,37.811,22.386,37.7327,37.8888,22.3804,22.3911,37.8,55,0
2026-03-12 22:32:34,37.821,22.375,37.7327,37.9089,22.3804,22.3697,37.8,55,0
2026-03-12 22:32:34,37.831,22.401,37.7528,37.9089,22.4567,22.3453,37.8,55,0
2026-03-12 22:32:35,37.791,22.384,37.7528,37.8283,22.4079,22.3606,37.8,55,4.366110752557091
2026-03-12 22:32:35,37.821,22.381,37.7327,37.9089,22.3926,22.3697,37.8,55,0
2026-03-12 22:32:35,37.811,22.422,37.7327,37.8888,22.4414,22.4033,37.8,55,0
2026-03-12 22:32:36,37.831,22.412,37.7327,37.929,22.4659,22.359,37.8,55,0
2026-03-12 22:32:36,37.791,22.427,37.7528,37.8283,22.4567,22.3972,37.8,55,4.367349177196282
2026-03-12 22:32:36,37.801,22.458,37.7327,37.8686,22.4659,22.4506,37.8,55,0
2026-03-12 22:32:36,37.791,22.445,37.7125,37.8686,22.4765,22.414,37.8,55,3.1763705287397204
2026-03-12 22:32:37,37.801,22.47,37.7327,37.8686,22.5147,22.4262,37.8,55,0
2026-03-12 22:32:37,37.841,22.451,37.7327,37.9492,22.4659,22.4353,37.8,55,0
2026-03-12 22:32:37,37.78,22.444,37.7327,37.8283,22.4903,22.3972,37.8,55,8.431765309995148
2026-03-12 22:32:37,37.831,22.467,37.7729,37.8888,22.5315,22.4033,37.8,55,0
2026-03-12 22:32:38,37.78,22.462,37.7327,37.8283,22.4781,22.446,37.8,55,7.9752669667037255
2026-03-12 22:32:38,37.77,22.454,37.6924,37.8485,22.4979,22.4109,37.8,55,9.37365154547302
2026-03-12 22:32:38,37.841,22.499,37.7327,37.9492,22.5269,22.472,37.8,55,0
2026-03-12 22:32:38,37.801,22.458,37.7327,37.8686,22.4903,22.4262,37.8,55,1.7448968054930134
2026-03-12 22:32:39,37.831,22.48,37.7528,37.9089,22.5422,22.4186,37.8,55,0
2026-03-12 22:32:39,37.821,22.454,37.7327,37.9089,22.5025,22.4063,37.8,55,0
2026-03-12 22:32:39,37.76,22.454,37.6722,37.8485,22.5086,22.3987,37.8,55,14.07870671290587
2026-03-12 22:32:39,37.77,22.467,37.7125,37.8283,22.501,22.4338,37.8,55,8.907231885430202
2026-03-12 22:32:40,37.75,22.483,37.6924,37.8082,22.4979,22.4689,37.8,55,16.59400656713957
2026-03-12 22:32:40,37.77,22.486,37.7528,37.7881,22.5422,22.4292,37.8,55,10.238437031506422
2026-03-12 22:32:40,37.77,22.503,37.6924,37.8485,22.5345,22.472,37.8,55,11.822005112849878
2026-03-12 22:32:41,37.73,22.499,37.6722,37.7881,22.5574,22.4414,37.8,55,25.61192405493482
2026-03-12 22:32:41,37.73,22.481,37.6722,37.7881,22.5452,22.417,37.8,55,25.351935794351597
2026-03-12 22:32:41,37.74,22.5,37.632,37.8485,22.5528,22.4475,37.8,55,23.63884125388804
2026-03-12 22:32:41,37.7,22.52,37.5514,37.8485,22.5681,22.472,37.8,55,38.55528813785239
2026-03-12 22:32:42,37.7,22.521,37.632,37.7679,22.565,22.4765,37.8,55,38.97605237025051
2026-03-12 22:32:42,37.73,22.536,37.632,37.8283,22.6017,22.4704,37.8,55,31.3729976101788
2026-03-12 22:32:42,37.75,22.538,37.6722,37.8283,22.594,22.4826,37.8,55,27.74620747088047
2026-03-12 22:32:42,37.72,22.528,37.6521,37.7881,22.591,22.4659,37.8,55,39.61618975102365
2026-03-12 22:32:43,37.7,22.509,37.5715,37.8283,22.5589,22.4582,37.8,55,46.596096193586405
2026-03-12 22:32:43,37.69,22.508,37.5715,37.8082,22.5956,22.4201,37.8,55,51.201680681801896
2026-03-12 22:32:43,37.75,22.538,37.6924,37.8082,22.62,22.4567,37.8,55,33.5261520939619
2026-03-12 22:32:43,37.72,22.547,37.5917,37.8485,22.6337,22.4598,37.8,55,47.221148531321035
2026-03-12 22:32:44,37.72,22.535,37.6521,37.7881,22.591,22.4781,37.8,55,47.64254045685132
2026-03-12 22:32:44,37.73,22.554,37.6521,37.8082,22.591,22.5177,37.8,55,46.15147904312798
2026-03-12 22:32:44,37.7,22.527,37.632,37.7679,22.6017,22.4521,37.8,55,58.01212197661616
2026-03-12 22:32:44,37.73,22.506,37.6924,37.7679,22.5834,22.4277,37.8,55,49.04019220564308
2026-03-12 22:32:45,37.72,22.528,37.6521,37.7881,22.5788,22.4781,37.8,55,55.25357087691065
2026-03-12 22:32:45,37.72,22.535,37.6722,37.7679,22.5818,22.4887,37.8,55,56.58568893010203
2026-03-12 22:32:45,37.68,22.506,37.5715,37.7881,22.5834,22.4292,37.8,55,71.49373911416025
2026-03-12 22:32:46,37.74,22.556,37.6722,37.8082,22.6307,22.4811,37.8,55,52.673556208888996
2026-03-12 22:32:46,37.69,22.519,37.5514,37.8283,22.5925,22.446,37.8,55,73.15132180471407
2026-03-12 22:32:46,37.69,22.525,37.5917,37.7881,22.6093,22.4414,37.8,55,73.32956218050128
2026-03-12 22:32:46,37.67,22.536,37.5715,37.7679,22.6078,22.4643,37.8,55,82.34892515081121
2026-03-12 22:32:47,37.73,22.542,37.6118,37.8485,22.6368,22.4475,37.8,55,64.66495842975307
2026-03-12 22:32:47,37.74,22.574,37.6722,37.8082,22.6551,22.4933,37.8,55,65.68903962107485
2026-03-12 22:32:47,37.74,22.58,37.6521,37.8283,22.6398,22.5193,37.8,55,67.48631373994922
2026-03-12 22:32:47,37.71,22.558,37.5917,37.8283,22.6459,22.4704,37.8,55,78.66720291060372
2026-03-12 22:32:48,37.66,22.528,37.5514,37.7679,22.6169,22.4399,37.8,55,95.70968348307741
2026-03-12 22:32:48,37.7,22.551,37.6521,37.7478,22.6276,22.4735,37.8,55,83.44816634766697
2026-03-12 22:32:48,37.68,22.561,37.5917,37.7679,22.6459,22.4765,37.8,55,94.06403867457641
2026-03-12 22:32:48,37.66,22.553,37.5715,37.7478,22.62,22.4857,37.8,55,100
2026-03-12 22:32:49,37.67,22.567,37.5312,37.8082,22.6398,22.4933,37.8,55,100
2026-03-12 22:32:49,37.67,22.56,37.5715,37.7679,22.6322,22.4887,37.8,55,100
2026-03-12 22:32:49,37.7,22.545,37.5917,37.8082,22.6337,22.4567,37.8,55,97.76067330158429
2026-03-12 22:32:49,37.68,22.555,37.5715,37.7881,22.6566,22.4537,37.8,55,100
2026-03-12 22:32:50,37.72,22.571,37.5917,37.8485,22.6581,22.4842,37.8,55,96.57627999342458
2026-03-12 22:32:50,37.7,22.594,37.632,37.7679,22.6627,22.5254,37.8,55,100
2026-03-12 22:32:50,37.71,22.595,37.632,37.7881,22.6993,22.4903,37.8,55,100
2026-03-12 22:32:51,37.69,22.629,37.5917,37.7881,22.6947,22.5635,37.8,55,100
2026-03-12 22:32:51,37.67,22.602,37.5917,37.7478,22.707,22.4979,37.8,55,100
2026-03-12 22:32:51,37.7,22.582,37.5917,37.8082,22.6581,22.5055,37.8,55,100
2026-03-12 22:32:51,37.7,22.606,37.632,37.7679,22.6871,22.5254,37.8,55,100
2026-03-12 22:32:52,37.7,22.606,37.6118,37.7881,22.6734,22.5391,37.8,55,100
2026-03-12 22:32:52,37.7,22.649,37.6118,37.7881,22.71,22.5879,37.8,55,100
2026-03-12 22:32:52,37.69,22.63,37.6118,37.7679,22.7222,22.5376,37.8,55,100
2026-03-12 22:32:52,37.7,22.612,37.6118,37.7881,22.6978,22.5269,37.8,55,100
2026-03-12 22:32:53,37.69,22.599,37.6118,37.7679,22.6612,22.5376,37.8,55,100
2026-03-12 22:32:53,37.68,22.622,37.6118,37.7478,22.6856,22.5589,37.8,55,100
2026-03-12 22:32:53,37.66,22.602,37.5715,37.7478,22.6688,22.5345,37.8,55,100
2026-03-12 22:32:53,37.68,22.622,37.5917,37.7679,22.707,22.5376,37.8,55,100
2026-03-12 22:32:54,37.7,22.605,37.6521,37.7478,22.6886,22.5223,37.8,55,100
2026-03-12 22:32:54,37.69,22.593,37.5917,37.7881,22.6581,22.5269,37.8,55,100
2026-03-12 22:32:54,37.71,22.631,37.6521,37.7679,22.7008,22.562,37.8,55,100
2026-03-12 22:32:54,37.67,22.628,37.5715,37.7679,22.681,22.5742,37.8,55,100
2026-03-12 22:32:55,37.67,22.578,37.5917,37.7478,22.6459,22.5101,37.8,55,100
2026-03-12 22:32:55,37.68,22.61,37.632,37.7276,22.6871,22.533,37.8,55,100
2026-03-12 22:32:55,37.67,22.615,37.5514,37.7881,22.6902,22.5391,37.8,55,100
2026-03-12 22:32:56,37.73,22.597,37.6924,37.7679,22.6444,22.5498,37.8,55,100
2026-03-12 22:32:56,37.74,22.622,37.632,37.8485,22.6749,22.5696,37.8,55,100
2026-03-12 22:32:56,37.68,22.61,37.6118,37.7478,22.6856,22.5345,37.8,55,100
2026-03-12 22:32:56,37.7,22.648,37.6521,37.7478,22.7253,22.5711,37.8,55,100
2026-03-12 22:32:57,37.7,22.593,37.6521,37.7478,22.652,22.5345,37.8,55,100
2026-03-12 22:32:57,37.7,22.606,37.632,37.7679,22.6871,22.5254,37.8,55,100
2026-03-12 22:32:57,37.67,22.609,37.6118,37.7276,22.6612,22.5574,37.8,55,100
2026-03-12 22:32:57,37.69,22.599,37.5917,37.7881,22.6093,22.5879,37.8,55,100
2026-03-12 22:32:58,37.67,22.591,37.6118,37.7276,22.6123,22.5696,37.8,55,100
2026-03-12 22:32:58,37.72,22.621,37.6722,37.7679,22.6429,22.5986,37.8,55,100
2026-03-12 22:32:58,37.74,22.61,37.632,37.8485,22.6627,22.5574,37.8,55,100
2026-03-12 22:32:58,37.72,22.596,37.7327,37.7075,22.649,22.5422,37.8,55,100
2026-03-12 22:32:59,37.7,22.624,37.6521,37.7478,22.6764,22.5711,37.8,55,100
2026-03-12 22:32:59,37.68,22.561,37.632,37.7276,22.6139,22.5086,37.8,55,100
2026-03-12 22:32:59,37.73,22.56,37.6722,37.7881,22.5452,22.5757,37.8,55,100
2026-03-12 22:32:59,37.7,22.544,37.6521,37.7478,22.591,22.4979,37.8,55,100
2026-03-12 22:33:00,37.72,22.554,37.632,37.8082,22.5895,22.5177,37.8,55,100
2026-03-12 22:33:00,37.72,22.553,37.6521,37.7881,22.6032,22.5025,37.8,55,100
2026-03-12 22:33:00,37.69,22.599,37.6521,37.7276,22.6398,22.5574,37.8,55,100
2026-03-12 22:33:01,37.68,22.586,37.6118,37.7478,22.6246,22.5467,37.8,55,100
2026-03-12 22:33:01,37.72,22.578,37.6722,37.7679,22.533,22.623,37.8,55,100
2026-03-12 22:33:01,37.7,22.594,37.6722,37.7276,22.5818,22.6062,37.8,55,100
2026-03-12 22:33:01,37.76,22.612,37.6924,37.8283,22.5956,22.6291,37.8,55,100
2026-03-12 22:33:02,37.74,22.592,37.6521,37.8283,22.591,22.5925,37.8,55,100
2026-03-12 22:33:02,37.73,22.591,37.6924,37.7679,22.5956,22.5864,37.8,55,100
2026-03-12 22:33:02,37.73,22.536,37.632,37.8283,22.5162,22.5559,37.8,55,100
2026-03-12 22:33:02,37.74,22.531,37.6521,37.8283,22.5177,22.5437,37.8,55,100
2026-03-12 22:33:03,37.73,22.56,37.6924,37.7679,22.5834,22.5376,37.8,55,100
2026-03-12 22:33:03,37.76,22.534,37.7528,37.7679,22.5666,22.501,37.8,55,100
2026-03-12 22:33:03,37.77,22.547,37.7125,37.8283,22.562,22.5315,37.8,55,100
2026-03-12 22:33:03,37.78,22.554,37.7528,37.8082,22.591,22.5177,37.8,55,100
2026-03-12 22:33:04,37.76,22.589,37.7528,37.7679,22.5788,22.5986,37.8,55,100
2026-03-12 22:33:04,37.76,22.545,37.7327,37.7881,22.5757,22.5147,37.8,55,100
2026-03-12 22:33:04,37.74,22.561,37.6521,37.8283,22.5666,22.5559,37.8,55,100
2026-03-12 22:33:04,37.73,22.554,37.6722,37.7881,22.5452,22.5635,37.8,55,100
2026-03-12 22:33:05,37.811,22.606,37.8132,37.8082,22.5849,22.6276,37.8,55,93.20005071892304
2026-03-12 22:33:05,37.77,22.547,37.7729,37.7679,22.5681,22.5254,37.8,55,100
2026-03-12 22:33:05,37.811,22.521,37.8132,37.8082,22.5116,22.5299,37.8,55,95.02517729319263
2026-03-12 22:33:05,37.791,22.525,37.7528,37.8283,22.5055,22.5437,37.8,55,100
2026-03-12 22:33:06,37.801,22.55,37.7729,37.8283,22.5437,22.5559,37.8,55,99.21651481451778
2026-03-12 22:33:06,37.811,22.588,37.8132,37.8082,22.5727,22.6032,37.8,55,96.37071512834427
2026-03-12 22:33:06,37.801,22.525,37.7729,37.8283,22.5193,22.5315,37.8,55,99.86034278278483
2026-03-12 22:33:07,37.851,22.555,37.8334,37.8686,22.501,22.6093,37.8,55,82.98330077113062
2026-03-12 22:33:07,37.791,22.53,37.7931,37.7881,22.533,22.5269,37.8,55,100
2026-03-12 22:33:07,37.841,22.56,37.8535,37.8283,22.5284,22.5925,37.8,55,84.86888501710311
2026-03-12 22:33:07,37.77,22.547,37.7528,37.7881,22.5055,22.5879,37.8,55,100
2026-03-12 22:33:08,37.851,22.549,37.8535,37.8485,22.4918,22.6062,37.8,55,80.38301347489663
2026-03-12 22:33:08,37.821,22.534,37.8132,37.8283,22.475,22.5925,37.8,55,92.77412934565386
2026-03-12 22:33:08,37.801,22.483,37.8334,37.7679,22.4155,22.5498,37.8,55,97.49510398450045
2026-03-12 22:33:08,37.811,22.465,37.8334,37.7881,22.4033,22.5269,37.8,55,93.28223758155741
2026-03-12 22:33:09,37.821,22.448,37.8334,37.8082,22.3911,22.5055,37.8,55,90.21258503743812
2026-03-12 22:33:09,37.831,22.467,37.8334,37.8283,22.4033,22.5315,37.8,55,86.91882943308653
2026-03-12 22:33:09,37.871,22.454,37.8737,37.8686,22.4079,22.4994,37.8,55,73.56257113618744
2026-03-12 22:33:09,37.871,22.466,37.8334,37.9089,22.3911,22.5406,37.8,55,73.79939695205753
2026-03-12 22:33:10,37.861,22.477,37.8938,37.8283,22.4353,22.5193,37.8,55,75.49086149751612
2026-03-12 22:33:10,37.871,22.466,37.8737,37.8686,22.4079,22.5238,37.8,55,70.39156621382728
2026-03-12 22:33:10,37.831,22.406,37.8132,37.8485,22.3407,22.472,37.8,55,82.37967835968966
2026-03-12 22:33:10,37.871,22.417,37.8535,37.8888,22.3819,22.4521,37.8,55,66.74269562724928
2026-03-12 22:33:11,37.932,22.417,37.9744,37.8888,22.3941,22.4399,37.8,55,46.9722036490339
2026-03-12 22:33:11,37.911,22.416,37.8938,37.929,22.3499,22.4811,37.8,55,53.69113933905541
2026-03-12 22:33:11,37.921,22.441,37.9542,37.8888,22.3804,22.501,37.8,55,46.97189470358752
2026-03-12 22:33:12,37.921,22.435,37.9744,37.8686,22.3819,22.4872,37.8,55,44.72287001306117
2026-03-12 22:33:12,37.901,22.427,37.8938,37.9089,22.3621,22.4918,37.8,55,48.57537614510035
2026-03-12 22:33:12,37.871,22.423,37.8737,37.8686,22.359,22.4872,37.8,55,55.24469423185307
2026-03-12 22:33:12,37.932,22.418,37.9945,37.8686,22.3484,22.4872,37.8,55,32.281743510087466
2026-03-12 22:33:13,37.901,22.384,37.8938,37.9089,22.3011,22.4674,37.8,55,42.27785068975579
2026-03-12 22:33:13,37.891,22.401,37.9542,37.8283,22.3072,22.4949,37.8,55,41.88139581403815
2026-03-12 22:33:13,37.952,22.389,38.0146,37.8888,22.3133,22.4643,37.8,55,19.384688098482282
2026-03-12 22:33:13,37.901,22.39,37.9139,37.8888,22.3026,22.4765,37.8,55,35.49738632179971
2026-03-12 22:33:14,37.972,22.41,37.9945,37.9492,22.2995,22.5208,37.8,55,7.625751297790995
2026-03-12 22:33:14,37.942,22.412,38.0549,37.8283,22.3423,22.4826,37.8,55,16.86066195838018
2026-03-12 22:33:14,37.911,22.416,37.9341,37.8888,22.3056,22.5254,37.8,55,22.484888042632406
2026-03-12 22:33:14,37.901,22.36,37.8938,37.9089,22.2766,22.443,37.8,55,21.869066991660283
2026-03-12 22:33:15,37.972,22.397,38.0549,37.8888,22.3178,22.4765,37.8,55,0
2026-03-12 22:33:15,37.932,22.374,38.0146,37.8485,22.2522,22.4964,37.8,55,8.382997750495477
2026-03-12 22:33:15,37.962,22.354,38.0751,37.8485,22.2599,22.4475,37.8,55,0
2026-03-12 22:33:15,38.012,22.378,38.0348,37.9895,22.2675,22.4887,37.8,55,0
2026-03-12 22:33:16,37.962,22.335,38.0751,37.8485,22.211,22.4598,37.8,55,0
2026-03-12 22:33:16,37.992,22.376,38.0348,37.9492,22.2675,22.4842,37.8,55,0
2026-03-12 22:33:16,38.012,22.335,38.0952,37.929,22.2248,22.4445,37.8,55,0
2026-03-12 22:33:17,37.942,22.333,38.0146,37.8686,22.2156,22.4506,37.8,55,0
2026-03-12 22:33:17,38.042,22.301,38.1154,37.9693,22.153,22.4491,37.8,55,0
2026-03-12 22:33:17,38.073,22.354,38.1758,37.9693,22.2339,22.4735,37.8,55,0
2026-03-12 22:33:17,38.042,22.368,38.1154,37.9693,22.2507,22.4857,37.8,55,0
2026-03-12 22:33:18,38.012,22.322,38.0549,37.9693,22.1836,22.4613,37.8,55,0
2026-03-12 22:33:18,38.002,22.297,38.0952,37.9089,22.1637,22.4308,37.8,55,0
2026-03-12 22:33:18,37.992,22.271,38.0146,37.9693,22.118,22.4247,37.8,55,0
2026-03-12 22:33:18,38.012,22.268,38.0348,37.9895,22.121,22.4155,37.8,55,0
2026-03-12 22:33:19,38.062,22.261,38.1154,38.0096,22.1164,22.4048,37.8,55,0
2026-03-12 22:33:19,38.002,22.284,38.1154,37.8888,22.1286,22.4399,37.8,55,0
2026-03-12 22:33:19,38.062,22.255,38.1758,37.9492,22.1118,22.3987,37.8,55,0
2026-03-12 22:33:19,38.012,22.249,38.1355,37.8888,22.1073,22.3911,37.8,55,0
2026-03-12 22:33:20,38.073,22.244,38.1355,38.0096,22.0706,22.417,37.8,55,0
2026-03-12 22:33:20,38.052,22.235,38.1355,37.9693,22.0829,22.388,37.8,55,0
2026-03-12 22:33:20,38.062,22.206,38.1556,37.9693,21.9867,22.4247,37.8,55,0
2026-03-12 22:33:20,38.032,22.227,38.1556,37.9089,22.0722,22.3819,37.8,55,0
2026-03-12 22:33:21,38.032,22.209,38.1556,37.9089,22.0356,22.3819,37.8,55,0
2026-03-12 22:33:21,38.093,22.203,38.1758,38.0096,22.0508,22.356,37.8,55,0
2026-03-12 22:33:21,38.083,22.214,38.1959,37.9693,22.0645,22.3636,37.8,55,0
2026-03-12 22:33:22,38.083,22.202,38.1959,37.9693,22.0523,22.3514,37.8,55,0
2026-03-12 22:33:22,38.052,22.223,38.2161,37.8888,22.0798,22.3667,37.8,55,0
2026-03-12 22:33:22,38.042,22.222,38.1355,37.9492,22.0706,22.3743,37.8,55,0
2026-03-12 22:33:22,38.073,22.238,38.1556,37.9895,22.06,22.4155,37.8,55,0
2026-03-12 22:33:23,38.103,22.229,38.2161,37.9895,22.0676,22.3911,37.8,55,0
2026-03-12 22:33:23,38.032,22.209,38.1154,37.9492,22.0554,22.3621,37.8,55,0
2026-03-12 22:33:23,38.083,22.209,38.1758,37.9895,22.063,22.3545,37.8,55,0
2026-03-12 22:33:23,38.113,22.206,38.1758,38.0499,22.0386,22.3728,37.8,55,0
2026-03-12 22:33:24,38.083,22.196,38.1556,38.0096,22.0478,22.3438,37.8,55,0
2026-03-12 22:33:24,38.093,22.216,38.1959,37.9895,22.0768,22.3545,37.8,55,0
2026-03-12 22:33:24,38.133,22.207,38.1959,38.07,22.0401,22.3743,37.8,55,0
2026-03-12 22:33:24,38.093,22.228,38.1959,37.9895,22.0523,22.4033,37.8,55,0
2026-03-12 22:33:25,38.153,22.228,38.2765,38.0298,22.0493,22.4063,37.8,55,0
2026-03-12 22:33:25,38.083,22.202,38.1556,38.0096,22.0233,22.3804,37.8,55,0
2026-03-12 22:33:25,38.073,22.195,38.1758,37.9693,22.0386,22.3514,37.8,55,0
2026-03-12 22:33:25,38.083,22.184,38.1556,38.0096,22.0233,22.3438,37.8,55,0
2026-03-12 22:33:26,38.153,22.204,38.2564,38.0499,22.0233,22.385,37.8,55,0
2026-03-12 22:33:26,38.143,22.203,38.2362,38.0499,22.0325,22.3728,37.8,55,0
2026-03-12 22:33:26,38.163,22.192,38.2966,38.0298,22.0386,22.3453,37.8,55,0
2026-03-12 22:33:27,38.113,22.187,38.1355,38.0902,21.9974,22.3774,37.8,55,0
2026-03-12 22:33:27,38.133,22.184,38.2765,37.9895,22.0127,22.3545,37.8,55,0
2026-03-12 22:33:27,38.153,22.185,38.2362,38.07,22.0081,22.3621,37.8,55,0
2026-03-12 22:33:27,38.113,22.187,38.2161,38.0096,22.0188,22.356,37.8,55,0
2026-03-12 22:33:28,38.133,22.184,38.2161,38.0499,21.9944,22.3728,37.8,55,0
2026-03-12 22:33:28,38.133,22.19,38.2161,38.0499,22.0188,22.3606,37.8,55,0
2026-03-12 22:33:28,38.183,22.213,38.2765,38.0902,22.0371,22.3896,37.8,55,0
2026-03-12 22:33:28,38.133,22.238,38.1959,38.07,22.0401,22.4353,37.8,55,0
2026-03-12 22:33:29,38.123,22.188,38.2161,38.0298,22.031,22.3453,37.8,55,0
2026-03-12 22:33:29,38.093,22.179,38.1959,37.9895,22.0279,22.3301,37.8,55,0
2026-03-12 22:33:29,38.153,22.161,38.2765,38.0298,22.0005,22.3209,37.8,55,0
2026-03-12 22:33:29,38.123,22.145,38.1758,38.07,21.9898,22.3011,37.8,55,0
2026-03-12 22:33:30,38.193,22.177,38.3168,38.07,22.005,22.3499,37.8,55,0
2026-03-12 22:33:30,38.123,22.17,38.1959,38.0499,22.0035,22.3362,37.8,55,0
2026-03-12 22:33:30,38.143,22.154,38.2564,38.0298,21.9867,22.3209,37.8,55,0
2026-03-12 22:33:30,38.153,22.148,38.2966,38.0096,21.9898,22.3072,37.8,55,0
2026-03-12 22:33:31,38.183,22.171,38.2564,38.1103,21.9745,22.3667,37.8,55,0
2026-03-12 22:33:31,38.153,22.167,38.2362,38.07,21.9959,22.3377,37.8,55,0
2026-03-12 22:33:31,38.183,22.189,38.2765,38.0902,21.9638,22.414,37.8,55,0
2026-03-12 22:33:32,38.133,22.177,38.2161,38.0499,21.9821,22.3728,37.8,55,0
2026-03-12 22:33:32,38.133,22.189,38.2362,38.0298,21.9837,22.3941,37.8,55,0
2026-03-12 22:33:32,38.153,22.161,38.2765,38.0298,21.9883,22.3331,37.8,55,0
2026-03-12 22:33:32,38.163,22.144,38.3168,38.0096,21.9928,22.295,37.8,55,0
2026-03-12 22:33:33,38.173,22.175,38.2966,38.0499,22.0264,22.3239,37.8,55,0
2026-03-12 22:33:33,38.193,22.171,38.3168,38.07,21.9928,22.3499,37.8,55,0
2026-03-12 22:33:33,38.143,22.123,38.2564,38.0298,21.9745,22.2721,37.8,55,0
2026-03-12 22:33:33,38.173,22.127,38.2564,38.0902,21.9989,22.2553,37.8,55,0
2026-03-12 22:33:34,38.123,22.115,38.1758,38.07,21.9776,22.2522,37.8,55,0
2026-03-12 22:33:34,38.183,22.121,38.2966,38.07,21.9898,22.2522,37.8,55,0
2026-03-12 22:33:34,38.153,22.118,38.2362,38.07,21.9715,22.2644,37.8,55,0
2026-03-12 22:33:34,38.183,22.115,38.2966,38.07,21.9654,22.2644,37.8,55,0
2026-03-12 22:33:35,38.123,22.103,38.2362,38.0096,21.9593,22.2461,37.8,55,0
2026-03-12 22:33:35,38.133,22.116,38.1959,38.07,21.9669,22.2644,37.8,55,0
2026-03-12 22:33:35,38.183,22.134,38.2765,38.0902,22.0127,22.2553,37.8,55,0
2026-03-12 22:33:35,38.143,22.129,38.1959,38.0902,21.9791,22.2797,37.8,55,0
2026-03-12 22:33:36,38.153,22.143,38.2564,38.0499,22.0356,22.2507,37.8,55,0
2026-03-12 22:33:36,38.113,22.126,38.1556,38.07,21.9989,22.2522,37.8,55,0
2026-03-12 22:33:36,38.193,22.154,38.2564,38.1305,22.0111,22.2965,37.8,55,0
2026-03-12 22:33:37,38.143,22.166,38.1959,38.0902,22.0157,22.3163,37.8,55,0
2026-03-12 22:33:37,38.153,22.167,38.1959,38.1103,22.0401,22.2934,37.8,55,0
2026-03-12 22:33:37,38.143,22.16,38.2161,38.07,22.031,22.2889,37.8,55,0
2026-03-12 22:33:37,38.173,22.139,38.2564,38.0902,21.9989,22.2797,37.8,55,0
2026-03-12 22:33:38,38.183,22.177,38.2564,38.1103,22.0356,22.3178,37.8,55,0
2026-03-12 22:33:38,38.153,22.155,38.2564,38.0499,22.0111,22.2995,37.8,55,0
2026-03-12 22:33:38,38.163,22.156,38.2564,38.07,22.0233,22.2889,37.8,55,0
2026-03-12 22:33:38,38.123,22.17,38.2161,38.0298,22.0432,22.2965,37.8,55,0
2026-03-12 22:33:39,38.163,22.174,38.2966,38.0298,22.0264,22.3209,37.8,55,0
2026-03-12 22:33:39,38.163,22.168,38.2362,38.0902,22.0081,22.3285,37.8,55,0
2026-03-12 22:33:39,38.153,22.185,38.1959,38.1103,22.0157,22.3545,37.8,55,0
2026-03-12 22:33:39,38.193,22.177,38.2966,38.0902,22.0386,22.3163,37.8,55,0
2026-03-12 22:33:40,38.173,22.193,38.2362,38.1103,22.0447,22.3423,37.8,55,0
2026-03-12 22:33:40,38.163,22.174,38.2362,38.0902,22.0203,22.3285,37.8,55,0
2026-03-12 22:33:40,38.123,22.182,38.1758,38.07,22.0264,22.3377,37.8,55,0
2026-03-12 22:33:40,38.153,22.124,38.1959,38.1103,21.9791,22.269,37.8,55,0
2026-03-12 22:33:41,38.153,22.118,38.1959,38.1103,21.9791,22.2568,37.8,55,0
2026-03-12 22:33:41,38.183,22.152,38.2564,38.1103,22.0233,22.2812,37.8,55,0
2026-03-12 22:33:41,38.153,22.149,38.2161,38.0902,22.0066,22.2919,37.8,55,0
2026-03-12 22:33:42,38.153,22.191,38.2362,38.07,22.0325,22.3499,37.8,55,0
2026-03-12 22:33:42,38.143,22.184,38.1959,38.0902,22.0401,22.3285,37.8,55,0
2026-03-12 22:33:42,38.153,22.155,38.1758,38.1305,22.0386,22.2721,37.8,55,0
2026-03-12 22:33:42,38.113,22.193,38.2161,38.0096,22.0432,22.3438,37.8,55,0
2026-03-12 22:33:43,38.153,22.197,38.2362,38.07,22.0569,22.3377,37.8,55,0
2026-03-12 22:33:43,38.153,22.203,38.1959,38.1103,22.0523,22.3545,37.8,55,0
2026-03-12 22:33:43,38.163,22.21,38.1556,38.1707,22.0478,22.3728,37.8,55,0
2026-03-12 22:33:43,38.163,22.217,38.2564,38.07,22.0722,22.3621,37.8,55,0
2026-03-12 22:33:44,38.123,22.158,38.1758,38.07,22.0508,22.2644,37.8,55,0
2026-03-12 22:33:44,38.113,22.205,38.1154,38.1103,22.0432,22.3667,37.8,55,0
2026-03-12 22:33:44,38.093,22.197,38.1556,38.0298,22.0478,22.3453,37.8,55,0
2026-03-12 22:33:44,38.153,22.21,38.1959,38.1103,22.1012,22.3178,37.8,55,0
2026-03-12 22:33:45,38.113,22.2,38.1355,38.0902,22.034,22.3651,37.8,55,0
2026-03-12 22:33:45,38.123,22.213,38.1758,38.07,22.0874,22.3377,37.8,55,0
2026-03-12 22:33:45,38.133,22.202,38.1758,38.0902,22.0874,22.3163,37.8,55,0
2026-03-12 22:33:45,38.143,22.197,38.1556,38.1305,22.0478,22.3453,37.8,55,0
2026-03-12 22:33:46,38.183,22.207,38.2362,38.1305,22.1057,22.3087,37.8,55,0
2026-03-12 22:33:46,38.113,22.174,38.1556,38.07,22.0844,22.2644,37.8,55,0
2026-03-12 22:33:46,38.103,22.18,38.1758,38.0298,22.063,22.2965,37.8,55,0
2026-03-12 22:33:47,38.143,22.184,38.1758,38.1103,22.1118,22.2568,37.8,55,0
2026-03-12 22:33:47,38.133,22.196,38.1758,38.0902,22.0874,22.3041,37.8,55,0
2026-03-12 22:33:47,38.143,22.239,38.2161,38.07,22.1408,22.3377,37.8,55,0
2026-03-12 22:33:47,38.123,22.194,38.1959,38.0499,22.1134,22.2751,37.8,55,0
2026-03-12 22:33:48,38.103,22.18,38.1355,38.07,22.0829,22.2766,37.8,55,0
2026-03-12 22:33:48,38.123,22.225,38.1758,38.07,22.1118,22.3377,37.8,55,0
2026-03-12 22:33:48,38.093,22.21,38.1355,38.0499,22.1317,22.2873,37.8,55,0
2026-03-12 22:33:48,38.123,22.213,38.1959,38.0499,22.1256,22.2995,37.8,55,0
2026-03-12 22:33:49,38.143,22.245,38.1959,38.0902,22.15,22.3407,37.8,55,0
2026-03-12 22:33:49,38.123,22.219,38.1758,38.07,22.1363,22.3011,37.8,55,0
2026-03-12 22:33:49,38.123,22.255,38.1758,38.07,22.1607,22.3499,37.8,55,0
2026-03-12 22:33:49,38.113,22.242,38.1758,38.0499,22.1607,22.3239,37.8,55,0
2026-03-12 22:33:50,38.083,22.238,38.1556,38.0096,22.182,22.295,37.8,55,0
2026-03-12 22:33:50,38.083,22.269,38.1154,38.0499,22.1653,22.3728,37.8,55,0
2026-03-12 22:33:50,38.113,22.303,38.1355,38.0902,22.2171,22.3896,37.8,55,0
2026-03-12 22:33:50,38.103,22.296,38.1355,38.07,22.1805,22.4109,37.8,55,0
2026-03-12 22:33:51,38.103,22.253,38.1154,38.0902,22.1775,22.3285,37.8,55,0
2026-03-12 22:33:51,38.093,22.24,38.0952,38.0902,22.1515,22.3285,37.8,55,0
2026-03-12 22:33:51,38.083,22.245,38.1355,38.0298,22.1683,22.3209,37.8,55,0
2026-03-12 22:33:52,38.113,22.229,38.1154,38.1103,22.1286,22.3301,37.8,55,0
2026-03-12 22:33:52,38.133,22.219,38.1556,38.1103,22.1088,22.3301,37.8,55,0
2026-03-12 22:33:52,38.093,22.24,38.1355,38.0499,22.1683,22.3117,37.8,55,0
2026-03-12 22:33:52,38.113,22.242,38.1154,38.1103,22.1775,22.3056,37.8,55,0
2026-03-12 22:33:53,38.133,22.232,38.1154,38.1506,22.1408,22.3224,37.8,55,0
2026-03-12 22:33:53,38.113,22.236,38.0952,38.1305,22.1393,22.3331,37.8,55,0
2026-03-12 22:33:53,38.173,22.219,38.2161,38.1305,22.1164,22.3209,37.8,55,0
2026-03-12 22:33:53,38.093,22.222,38.0751,38.1103,22.1012,22.3423,37.8,55,0
2026-03-12 22:33:54,38.113,22.235,38.1154,38.1103,22.1042,22.3667,37.8,55,0
2026-03-12 22:33:54,38.062,22.243,38.0751,38.0499,22.1378,22.3484,37.8,55,0
2026-03-12 22:33:54,38.062,22.242,38.0549,38.07,22.1592,22.3255,37.8,55,0
2026-03-12 22:33:54,38.083,22.22,38.0952,38.07,22.1271,22.3133,37.8,55,0
2026-03-12 22:33:55,38.083,22.227,38.0751,38.0902,22.15,22.3041,37.8,55,0
2026-03-12 22:33:55,38.123,22.225,38.0952,38.1506,22.1637,22.2858,37.8,55,0
2026-03-12 22:33:55,38.083,22.239,38.0751,38.0902,22.1622,22.3163,37.8,55,0
2026-03-12 22:33:55,38.113,22.248,38.1154,38.1103,22.2019,22.2934,37.8,55,0
2026-03-12 22:33:56,38.083,22.238,38.1154,38.0499,22.1775,22.2995,37.8,55,0
2026-03-12 22:33:56,38.103,22.247,38.1556,38.0499,22.2065,22.2873,37.8,55,0
2026-03-12 22:33:56,38.093,22.258,38.1556,38.0298,22.2065,22.3087,37.8,55,0
2026-03-12 22:33:57,38.052,22.272,38.0549,38.0499,22.2324,22.3117,37.8,55,0
2026-03-12 22:33:57,38.073,22.267,38.1154,38.0298,22.2385,22.2965,37.8,55,0
2026-03-12 22:33:57,38.123,22.249,38.1556,38.0902,22.2309,22.2675,37.8,55,0
2026-03-12 22:33:57,38.032,22.251,38.0348,38.0298,22.2187,22.2843,37.8,55,0
2026-03-12 22:33:58,38.022,22.238,38.0146,38.0298,22.1912,22.2843,37.8,55,0
2026-03-12 22:33:58,38.042,22.265,38.0751,38.0096,22.2354,22.295,37.8,55,0
2026-03-12 22:33:58,38.093,22.258,38.0952,38.0902,22.2004,22.3163,37.8,55,0
2026-03-12 22:33:58,38.052,22.223,38.0751,38.0298,22.1988,22.2477,37.8,55,0
2026-03-12 22:33:59,38.042,22.253,37.9945,38.0902,22.2385,22.2675,37.8,55,0
2026-03-12 22:33:59,38.042,22.24,38.0549,38.0298,22.208,22.2721,37.8,55,0
2026-03-12 22:33:59,38.052,22.242,38.0952,38.0096,22.2004,22.2827,37.8,55,0
2026-03-12 22:33:59,38.032,22.239,38.0348,38.0298,22.182,22.2965,37.8,55,0
2026-03-12 22:34:00,38.022,22.3,38.0348,38.0096,22.2553,22.3438,37.8,55,0
2026-03-12 22:34:00,38.052,22.272,38.0549,38.0499,22.2324,22.3117,37.8,55,0
2026-03-12 22:34:00,38.073,22.305,38.0751,38.07,22.2599,22.3499,37.8,55,0
2026-03-12 22:34:00,38.012,22.286,38.0146,38.0096,22.2278,22.3438,37.8,55,0
2026-03-12 22:34:01,38.052,22.309,38.0751,38.0298,22.2599,22.3575,37.8,55,0
2026-03-12 22:34:01,38.002,22.303,37.9945,38.0096,22.2629,22.3438,37.8,55,0
2026-03-12 22:34:01,38.022,22.318,38.0348,38.0096,22.2431,22.3926,37.8,55,0
2026-03-12 22:34:02,38.062,22.316,38.0952,38.0298,22.2858,22.3453,37.8,55,0
2026-03-12 22:34:02,38.032,22.313,38.0146,38.0499,22.2644,22.3606,37.8,55,0
2026-03-12 22:34:02,38.022,22.305,38.0146,38.0298,22.2522,22.3575,37.8,55,0
2026-03-12 22:34:02,38.012,22.299,38.0348,37.9895,22.2675,22.3301,37.8,55,0
2026-03-12 22:34:03,38.073,22.305,38.0751,38.07,22.2965,22.3133,37.8,55,0
2026-03-12 22:34:03,38.002,22.333,37.9744,38.0298,22.2965,22.3697,37.8,55,0
2026-03-12 22:34:03,38.042,22.362,38.0146,38.07,22.3133,22.4109,37.8,55,0
2026-03-12 22:34:03,38.042,22.338,38.0549,38.0298,22.3178,22.3575,37.8,55,0
2026-03-12 22:34:04,38.012,22.316,37.9744,38.0499,22.2843,22.3484,37.8,55,0
2026-03-12 22:34:04,38.062,22.334,38.0146,38.1103,22.3255,22.3423,37.8,55,0
2026-03-12 22:34:04,38.022,22.342,38.0348,38.0096,22.3285,22.356,37.8,55,0
2026-03-12 22:34:04,37.972,22.306,37.9744,37.9693,22.2965,22.3148,37.8,55,0
2026-03-12 22:34:05,38.012,22.298,37.9945,38.0298,22.2507,22.3453,37.8,55,0
2026-03-12 22:34:05,38.022,22.33,38.0348,38.0096,22.2919,22.3682,37.8,55,0
2026-03-12 22:34:05,37.982,22.338,37.9341,38.0298,22.3056,22.3697,37.8,55,0
2026-03-12 22:34:05,38.022,22.342,37.9945,38.0499,22.3239,22.3606,37.8,55,0
2026-03-12 22:34:06,37.992,22.364,37.9945,37.9895,22.3484,22.3789,37.8,55,0
2026-03-12 22:34:06,38.042,22.368,38.0146,38.07,22.3255,22.4109,37.8,55,0
2026-03-12 22:34:06,38.022,22.367,37.9542,38.0902,22.3438,22.3896,37.8,55,0
2026-03-12 22:34:07,38.032,22.38,38.0146,38.0499,22.3865,22.3728,37.8,55,0
2026-03-12 22:34:07,38.042,22.374,37.9744,38.1103,22.3331,22.4155,37.8,55,0
2026-03-12 22:34:07,38.002,22.376,37.9744,38.0298,22.3453,22.4063,37.8,55,0
2026-03-12 22:34:07,38.022,22.397,38.0348,38.0096,22.4262,22.3682,37.8,55,0
2026-03-12 22:34:08,38.002,22.395,38.0146,37.9895,22.3987,22.3911,37.8,55,0
2026-03-12 22:34:08,37.942,22.413,37.9341,37.9492,22.3667,22.4598,37.8,55,0
2026-03-12 22:34:08,38.022,22.421,38.0146,38.0298,22.3865,22.4552,37.8,55,0
2026-03-12 22:34:08,37.901,22.427,37.8535,37.9492,22.4063,22.4475,37.8,55,0
2026-03-12 22:34:09,37.962,22.409,37.9542,37.9693,22.4048,22.4125,37.8,55,0
2026-03-12 22:34:09,37.982,22.411,37.9341,38.0298,22.4155,22.4063,37.8,55,0
2026-03-12 22:34:09,37.972,22.398,37.9542,37.9895,22.4048,22.3911,37.8,55,0
2026-03-12 22:34:09,37.982,22.399,37.9945,37.9693,22.4216,22.3758,37.8,55,0
2026-03-12 22:34:10,37.932,22.412,37.8737,37.9895,22.4201,22.4033,37.8,55,0
2026-03-12 22:34:10,37.972,22.391,37.9139,38.0298,22.4002,22.3819,37.8,55,0
2026-03-12 22:34:10,37.952,22.364,37.9744,37.929,22.4063,22.3224,37.8,55,0
2026-03-12 22:34:10,37.982,22.374,37.9542,38.0096,22.3926,22.356,37.8,55,0
2026-03-12 22:34:11,37.942,22.413,37.8938,37.9895,22.4109,22.4155,37.8,55,0
2026-03-12 22:34:11,37.921,22.374,37.8535,37.9895,22.3941,22.3545,37.8,55,0
2026-03-12 22:34:11,37.952,22.432,37.9139,37.9895,22.4491,22.4155,37.8,55,0
2026-03-12 22:34:12,37.952,22.432,37.9542,37.9492,22.4537,22.4109,37.8,55,0
2026-03-12 22:34:12,37.911,22.422,37.8535,37.9693,22.4308,22.4125,37.8,55,0
2026-03-12 22:34:12,37.952,22.401,37.8737,38.0298,22.359,22.443,37.8,55,0
2026-03-12 22:34:12,37.921,22.392,37.9744,37.8686,22.3819,22.4018,37.8,55,0
2026-03-12 22:34:13,37.891,22.401,37.8535,37.929,22.3697,22.4323,37.8,55,0
2026-03-12 22:34:13,37.901,22.451,37.8737,37.929,22.4689,22.4323,37.8,55,0
2026-03-12 22:34:13,37.952,22.462,37.8737,38.0298,22.4689,22.4552,37.8,55,0
2026-03-12 22:34:13,37.901,22.457,37.8737,37.929,22.4811,22.4323,37.8,55,0
2026-03-12 22:34:14,37.982,22.478,37.9139,38.0499,22.4491,22.5071,37.8,55,0
2026-03-12 22:34:14,37.952,22.505,37.8737,38.0298,22.5299,22.4796,37.8,55,0
2026-03-12 22:34:14,37.992,22.473,37.9542,38.0298,22.5147,22.4308,37.8,55,0
2026-03-12 22:34:14,37.881,22.461,37.8737,37.8888,22.4811,22.4399,37.8,55,0
2026-03-12 22:34:15,37.901,22.464,37.8535,37.9492,22.4918,22.4353,37.8,55,0
2026-03-12 22:34:15,37.861,22.477,37.7729,37.9492,22.5071,22.4475,37.8,55,0
2026-03-12 22:34:15,37.921,22.46,37.8535,37.9895,22.4918,22.4277,37.8,55,0
2026-03-12 22:34:15,37.911,22.519,37.8535,37.9693,22.565,22.4735,37.8,55,0
2026-03-12 22:34:16,37.901,22.519,37.8938,37.9089,22.5818,22.4552,37.8,55,0
2026-03-12 22:34:16,37.871,22.527,37.8737,37.8686,22.5544,22.4994,37.8,55,0
2026-03-12 22:34:16,37.871,22.515,37.8334,37.9089,22.5132,22.5162,37.8,55,0
2026-03-12 22:34:17,37.932,22.497,37.9139,37.9492,22.5101,22.4842,37.8,55,0
2026-03-12 22:34:17,37.901,22.493,37.8334,37.9693,22.5132,22.4735,37.8,55,0
2026-03-12 22:34:17,37.891,22.499,37.8334,37.9492,22.5376,22.4598,37.8,55,0
2026-03-12 22:34:17,37.911,22.501,37.8737,37.9492,22.5299,22.472,37.8,55,0
2026-03-12 22:34:18,37.911,22.489,37.8132,38.0096,22.536,22.4414,37.8,55,0
2026-03-12 22:34:18,37.861,22.483,37.8132,37.9089,22.4994,22.4674,37.8,55,0
2026-03-12 22:34:18,37.881,22.461,37.7931,37.9693,22.4964,22.4247,37.8,55,0
2026-03-12 22:34:18,37.891,22.48,37.8334,37.9492,22.5132,22.4475,37.8,55,0
2026-03-12 22:34:19,37.881,22.467,37.7931,37.9693,22.4842,22.4491,37.8,55,0
2026-03-12 22:34:19,37.811,22.466,37.7528,37.8686,22.4811,22.4506,37.8,55,0.3320439186926225
2026-03-12 22:34:19,37.821,22.49,37.7931,37.8485,22.5574,22.4231,37.8,55,0
2026-03-12 22:34:19,37.881,22.48,37.8535,37.9089,22.565,22.3941,37.8,55,0
2026-03-12 22:34:20,37.881,22.509,37.7931,37.9693,22.5574,22.4613,37.8,55,0
2026-03-12 22:34:20,37.861,22.477,37.8334,37.8888,22.5376,22.4155,37.8,55,0
2026-03-12 22:34:20,37.851,22.494,37.7931,37.9089,22.533,22.4552,37.8,55,0
2026-03-12 22:34:20,37.841,22.511,37.7931,37.8888,22.5452,22.4765,37.8,55,0
2026-03-12 22:34:21,37.881,22.522,37.8334,37.929,22.5864,22.4567,37.8,55,0
2026-03-12 22:34:21,37.831,22.535,37.7931,37.8686,22.5574,22.5116,37.8,55,0
2026-03-12 22:34:21,37.881,22.522,37.7931,37.9693,22.5818,22.4613,37.8,55,0
2026-03-12 22:34:22,37.841,22.53,37.7528,37.929,22.5544,22.5055,37.8,55,0
2026-03-12 22:34:22,37.841,22.512,37.8132,37.8686,22.5727,22.4506,37.8,55,0
2026-03-12 22:34:22,37.861,22.532,37.7729,37.9492,22.5803,22.4842,37.8,55,0
2026-03-12 22:34:22,37.791,22.525,37.7125,37.8686,22.5986,22.4506,37.8,55,5.735084256263744
2026-03-12 22:34:23,37.881,22.57,37.8737,37.8888,22.6154,22.5254,37.8,55,0
2026-03-12 22:34:23,37.791,22.555,37.7125,37.8686,22.6108,22.4994,37.8,55,6.647119049668215
2026-03-12 22:34:23,37.841,22.548,37.8132,37.8686,22.6215,22.475,37.8,55,0
2026-03-12 22:34:23,37.871,22.539,37.8334,37.9089,22.5986,22.4796,37.8,55,0
2026-03-12 22:34:24,37.861,22.575,37.7729,37.9492,22.6291,22.5208,37.8,55,0
2026-03-12 22:34:24,37.811,22.582,37.7125,37.9089,22.6352,22.5284,37.8,55,0
2026-03-12 22:34:24,37.801,22.544,37.7327,37.8686,22.5879,22.4994,37.8,55,0.19612078516094555
2026-03-12 22:34:24,37.831,22.589,37.7931,37.8686,22.6184,22.5605,37.8,55,0
2026-03-12 22:34:25,37.78,22.56,37.7125,37.8485,22.5864,22.533,37.8,55,7.973967160599038
2026-03-12 22:34:25,37.821,22.588,37.7931,37.8485,22.6062,22.5696,37.8,55,0
2026-03-12 22:34:25,37.801,22.593,37.7327,37.8686,22.5879,22.5971,37.8,55,0.65243636739964
2026-03-12 22:34:25,37.77,22.558,37.6521,37.8888,22.591,22.5254,37.8,55,9.885318954740608
2026-03-12 22:34:26,37.811,22.593,37.7327,37.8888,22.649,22.5376,37.8,55,0
2026-03-12 22:34:26,37.801,22.593,37.7125,37.8888,22.6474,22.5376,37.8,55,0.5986246493422289
2026-03-12 22:34:26,37.821,22.613,37.7125,37.929,22.6719,22.5544,37.8,55,0
2026-03-12 22:34:27,37.801,22.58,37.7528,37.8485,22.6276,22.533,37.8,55,0.652588320867875
2026-03-12 22:34:27,37.831,22.602,37.7729,37.8888,22.7024,22.501,37.8,55,0
2026-03-12 22:34:27,37.78,22.578,37.7125,37.8485,22.6474,22.5086,37.8,55,7.963914090296571
2026-03-12 22:34:27,37.831,22.566,37.7528,37.9089,22.6276,22.504,37.8,55,0
2026-03-12 22:34:28,37.75,22.599,37.6722,37.8283,22.6673,22.5315,37.8,55,17.81333331875268
2026-03-12 22:34:28,37.791,22.609,37.7327,37.8485,22.6612,22.5574,37.8,55,1.788954710955113
2026-03-12 22:34:28,37.78,22.633,37.6521,37.9089,22.6764,22.5895,37.8,55,7.468080020103344
2026-03-12 22:34:28,37.75,22.593,37.6521,37.8485,22.6642,22.5208,37.8,55,17.25292726096974
2026-03-12 22:34:29,37.821,22.638,37.7528,37.8888,22.6764,22.5986,37.8,55,0
2026-03-12 22:34:29,37.801,22.611,37.7327,37.8686,22.6856,22.536,37.8,55,3.0453973720210534
2026-03-12 22:34:29,37.791,22.64,37.6521,37.929,22.652,22.6276,37.8,55,5.390275901294141
2026-03-12 22:34:29,37.75,22.63,37.6924,37.8082,22.6932,22.5666,37.8,55,18.582703921837123
2026-03-12 22:34:30,37.76,22.631,37.7125,37.8082,22.6719,22.591,37.8,55,14.54985539646957
2026-03-12 22:34:30,37.801,22.623,37.7327,37.8686,22.6734,22.5727,37.8,55,2.45327907276737
2026-03-12 22:34:30,37.73,22.609,37.632,37.8283,22.6871,22.5315,37.8,55,27.587541357913505
2026-03-12 22:34:30,37.811,22.648,37.7931,37.8283,22.7161,22.5803,37.8,55,0
2026-03-12 22:34:31,37.791,22.634,37.7327,37.8485,22.6856,22.5818,37.8,55,9.35665335711985
2026-03-12 22:34:31,37.77,22.657,37.6722,37.8686,22.7283,22.5849,37.8,55,15.533042285009921
2026-03-12 22:34:31,37.791,22.634,37.6924,37.8888,22.7176,22.5498,37.8,55,8.358018679709442
2026-03-12 22:34:32,37.74,22.635,37.7125,37.7679,22.7085,22.562,37.8,55,26.24408160875426
2026-03-12 22:34:32,37.72,22.627,37.632,37.8082,22.6993,22.5544,37.8,55,31.818784700199117
2026-03-12 22:34:32,37.77,22.656,37.6924,37.8485,22.6688,22.6429,37.8,55,16.295480501473104
2026-03-12 22:34:32,37.72,22.657,37.632,37.8082,22.7115,22.6032,37.8,55,35.64651225249725
2026-03-12 22:34:33,37.72,22.627,37.632,37.8082,22.6993,22.5544,37.8,55,35.15481166005167
2026-03-12 22:34:33,37.72,22.627,37.6118,37.8283,22.6856,22.5681,37.8,55,36.94444722685555
2026-03-12 22:34:33,37.801,22.647,37.7327,37.8686,22.7222,22.5727,37.8,55,12.165325493201735
2026-03-12 22:34:33,37.76,22.631,37.6924,37.8283,22.7176,22.5437,37.8,55,29.28718819260006
2026-03-12 22:34:34,37.73,22.64,37.632,37.8283,22.7237,22.5559,37.8,55,38.14975886062389
2026-03-12 22:34:34,37.69,22.623,37.6521,37.7276,22.7131,22.533,37.8,55,51.46460908702117
2026-03-12 22:34:34,37.72,22.644,37.6521,37.7881,22.7375,22.5513,37.8,55,42.25983233777807
2026-03-12 22:34:34,37.72,22.645,37.632,37.8082,22.7604,22.5299,37.8,55,45.41743293766143
2026-03-12 22:34:35,37.74,22.654,37.6722,37.8082,22.7405,22.5666,37.8,55,40.645420298426615
2026-03-12 22:34:35,37.73,22.658,37.6521,37.8082,22.7253,22.591,37.8,55,46.17969064016807
2026-03-12 22:34:35,37.68,22.659,37.6118,37.7478,22.7466,22.5711,37.8,55,63.68748205492959
2026-03-12 22:34:35,37.7,22.716,37.6118,37.7881,22.771,22.6612,37.8,55,57.52842928107692
2026-03-12 22:34:36,37.7,22.734,37.632,37.7679,22.7848,22.6841,37.8,55,60.67664924986288
2026-03-12 22:34:36,37.72,22.693,37.6521,37.7881,22.7741,22.6123,37.8,55,56.351301807028825
2026-03-12 22:34:36,37.71,22.668,37.5917,37.8283,22.7314,22.6047,37.8,55,62.33267859264727
2026-03-12 22:34:37,37.73,22.719,37.6521,37.8082,22.7985,22.6398,37.8,55,57.33055598153581
2026-03-12 22:34:37,37.66,22.687,37.5514,37.7679,22.7756,22.5986,37.8,55,82.76604274610236
2026-03-12 22:34:37,37.7,22.74,37.6521,37.7478,22.8229,22.6566,37.8,55,69.58316156245523
2026-03-12 22:34:37,37.71,22.747,37.632,37.7881,22.797,22.6978,37.8,55,70.36429564328843
2026-03-12 22:34:38,37.72,22.736,37.6521,37.7881,22.7863,22.6856,37.8,55,69.55276544386713
2026-03-12 22:34:38,37.68,22.714,37.6118,37.7478,22.7832,22.6444,37.8,55,84.91690721225235
2026-03-12 22:34:38,37.67,22.713,37.5715,37.7679,22.8031,22.623,37.8,55,89.0553035785056
2026-03-12 22:34:38,37.71,22.724,37.6118,37.8082,22.8321,22.6154,37.8,55,78.38662891097391
2026-03-12 22:34:39,37.7,22.728,37.6118,37.7881,22.8077,22.649,37.8,55,85.5024623160523
2026-03-12 22:34:39,37.72,22.706,37.6118,37.8283,22.8077,22.6047,37.8,55,80.72186259725937
2026-03-12 22:34:39,37.67,22.744,37.5715,37.7679,22.8153,22.6719,37.8,55,99.82177685741426
2026-03-12 22:34:39,37.68,22.732,37.5715,37.7881,22.8031,22.6612,37.8,55,97.16462483864392
2026-03-12 22:34:40,37.64,22.691,37.5312,37.7478,22.7619,22.62,37.8,55,100
2026-03-12 22:34:40,37.67,22.725,37.6118,37.7276,22.771,22.6795,37.8,55,100
2026-03-12 22:34:40,37.7,22.716,37.6118,37.7881,22.7955,22.6368,37.8,55,99.76811871472452
2026-03-12 22:34:40,37.72,22.688,37.632,37.8082,22.7848,22.591,37.8,55,96.81230334203077
2026-03-12 22:34:41,37.64,22.691,37.5514,37.7276,22.7756,22.6062,37.8,55,100
2026-03-12 22:34:41,37.7,22.759,37.5917,37.8082,22.8168,22.7008,37.8,55,100
2026-03-12 22:34:41,37.65,22.722,37.5514,37.7478,22.7756,22.6688,37.8,55,100
2026-03-12 22:34:42,37.72,22.749,37.632,37.8082,22.8214,22.6764,37.8,55,100
2026-03-12 22:34:42,37.67,22.75,37.6118,37.7276,22.8321,22.6673,37.8,55,100
2026-03-12 22:34:42,37.66,22.766,37.5514,37.7679,22.8244,22.7085,37.8,55,100
2026-03-12 22:34:42,37.72,22.766,37.6521,37.7881,22.8229,22.71,37.8,55,100
2026-03-12 22:34:43,37.67,22.706,37.5514,37.7881,22.7268,22.6856,37.8,55,100
2026-03-12 22:34:43,37.66,22.712,37.5715,37.7478,22.742,22.681,37.8,55,100
2026-03-12 22:34:43,37.64,22.715,37.5514,37.7276,22.7878,22.6429,37.8,55,100
2026-03-12 22:34:43,37.69,22.746,37.6118,37.7679,22.771,22.7207,37.8,55,100
2026-03-12 22:34:44,37.68,22.75,37.632,37.7276,22.797,22.7039,37.8,55,100
2026-03-12 22:34:44,37.72,22.731,37.6722,37.7679,22.8016,22.6596,37.8,55,100
2026-03-12 22:34:44,37.71,22.753,37.6722,37.7478,22.7893,22.7176,37.8,55,100
2026-03-12 22:34:44,37.73,22.719,37.632,37.8283,22.797,22.6413,37.8,55,100
2026-03-12 22:34:45,37.67,22.737,37.5715,37.7679,22.7787,22.6963,37.8,55,100
2026-03-12 22:34:45,37.67,22.724,37.5514,37.7881,22.7878,22.6612,37.8,55,100
2026-03-12 22:34:45,37.68,22.75,37.5715,37.7881,22.8153,22.6856,37.8,55,100
2026-03-12 22:34:45,37.69,22.746,37.5715,37.8082,22.8641,22.6276,37.8,55,100
2026-03-12 22:34:46,37.68,22.775,37.632,37.7276,22.8336,22.7161,37.8,55,100
2026-03-12 22:34:46,37.7,22.741,37.5917,37.8082,22.7802,22.7008,37.8,55,100
2026-03-12 22:34:46,37.72,22.737,37.632,37.8082,22.8214,22.652,37.8,55,100
2026-03-12 22:34:47,37.68,22.737,37.6521,37.7075,22.8107,22.6642,37.8,55,100
2026-03-12 22:34:47,37.68,22.708,37.632,37.7276,22.7848,22.6307,37.8,55,100
2026-03-12 22:34:47,37.66,22.73,37.5917,37.7276,22.8046,22.6551,37.8,55,100
2026-03-12 22:34:47,37.71,22.729,37.6521,37.7679,22.7863,22.6719,37.8,55,100
2026-03-12 22:34:48,37.67,22.761,37.5514,37.7881,22.8,22.7222,37.8,55,100
2026-03-12 22:34:48,37.7,22.771,37.632,37.7679,22.797,22.7451,37.8,55,100
2026-03-12 22:34:48,37.71,22.729,37.632,37.7881,22.797,22.6612,37.8,55,100
2026-03-12 22:34:48,37.67,22.743,37.632,37.7075,22.7726,22.7131,37.8,55,100
2026-03-12 22:34:49,37.66,22.712,37.632,37.6873,22.797,22.6261,37.8,55,100
2026-03-12 22:34:49,37.72,22.749,37.6722,37.7679,22.7771,22.7207,37.8,55,100
2026-03-12 22:34:49,37.67,22.743,37.6521,37.6873,22.7985,22.6871,37.8,55,100
2026-03-12 22:34:49,37.72,22.748,37.6521,37.7881,22.7619,22.7344,37.8,55,100
2026-03-12 22:34:50,37.7,22.716,37.632,37.7679,22.7604,22.6719,37.8,55,100
2026-03-12 22:34:50,37.72,22.712,37.6924,37.7478,22.7543,22.6688,37.8,55,100
2026-03-12 22:34:50,37.71,22.674,37.632,37.7881,22.6871,22.6612,37.8,55,100
2026-03-12 22:34:50,37.72,22.718,37.6521,37.7881,22.6886,22.7466,37.8,55,100
2026-03-12 22:34:51,37.72,22.705,37.6521,37.7881,22.7008,22.71,37.8,55,100
2026-03-12 22:34:51,37.73,22.725,37.6521,37.8082,22.7497,22.7008,37.8,55,100
2026-03-12 22:34:51,37.75,22.697,37.6924,37.8082,22.681,22.7131,37.8,55,100
2026-03-12 22:34:52,37.75,22.715,37.7125,37.7881,22.7207,22.71,37.8,55,100
2026-03-12 22:34:52,37.75,22.74,37.7125,37.7881,22.7451,22.7344,37.8,55,100
2026-03-12 22:34:52,37.67,22.719,37.6118,37.7276,22.7466,22.6917,37.8,55,100
2026-03-12 22:34:52,37.71,22.741,37.6924,37.7276,22.7543,22.7283,37.8,55,100
2026-03-12 22:34:53,37.73,22.731,37.6722,37.7881,22.7405,22.7222,37.8,55,100
2026-03-12 22:34:53,37.73,22.737,37.7125,37.7478,22.7573,22.7176,37.8,55,100
2026-03-12 22:34:53,37.74,22.726,37.6924,37.7881,22.6932,22.7588,37.8,55,100
2026-03-12 22:34:53,37.71,22.699,37.6924,37.7276,22.7176,22.6795,37.8,55,100
2026-03-12 22:34:54,37.72,22.694,37.632,37.8082,22.6871,22.7008,37.8,55,100
2026-03-12 22:34:54,37.76,22.705,37.7528,37.7679,22.7253,22.6841,37.8,55,100
2026-03-12 22:34:54,37.75,22.697,37.7327,37.7679,22.6978,22.6963,37.8,55,100
2026-03-12 22:34:54,37.75,22.667,37.6924,37.8082,22.6688,22.6642,37.8,55,100
2026-03-12 22:34:55,37.78,22.566,37.7327,37.8283,22.5147,22.6169,37.8,55,100
2026-03-12 22:34:55,37.78,22.621,37.7327,37.8283,22.5391,22.7024,37.8,55,100
2026-03-12 22:34:55,37.7,22.618,37.6924,37.7075,22.62,22.6154,37.8,55,100
2026-03-12 22:34:55,37.77,22.613,37.7931,37.7478,22.5818,22.6444,37.8,55,100
2026-03-12 22:34:56,37.77,22.644,37.8132,37.7276,22.6093,22.6795,37.8,55,100
2026-03-12 22:34:56,37.72,22.627,37.7125,37.7276,22.6108,22.6429,37.8,55,100
2026-03-12 22:34:56,37.76,22.662,37.7528,37.7679,22.6398,22.6841,37.8,55,100
2026-03-12 22:34:57,37.821,22.65,37.8132,37.8283,22.6337,22.6658,37.8,55,91.2867539630307
2026-03-12 22:34:57,37.791,22.677,37.7729,37.8082,22.6413,22.7131,37.8,55,100
2026-03-12 22:34:57,37.75,22.648,37.7528,37.7478,22.6398,22.6566,37.8,55,100
2026-03-12 22:34:57,37.821,22.625,37.8132,37.8283,22.6093,22.6413,37.8,55,90.83179272795186
2026-03-12 22:34:58,37.821,22.699,37.8334,37.8082,22.6474,22.7497,37.8,55,93.60103183934564
2026-03-12 22:34:58,37.811,22.649,37.8132,37.8082,22.6337,22.6642,37.8,55,96.41127528590118
2026-03-12 22:34:58,37.811,22.624,37.7931,37.8283,22.594,22.6535,37.8,55,95.70815973544468
2026-03-12 22:34:58,37.861,22.642,37.8938,37.8283,22.6184,22.6658,37.8,55,79.06305880311078
2026-03-12 22:34:59,37.861,22.612,37.8938,37.8283,22.5696,22.6535,37.8,55,79.9808859163756
2026-03-12 22:34:59,37.861,22.599,37.8938,37.8283,22.5574,22.6413,37.8,55,78.61727770581635
2026-03-12 22:34:59,37.861,22.624,37.9341,37.7881,22.5742,22.6734,37.8,55,77.24200816063461
2026-03-12 22:34:59,37.871,22.612,37.8535,37.8888,22.5772,22.6474,37.8,55,72.59857401369821
2026-03-12 22:35:00,37.871,22.613,37.9341,37.8082,22.5864,22.6398,37.8,55,71.46717896953218
2026-03-12 22:35:00,37.871,22.57,37.8535,37.8888,22.5406,22.5986,37.8,55,69.87907941958782
2026-03-12 22:35:00,37.831,22.577,37.8737,37.7881,22.5299,22.6246,37.8,55,81.41029338917996
2026-03-12 22:35:00,37.821,22.54,37.8737,37.7679,22.5299,22.5498,37.8,55,82.17216246775358
2026-03-12 22:35:01,37.891,22.554,37.9341,37.8485,22.501,22.6062,37.8,55,58.28871341379091
2026-03-12 22:35:01,37.811,22.576,37.8132,37.8082,22.5116,22.6398,37.8,55,85.68423727722332
2026-03-12 22:35:01,37.881,22.541,37.9542,37.8082,22.4903,22.591,37.8,55,58.83075261058505
2026-03-12 22:35:02,37.871,22.551,37.8938,37.8485,22.472,22.6307,37.8,55,63.4911086459996
2026-03-12 22:35:02,37.891,22.56,37.8938,37.8888,22.4842,22.6352,37.8,55,54.887721052311704
2026-03-12 22:35:02,37.891,22.554,37.9341,37.8485,22.4765,22.6307,37.8,55,53.764950544709194
2026-03-12 22:35:02,37.921,22.521,37.9341,37.9089,22.4399,22.6017,37.8,55,41.89065661752665
2026-03-12 22:35:03,37.921,22.52,37.9744,37.8686,22.4552,22.5849,37.8,55,40.552950427010416
2026-03-12 22:35:03,37.901,22.536,37.9542,37.8485,22.4659,22.6062,37.8,55,44.40593868781153
2026-03-12 22:35:03,37.911,22.494,37.9744,37.8485,22.3819,22.6062,37.8,55,37.94961350367154
2026-03-12 22:35:03,37.901,22.476,37.9945,37.8082,22.3606,22.591,37.8,55,39.2013412980691
2026-03-12 22:35:04,37.932,22.509,38.0146,37.8485,22.4353,22.5818,37.8,55,26.32026642922161
2026-03-12 22:35:04,37.871,22.442,37.9341,37.8082,22.3301,22.5544,37.8,55,44.78868189764974
2026-03-12 22:35:04,37.962,22.445,38.0348,37.8888,22.3407,22.5498,37.8,55,10.573299126389003
2026-03-12 22:35:04,37.932,22.479,37.9341,37.929,22.3667,22.591,37.8,55,20.942629494085523
2026-03-12 22:35:05,37.901,22.451,37.9542,37.8485,22.356,22.5452,37.8,55,26.790932553883003
2026-03-12 22:35:05,38.042,22.448,38.1355,37.9492,22.3758,22.5208,37.8,55,0
2026-03-12 22:35:05,37.921,22.435,37.9945,37.8485,22.3362,22.533,37.8,55,17.582511673306172
2026-03-12 22:35:05,37.942,22.425,37.9945,37.8888,22.3117,22.5376,37.8,55,2.468909193069538
2026-03-12 22:35:06,37.962,22.451,38.0549,37.8686,22.3423,22.5605,37.8,55,0
2026-03-12 22:35:06,38.012,22.426,38.0952,37.929,22.3468,22.5055,37.8,55,0
2026-03-12 22:35:06,37.972,22.422,38.0146,37.929,22.3011,22.5422,37.8,55,0
2026-03-12 22:35:07,38.002,22.432,38.0549,37.9492,22.3301,22.533,37.8,55,0
2026-03-12 22:35:07,38.022,22.428,38.0348,38.0096,22.2919,22.5635,37.8,55,0
2026-03-12 22:35:07,37.952,22.401,38.0549,37.8485,22.3301,22.472,37.8,55,0
2026-03-12 22:35:07,38.022,22.422,38.0952,37.9492,22.298,22.5452,37.8,55,0
2026-03-12 22:35:08,38.042,22.374,38.1154,37.9693,22.2629,22.4857,37.8,55,0
2026-03-12 22:35:08,38.042,22.381,38.0751,38.0096,22.2843,22.4781,37.8,55,0
2026-03-12 22:35:08,38.022,22.378,38.1154,37.929,22.2873,22.4689,37.8,55,0
2026-03-12 22:35:08,38.022,22.39,38.1154,37.929,22.2751,22.5055,37.8,55,0
2026-03-12 22:35:09,38.012,22.371,38.0952,37.929,22.237,22.5055,37.8,55,0
2026-03-12 22:35:09,38.052,22.37,38.1154,37.9895,22.2385,22.501,37.8,55,0
2026-03-12 22:35:09,38.012,22.432,38.0952,37.929,22.2736,22.591,37.8,55,0
2026-03-12 22:35:09,38.052,22.394,38.0952,38.0096,22.237,22.5513,37.8,55,0
2026-03-12 22:35:10,38.052,22.376,38.0952,38.0096,22.2248,22.5269,37.8,55,0
2026-03-12 22:35:10,38.052,22.339,38.1154,37.9895,22.1775,22.501,37.8,55,0
2026-03-12 22:35:10,38.012,22.322,38.1355,37.8888,22.1805,22.4643,37.8,55,0
2026-03-12 22:35:10,38.052,22.358,38.1355,37.9693,22.2049,22.5101,37.8,55,0
2026-03-12 22:35:11,38.022,22.335,38.1154,37.929,22.1897,22.4811,37.8,55,0
2026-03-12 22:35:11,38.083,22.342,38.1556,38.0096,22.182,22.5025,37.8,55,0
2026-03-12 22:35:11,38.073,22.372,38.1758,37.9693,22.2217,22.5223,37.8,55,0
2026-03-12 22:35:12,38.062,22.31,38.2161,37.9089,22.1775,22.443,37.8,55,0
2026-03-12 22:35:12,38.052,22.321,38.1154,37.9895,22.1775,22.4643,37.8,55,0
2026-03-12 22:35:12,38.123,22.329,38.2161,38.0298,22.1897,22.4674,37.8,55,0
2026-03-12 22:35:12,38.062,22.309,38.1556,37.9693,22.1698,22.4491,37.8,55,0
2026-03-12 22:35:13,38.093,22.307,38.1959,37.9895,22.1134,22.501,37.8,55,0
2026-03-12 22:35:13,38.062,22.303,38.1154,38.0096,22.1164,22.4903,37.8,55,0
2026-03-12 22:35:13,38.123,22.347,38.2161,38.0298,22.1775,22.5162,37.8,55,0
2026-03-12 22:35:13,38.083,22.287,38.1556,38.0096,22.1332,22.4414,37.8,55,0
2026-03-12 22:35:14,38.113,22.309,38.2362,37.9895,22.1424,22.4765,37.8,55,0
2026-03-12 22:35:14,38.133,22.3,38.2161,38.0499,22.1042,22.4949,37.8,55,0
2026-03-12 22:35:14,38.103,22.315,38.2161,37.9895,22.153,22.4765,37.8,55,0
2026-03-12 22:35:14,38.113,22.316,38.1758,38.0499,22.1363,22.4949,37.8,55,0
2026-03-12 22:35:15,38.083,22.288,38.1758,37.9895,22.1363,22.4399,37.8,55,0
2026-03-12 22:35:15,38.133,22.3,38.2564,38.0096,22.1576,22.4414,37.8,55,0
2026-03-12 22:35:15,38.073,22.262,38.1758,37.9693,22.1241,22.4002,37.8,55,0
2026-03-12 22:35:15,38.143,22.276,38.2161,38.07,22.1164,22.4353,37.8,55,0
2026-03-12 22:35:16,38.093,22.271,38.1758,38.0096,22.1118,22.4292,37.8,55,0
2026-03-12 22:35:16,38.123,22.261,38.1959,38.0499,22.089,22.4338,37.8,55,0
2026-03-12 22:35:16,38.123,22.231,38.2161,38.0298,22.031,22.4308,37.8,55,0
2026-03-12 22:35:17,38.133,22.262,38.2362,38.0298,22.0813,22.443,37.8,55,0
2026-03-12 22:35:17,38.143,22.239,38.2161,38.07,22.0554,22.4231,37.8,55,0
2026-03-12 22:35:17,38.133,22.262,38.2362,38.0298,22.1057,22.4186,37.8,55,0
2026-03-12 22:35:17,38.133,22.244,38.2362,38.0298,22.0691,22.4186,37.8,55,0
2026-03-12 22:35:18,38.103,22.217,38.2161,37.9895,22.0554,22.3789,37.8,55,0
2026-03-12 22:35:18,38.143,22.227,38.2564,38.0298,22.0233,22.4308,37.8,55,0
2026-03-12 22:35:18,38.113,22.151,38.1758,38.0499,21.8433,22.4582,37.8,55,0
2026-03-12 22:35:18,38.083,22.159,38.1959,37.9693,21.9059,22.4125,37.8,55,0
2026-03-12 22:35:19,38.103,22.174,38.2161,37.9895,21.9699,22.3789,37.8,55,0
2026-03-12 22:35:19,38.093,22.185,38.1758,38.0096,21.9654,22.4048,37.8,55,0
2026-03-12 22:35:19,38.103,22.186,38.1556,38.0499,21.9745,22.3972,37.8,55,0
2026-03-12 22:35:19,38.093,22.19,38.1556,38.0298,21.9745,22.4063,37.8,55,0
2026-03-12 22:35:20,38.143,22.184,38.1556,38.1305,21.9745,22.3941,37.8,55,0
2026-03-12 22:35:20,38.113,22.218,38.1758,38.0499,22.002,22.4338,37.8,55,0
2026-03-12 22:35:20,38.103,22.235,38.1959,38.0096,22.0279,22.4414,37.8,55,0
2026-03-12 22:35:20,38.113,22.23,38.2161,38.0096,22.0554,22.4048,37.8,55,0
2026-03-12 22:35:21,38.083,22.245,38.1556,38.0096,22.0722,22.417,37.8,55,0
2026-03-12 22:35:21,38.083,22.221,38.1758,37.9895,22.0264,22.4155,37.8,55,0
2026-03-12 22:35:21,38.163,22.235,38.2564,38.07,22.0478,22.4231,37.8,55,0
2026-03-12 22:35:22,38.193,22.257,38.3168,38.07,22.0783,22.4353,37.8,55,0
2026-03-12 22:35:22,38.143,22.221,38.2362,38.0499,22.0691,22.3728,37.8,55,0
2026-03-12 22:35:22,38.123,22.231,38.1758,38.07,22.0508,22.4109,37.8,55,0
2026-03-12 22:35:22,38.093,22.239,38.1556,38.0298,22.06,22.4186,37.8,55,0
2026-03-12 22:35:23,38.133,22.232,38.1959,38.07,22.0645,22.3987,37.8,55,0
2026-03-12 22:35:23,38.123,22.225,38.1959,38.0499,22.0401,22.4094,37.8,55,0
2026-03-12 22:35:23,38.163,22.26,38.2765,38.0499,22.0493,22.4704,37.8,55,0
2026-03-12 22:35:23,38.133,22.202,38.1758,38.0902,22.0264,22.3774,37.8,55,0
2026-03-12 22:35:24,38.083,22.203,38.1758,37.9895,22.0508,22.3545,37.8,55,0
2026-03-12 22:35:24,38.143,22.221,38.2161,38.07,22.0432,22.3987,37.8,55,0
2026-03-12 22:35:24,38.093,22.222,38.1959,37.9895,22.0645,22.3789,37.8,55,0
2026-03-12 22:35:24,38.113,22.224,38.2362,37.9895,22.0813,22.3667,37.8,55,0
2026-03-12 22:35:25,38.123,22.225,38.1959,38.0499,22.0645,22.385,37.8,55,0
2026-03-12 22:35:25,38.123,22.237,38.1556,38.0902,22.0722,22.4018,37.8,55,0
2026-03-12 22:35:25,38.103,22.21,38.1758,38.0298,22.0508,22.3697,37.8,55,0
2026-03-12 22:35:25,38.123,22.226,38.2564,37.9895,22.0844,22.3667,37.8,55,0
2026-03-12 22:35:26,38.113,22.199,38.1959,38.0298,22.0401,22.3575,37.8,55,0
2026-03-12 22:35:26,38.163,22.242,38.1959,38.1305,22.0645,22.4186,37.8,55,0
2026-03-12 22:35:26,38.133,22.202,38.2161,38.0499,22.0676,22.3362,37.8,55,0
2026-03-12 22:35:27,38.123,22.2,38.1556,38.0902,22.06,22.3407,37.8,55,0
2026-03-12 22:35:27,38.133,22.226,38.2161,38.0499,22.092,22.3606,37.8,55,0
2026-03-12 22:35:27,38.143,22.227,38.2564,38.0298,22.06,22.3941,37.8,55,0
2026-03-12 22:35:27,38.133,22.213,38.1959,38.07,22.0645,22.3621,37.8,55,0
2026-03-12 22:35:28,38.123,22.206,38.1758,38.07,22.0264,22.3865,37.8,55,0
2026-03-12 22:35:28,38.103,22.161,38.1758,38.0298,22.0142,22.3087,37.8,55,0
2026-03-12 22:35:28,38.143,22.197,38.1758,38.1103,22.0264,22.3667,37.8,55,0
2026-03-12 22:35:28,38.083,22.196,38.1556,38.0096,22.0356,22.356,37.8,55,0
2026-03-12 22:35:29,38.123,22.188,38.2161,38.0298,22.0188,22.3575,37.8,55,0
2026-03-12 22:35:29,38.133,22.207,38.1959,38.07,22.0401,22.3743,37.8,55,0
2026-03-12 22:35:29,38.153,22.179,38.2362,38.07,22.0447,22.3133,37.8,55,0
2026-03-12 22:35:29,38.143,22.227,38.2161,38.07,22.1164,22.3377,37.8,55,0
2026-03-12 22:35:30,38.143,22.221,38.1355,38.1506,22.0462,22.3957,37.8,55,0
2026-03-12 22:35:30,38.143,22.209,38.1758,38.1103,22.063,22.3545,37.8,55,0
2026-03-12 22:35:30,38.163,22.235,38.2362,38.0902,22.0935,22.3774,37.8,55,0
2026-03-12 22:35:30,38.123,22.17,38.1758,38.07,22.0142,22.3255,37.8,55,0
2026-03-12 22:35:31,38.133,22.19,38.1758,38.0902,22.0508,22.3285,37.8,55,0
2026-03-12 22:35:31,38.143,22.203,38.1758,38.1103,22.063,22.3423,37.8,55,0
2026-03-12 22:35:31,38.143,22.178,38.2362,38.0499,22.0569,22.2995,37.8,55,0
2026-03-12 22:35:32,38.133,22.195,38.2362,38.0298,22.0569,22.3331,37.8,55,0
2026-03-12 22:35:32,38.113,22.211,38.1959,38.0298,22.0645,22.3575,37.8,55,0
2026-03-12 22:35:32,38.153,22.216,38.1959,38.1103,22.0768,22.3545,37.8,55,0
2026-03-12 22:35:32,38.123,22.182,38.1758,38.07,22.0386,22.3255,37.8,55,0
2026-03-12 22:35:33,38.153,22.148,38.1959,38.1103,21.9547,22.3423,37.8,55,0
2026-03-12 22:35:33,38.163,22.138,38.1758,38.1506,22.002,22.2736,37.8,55,0
2026-03-12 22:35:33,38.113,22.168,38.1556,38.07,22.0233,22.3133,37.8,55,0
2026-03-12 22:35:33,38.133,22.19,38.2564,38.0096,22.0478,22.3316,37.8,55,0
2026-03-12 22:35:34,38.123,22.194,38.1959,38.0499,22.0645,22.3239,37.8,55,0
2026-03-12 22:35:34,38.153,22.222,38.2161,38.0902,22.092,22.3529,37.8,55,0
2026-03-12 22:35:34,38.133,22.219,38.1959,38.07,22.0768,22.3621,37.8,55,0
2026-03-12 22:35:34,38.123,22.188,38.1556,38.0902,22.0233,22.3529,37.8,55,0
2026-03-12 22:35:35,38.093,22.203,38.1556,38.0298,22.0844,22.3209,37.8,55,0
2026-03-12 22:35:35,38.133,22.146,38.1959,38.07,21.9791,22.3133,37.8,55,0
2026-03-12 22:35:35,38.133,22.055,38.1556,38.1103,21.7914,22.3178,37.8,55,0
2026-03-12 22:35:35,38.133,22.11,38.1959,38.07,21.9059,22.3133,37.8,55,0
2026-03-12 22:35:36,38.123,22.139,38.1758,38.07,21.9532,22.3255,37.8,55,0
2026-03-12 22:35:36,38.113,22.151,38.1355,38.0902,21.973,22.3285,37.8,55,0
2026-03-12 22:35:36,38.103,22.186,38.1154,38.0902,22.0188,22.3529,37.8,55,0
2026-03-12 22:35:37,38.113,22.2,38.1355,38.0902,22.0584,22.3407,37.8,55,0
2026-03-12 22:35:37,38.093,22.21,38.1355,38.0499,22.0951,22.3239,37.8,55,0
2026-03-12 22:35:37,38.153,22.216,38.1758,38.1305,22.0996,22.3331,37.8,55,0
2026-03-12 22:35:37,38.143,22.245,38.1959,38.0902,22.1256,22.3651,37.8,55,0
2026-03-12 22:35:38,38.123,22.249,38.1556,38.0902,22.1332,22.3651,37.8,55,0
2026-03-12 22:35:38,38.093,22.258,38.0952,38.0902,22.1637,22.3529,37.8,55,0
2026-03-12 22:35:38,38.113,22.248,38.1556,38.07,22.1576,22.3377,37.8,55,0
2026-03-12 22:35:38,38.093,22.216,38.1355,38.0499,22.1317,22.2995,37.8,55,0
2026-03-12 22:35:39,38.113,22.242,38.1758,38.0499,22.1485,22.3362,37.8,55,0
2026-03-12 22:35:39,38.103,22.229,38.1355,38.07,22.1561,22.3011,37.8,55,0
2026-03-12 22:35:39,38.093,22.271,38.1355,38.0499,22.2171,22.3239,37.8,55,0
2026-03-12 22:35:39,38.143,22.27,38.1556,38.1305,22.182,22.3575,37.8,55,0
2026-03-12 22:35:40,38.113,22.279,38.1758,38.0499,22.1851,22.3728,37.8,55,0
2026-03-12 22:35:40,38.103,22.284,38.1154,38.0902,22.2019,22.3651,37.8,55,0
2026-03-12 22:35:40,38.083,22.318,38.1154,38.0499,22.2263,22.4094,37.8,55,0
2026-03-12 22:35:40,38.113,22.315,38.1154,38.1103,22.2263,22.4033,37.8,55,0
2026-03-12 22:35:41,38.123,22.347,38.1154,38.1305,22.2751,22.4186,37.8,55,0
2026-03-12 22:35:41,38.052,22.315,38.0751,38.0298,22.2232,22.4063,37.8,55,0
2026-03-12 22:35:41,38.123,22.304,38.1355,38.1103,22.2538,22.3545,37.8,55,0
2026-03-12 22:35:42,38.113,22.34,38.1758,38.0499,22.3072,22.3728,37.8,55,0
2026-03-12 22:35:42,38.103,22.332,38.1355,38.07,22.2782,22.3865,37.8,55,0
2026-03-12 22:35:42,38.093,22.301,38.1355,38.0499,22.2293,22.3728,37.8,55,0
2026-03-12 22:35:42,38.052,22.266,38.0952,38.0096,22.2248,22.3072,37.8,55,0
2026-03-12 22:35:43,38.123,22.31,38.1355,38.1103,22.2416,22.3789,37.8,55,0
2026-03-12 22:35:43,38.113,22.278,38.1154,38.1103,22.2019,22.3545,37.8,55,0
2026-03-12 22:35:43,38.113,22.272,38.1154,38.1103,22.2141,22.3301,37.8,55,0
2026-03-12 22:35:43,38.093,22.306,38.1154,38.07,22.2385,22.3743,37.8,55,0
2026-03-12 22:35:44,38.042,22.32,38.0751,38.0096,22.2477,22.3926,37.8,55,0
2026-03-12 22:35:44,38.062,22.298,38.0751,38.0499,22.2477,22.3484,37.8,55,0
2026-03-12 22:35:44,38.103,22.308,38.1758,38.0298,22.2827,22.3331,37.8,55,0
2026-03-12 22:35:44,38.032,22.306,38.0348,38.0298,22.2431,22.3697,37.8,55,0
2026-03-12 22:35:45,38.062,22.304,38.0751,38.0499,22.2232,22.385,37.8,55,0
2026-03-12 22:35:45,38.083,22.306,38.0751,38.0902,22.2721,22.3407,37.8,55,0
2026-03-12 22:35:45,38.083,22.306,38.1758,37.9895,22.2583,22.3545,37.8,55,0
2026-03-12 22:35:45,38.042,22.308,38.0348,38.0499,22.2553,22.3606,37.8,55,0
2026-03-12 22:35:46,38.062,22.267,38.0751,38.0499,22.2354,22.2995,37.8,55,0
2026-03-12 22:35:46,38.062,22.279,38.1154,38.0096,22.2385,22.3194,37.8,55,0
2026-03-12 22:35:46,38.042,22.308,38.0348,38.0499,22.2797,22.3362,37.8,55,0
2026-03-12 22:35:47,38.073,22.317,38.0751,38.07,22.2721,22.3621,37.8,55,0
2026-03-12 22:35:47,38.093,22.277,38.0751,38.1103,22.2232,22.3301,37.8,55,0
2026-03-12 22:35:47,37.992,22.284,37.9542,38.0298,22.2217,22.3453,37.8,55,0
2026-03-12 22:35:47,38.012,22.329,38.0146,38.0096,22.3011,22.356,37.8,55,0
2026-03-12 22:35:48,38.083,22.367,38.0751,38.0902,22.2843,22.4506,37.8,55,0
2026-03-12 22:35:48,38.093,22.362,38.0751,38.1103,22.2965,22.4277,37.8,55,0
2026-03-12 22:35:48,38.022,22.33,37.9945,38.0499,22.2751,22.385,37.8,55,0
2026-03-12 22:35:48,38.052,22.327,38.0348,38.07,22.2797,22.3743,37.8,55,0
2026-03-12 22:35:49,38.042,22.363,38.0348,38.0499,22.2919,22.4338,37.8,55,0
2026-03-12 22:35:49,38.042,22.338,38.0348,38.0499,22.2919,22.385,37.8,55,0
2026-03-12 22:35:49,38.042,22.296,38.0348,38.0499,22.2675,22.3239,37.8,55,0
2026-03-12 22:35:49,38.022,22.324,37.9945,38.0499,22.2873,22.3606,37.8,55,0
2026-03-12 22:35:50,38.032,22.306,38.0146,38.0499,22.2889,22.3239,37.8,55,0
2026-03-12 22:35:50,38.032,22.325,38.0549,38.0096,22.3056,22.3438,37.8,55,0
2026-03-12 22:35:50,38.022,22.312,38.0348,38.0096,22.2919,22.3316,37.8,55,0
2026-03-12 22:35:50,38.032,22.325,38.0348,38.0298,22.3285,22.3209,37.8,55,0
2026-03-12 22:35:51,38.032,22.325,38.0549,38.0096,22.2934,22.356,37.8,55,0
2026-03-12 22:35:51,37.992,22.338,37.9542,38.0298,22.3438,22.3331,37.8,55,0
2026-03-12 22:35:51,38.022,22.373,37.9542,38.0902,22.3194,22.4262,37.8,55,0
2026-03-12 22:35:52,38.042,22.369,38.0348,38.0499,22.3651,22.3728,37.8,55,0
2026-03-12 22:35:52,38.032,22.343,38.0146,38.0499,22.3133,22.3728,37.8,55,0
2026-03-12 22:35:52,37.962,22.341,37.9542,37.9693,22.3194,22.3636,37.8,55,0
2026-03-12 22:35:52,38.032,22.38,38.0549,38.0096,22.3667,22.3926,37.8,55,0
2026-03-12 22:35:53,38.042,22.374,38.0146,38.07,22.3377,22.4109,37.8,55,0
2026-03-12 22:35:53,38.032,22.374,38.0146,38.0499,22.3621,22.385,37.8,55,0
2026-03-12 22:35:53,38.042,22.435,38.0549,38.0298,22.3789,22.4918,37.8,55,0
2026-03-12 22:35:53,38.052,22.412,38.0549,38.0499,22.3789,22.446,37.8,55,0
2026-03-12 22:35:54,38.022,22.366,37.9744,38.07,22.3453,22.3865,37.8,55,0
2026-03-12 22:35:54,38.022,22.416,37.9945,38.0499,22.385,22.446,37.8,55,0
2026-03-12 22:35:54,38.022,22.385,38.0348,38.0096,22.3651,22.4048,37.8,55,0
2026-03-12 22:35:54,38.042,22.399,38.0146,38.07,22.3499,22.4475,37.8,55,0
2026-03-12 22:35:55,37.972,22.386,37.9341,38.0096,22.3423,22.4292,37.8,55,0
2026-03-12 22:35:55,37.992,22.381,37.9744,38.0096,22.3453,22.417,37.8,55,0
2026-03-12 22:35:55,37.982,22.38,37.9744,37.9895,22.3697,22.3911,37.8,55,0
2026-03-12 22:35:55,37.982,22.393,37.9341,38.0298,22.3545,22.4308,37.8,55,0
2026-03-12 22:35:56,37.972,22.373,37.9744,37.9693,22.3819,22.3636,37.8,55,0
2026-03-12 22:35:56,37.962,22.403,37.9341,37.9895,22.3911,22.4155,37.8,55,0
2026-03-12 22:35:56,37.972,22.392,37.9341,38.0096,22.4033,22.3804,37.8,55,0
2026-03-12 22:35:57,38.032,22.422,38.0146,38.0499,22.4109,22.4338,37.8,55,0
2026-03-12 22:35:57,37.942,22.389,37.9341,37.9492,22.3789,22.3987,37.8,55,0
2026-03-12 22:35:57,38.012,22.414,37.9744,38.0499,22.4308,22.3972,37.8,55,0
2026-03-12 22:35:57,37.992,22.381,37.9744,38.0096,22.3941,22.3682,37.8,55,0
2026-03-12 22:35:58,37.982,22.374,37.9542,38.0096,22.3804,22.3682,37.8,55,0
2026-03-12 22:35:58,37.982,22.307,37.9542,38.0096,22.2461,22.3682,37.8,55,0
2026-03-12 22:35:58,37.962,22.354,37.9139,38.0096,22.327,22.3804,37.8,55,0
2026-03-12 22:35:58,37.992,22.363,37.9744,38.0096,22.3453,22.3804,37.8,55,0
2026-03-12 22:35:59,37.982,22.387,37.9341,38.0298,22.3667,22.4063,37.8,55,0
2026-03-12 22:35:59,37.972,22.422,37.9139,38.0298,22.4369,22.4063,37.8,55,0
2026-03-12 22:35:59,37.962,22.433,37.9139,38.0096,22.4125,22.4537,37.8,55,0
2026-03-12 22:35:59,37.932,22.442,37.8535,38.0096,22.4308,22.4537,37.8,55,0
2026-03-12 22:36:00,37.952,22.438,37.8938,38.0096,22.4598,22.417,37.8,55,0
2026-03-12 22:36:00,37.992,22.448,37.9542,38.0298,22.4292,22.4674,37.8,55,0
2026-03-12 22:36:00,37.962,22.44,37.9341,37.9895,22.4399,22.4399,37.8,55,0
2026-03-12 22:36:00,37.911,22.409,37.8334,37.9895,22.3911,22.4277,37.8,55,0
2026-03-12 22:36:01,37.932,22.399,37.8737,37.9895,22.3713,22.4277,37.8,55,0
2026-03-12 22:36:01,37.962,22.427,37.8737,38.0499,22.4323,22.4216,37.8,55,0
2026-03-12 22:36:01,37.942,22.449,37.8535,38.0298,22.4552,22.443,37.8,55,0
2026-03-12 22:36:02,37.952,22.463,37.9139,37.9895,22.4613,22.4643,37.8,55,0
2026-03-12 22:36:02,37.972,22.464,37.9139,38.0298,22.4613,22.4674,37.8,55,0
2026-03-12 22:36:02,37.921,22.477,37.8737,37.9693,22.4933,22.4613,37.8,55,0
2026-03-12 22:36:02,37.921,22.472,37.8938,37.9492,22.4842,22.4598,37.8,55,0
2026-03-12 22:36:03,37.962,22.464,37.8938,38.0298,22.472,22.4552,37.8,55,0
2026-03-12 22:36:03,37.871,22.448,37.8334,37.9089,22.4765,22.4186,37.8,55,0
2026-03-12 22:36:03,37.911,22.446,37.8938,37.929,22.4598,22.4323,37.8,55,0
2026-03-12 22:36:03,37.911,22.452,37.8535,37.9693,22.4674,22.4369,37.8,55,0
2026-03-12 22:36:04,37.911,22.47,37.8938,37.929,22.4964,22.4445,37.8,55,0
2026-03-12 22:36:04,37.921,22.472,37.8938,37.9492,22.5086,22.4353,37.8,55,0
2026-03-12 22:36:04,37.952,22.469,37.9139,37.9895,22.5101,22.4277,37.8,55,0
2026-03-12 22:36:04,37.942,22.48,37.8737,38.0096,22.4933,22.4659,37.8,55,0
2026-03-12 22:36:05,37.992,22.503,37.9542,38.0298,22.5269,22.4796,37.8,55,0
2026-03-12 22:36:05,37.952,22.474,37.8737,38.0298,22.5055,22.443,37.8,55,0
2026-03-12 22:36:05,37.911,22.525,37.8334,37.9895,22.5254,22.5254,37.8,55,0
2026-03-12 22:36:05,37.911,22.501,37.8334,37.9895,22.5132,22.4887,37.8,55,0
2026-03-12 22:36:06,37.911,22.507,37.8334,37.9895,22.5376,22.4765,37.8,55,0
2026-03-12 22:36:06,37.911,22.495,37.8535,37.9693,22.5406,22.4491,37.8,55,0
2026-03-12 22:36:06,37.911,22.489,37.8334,37.9895,22.5254,22.4521,37.8,55,0
2026-03-12 22:36:07,37.871,22.502,37.8132,37.929,22.5605,22.4445,37.8,55,0
2026-03-12 22:36:07,37.962,22.5,37.9139,38.0096,22.5467,22.4537,37.8,55,0
2026-03-12 22:36:07,37.901,22.488,37.8535,37.9492,22.5406,22.4353,37.8,55,0
2026-03-12 22:36:07,37.841,22.529,37.8334,37.8485,22.5376,22.5208,37.8,55,0
2026-03-12 22:36:08,37.861,22.526,37.7729,37.9492,22.5437,22.5086,37.8,55,0
2026-03-12 22:36:08,37.891,22.554,37.8334,37.9492,22.5864,22.5208,37.8,55,0
2026-03-12 22:36:08,37.891,22.511,37.8132,37.9693,22.536,22.4857,37.8,55,0
2026-03-12 22:36:08,37.871,22.557,37.7931,37.9492,22.5696,22.5452,37.8,55,0
2026-03-12 22:36:09,37.881,22.547,37.8132,37.9492,22.5849,22.5086,37.8,55,0
2026-03-12 22:36:09,37.851,22.592,37.7729,37.929,22.6169,22.5666,37.8,55,0
2026-03-12 22:36:09,37.921,22.581,37.9139,37.929,22.6566,22.5055,37.8,55,0
2026-03-12 22:36:09,37.901,22.58,37.8132,37.9895,22.6215,22.5376,37.8,55,0
2026-03-12 22:36:10,37.891,22.554,37.8535,37.929,22.6139,22.4933,37.8,55,0
2026-03-12 22:36:10,37.871,22.582,37.7729,37.9693,22.6413,22.5223,37.8,55,0
2026-03-12 22:36:10,37.821,22.527,37.7931,37.8485,22.5574,22.4964,37.8,55,0
2026-03-12 22:36:10,37.901,22.524,37.8737,37.929,22.6032,22.4445,37.8,55,0
2026-03-12 22:36:11,37.881,22.522,37.7931,37.9693,22.533,22.5101,37.8,55,0
2026-03-12 22:36:11,37.901,22.543,37.8132,37.9895,22.5605,22.5254,37.8,55,0
2026-03-12 22:36:11,37.821,22.528,37.7729,37.8686,22.5681,22.4872,37.8,55,0
2026-03-12 22:36:12,37.821,22.54,37.7528,37.8888,22.5788,22.501,37.8,55,0
2026-03-12 22:36:12,37.871,22.564,37.8334,37.9089,22.6108,22.5162,37.8,55,0
2026-03-12 22:36:12,37.851,22.549,37.8132,37.8888,22.6093,22.4887,37.8,55,0
2026-03-12 22:36:12,37.851,22.555,37.7327,37.9693,22.6001,22.5101,37.8,55,0
2026-03-12 22:36:13,37.78,22.56,37.7125,37.8485,22.5864,22.533,37.8,55,8.884053928496677
2026-03-12 22:36:13,37.891,22.499,37.8334,37.9492,22.4765,22.5208,37.8,55,0
2026-03-12 22:36:13,37.821,22.534,37.7528,37.8888,22.5177,22.5498,37.8,55,0
2026-03-12 22:36:13,37.791,22.537,37.6722,37.9089,22.533,22.5406,37.8,55,3.9100091228002984
2026-03-12 22:36:14,37.841,22.542,37.7729,37.9089,22.5803,22.504,37.8,55,0
2026-03-12 22:36:14,37.76,22.558,37.7125,37.8082,22.5986,22.5177,37.8,55,14.988904543002143
2026-03-12 22:36:14,37.841,22.542,37.7729,37.9089,22.5925,22.4918,37.8,55,0
2026-03-12 22:36:14,37.811,22.575,37.7327,37.8888,22.6246,22.5254,37.8,55,0
2026-03-12 22:36:15,37.871,22.564,37.8132,37.929,22.6337,22.4933,37.8,55,0
2026-03-12 22:36:15,37.791,22.573,37.7327,37.8485,22.6734,22.472,37.8,55,6.191458134738639
2026-03-12 22:36:15,37.791,22.548,37.7327,37.8485,22.6123,22.4842,37.8,55,2.7423953504097556
2026-03-12 22:36:15,37.75,22.568,37.6521,37.8485,22.6398,22.4964,37.8,55,16.390776444073346
2026-03-12 22:36:16,37.811,22.575,37.7327,37.8888,22.6368,22.5132,37.8,55,0
2026-03-12 22:36:16,37.811,22.6,37.7528,37.8686,22.6764,22.5238,37.8,55,0
2026-03-12 22:36:16,37.74,22.593,37.7125,37.7679,22.6841,22.501,37.8,55,21.20916369552234
2026-03-12 22:36:17,37.801,22.605,37.7327,37.8686,22.6734,22.536,37.8,55,0
2026-03-12 22:36:17,37.811,22.593,37.7729,37.8485,22.678,22.5086,37.8,55,0
2026-03-12 22:36:17,37.791,22.603,37.6924,37.8888,22.6444,22.562,37.8,55,5.555139245251424
2026-03-12 22:36:17,37.77,22.62,37.7125,37.8283,22.6596,22.5803,37.8,55,11.731488071411587
2026-03-12 22:36:18,37.791,22.603,37.6924,37.8888,22.681,22.5254,37.8,55,4.55702477227137
2026-03-12 22:36:18,37.791,22.616,37.7125,37.8686,22.7085,22.5238,37.8,55,5.715816449233472
2026-03-12 22:36:18,37.801,22.629,37.7125,37.8888,22.6963,22.562,37.8,55,2.637473371867024
2026-03-12 22:36:18,37.76,22.612,37.632,37.8888,22.6627,22.562,37.8,55,16.51838662084648
2026-03-12 22:36:19,37.811,22.63,37.7327,37.8888,22.7344,22.5254,37.8,55,0
2026-03-12 22:36:19,37.801,22.635,37.7528,37.8485,22.7253,22.5452,37.8,55,4.175548360562432
2026-03-12 22:36:19,37.78,22.651,37.6521,37.9089,22.7131,22.5895,37.8,55,10.584405775477986
2026-03-12 22:36:19,37.791,22.683,37.6722,37.9089,22.7283,22.6383,37.8,55,6.46623299442621
2026-03-12 22:36:20,37.74,22.665,37.6924,37.7881,22.7298,22.6001,37.8,55,23.89610224923161
2026-03-12 22:36:20,37.791,22.634,37.7125,37.8686,22.7207,22.5483,37.8,55,6.184027627531147
2026-03-12 22:36:20,37.72,22.663,37.6118,37.8283,22.7466,22.5803,37.8,55,31.99800798848009
2026-03-12 22:36:20,37.77,22.68,37.6521,37.8888,22.7619,22.5986,37.8,55,14.149483178040821
2026-03-12 22:36:21,37.73,22.658,37.6521,37.8082,22.7008,22.6154,37.8,55,30.220444977777234
2026-03-12 22:36:21,37.77,22.687,37.6722,37.8686,22.7405,22.6337,37.8,55,16.840115721769756
2026-03-12 22:36:21,37.811,22.679,37.7125,37.9089,22.7451,22.6139,37.8,55,5.888175227405911
2026-03-12 22:36:22,37.76,22.699,37.7125,37.8082,22.7451,22.652,37.8,55,24.2410089174829
2026-03-12 22:36:22,37.73,22.67,37.632,37.8283,22.7726,22.5681,37.8,55,32.64745016229406
2026-03-12 22:36:22,37.76,22.692,37.632,37.8888,22.7604,22.623,37.8,55,23.00448722203761
2026-03-12 22:36:22,37.73,22.713,37.632,37.8283,22.8214,22.6047,37.8,55,35.10678232173131
2026-03-12 22:36:23,37.72,22.7,37.5715,37.8686,22.7665,22.6337,37.8,55,38.58262108706968
2026-03-12 22:36:23,37.76,22.716,37.6722,37.8485,22.7893,22.6429,37.8,55,26.79581364983422
2026-03-12 22:36:23,37.68,22.671,37.5514,37.8082,22.7512,22.591,37.8,55,55.75342209321045
2026-03-12 22:36:23,37.71,22.723,37.6521,37.7679,22.8107,22.6352,37.8,55,44.94981877645024
2026-03-12 22:36:24,37.7,22.734,37.632,37.7679,22.8214,22.6474,37.8,55,51.60891723014559
2026-03-12 22:36:24,37.71,22.729,37.632,37.7881,22.8092,22.649,37.8,55,50.10841319124513
2026-03-12 22:36:24,37.73,22.731,37.6722,37.7881,22.8138,22.649,37.8,55,46.01814121930011
2026-03-12 22:36:24,37.74,22.714,37.632,37.8485,22.797,22.6307,37.8,55,45.21633466454079
2026-03-12 22:36:25,37.72,22.7,37.6118,37.8283,22.7832,22.6169,37.8,55,53.573577754962045
2026-03-12 22:36:25,37.71,22.687,37.6118,37.8082,22.7955,22.5788,37.8,55,57.72959865498387
2026-03-12 22:36:25,37.72,22.682,37.632,37.8082,22.7848,22.5788,37.8,55,56.00660517617668
2026-03-12 22:36:25,37.7,22.686,37.632,37.7679,22.7848,22.5864,37.8,55,64.8115966269273
2026-03-12 22:36:26,37.75,22.703,37.632,37.8686,22.7726,22.6337,37.8,55,49.737045593881355
2026-03-12 22:36:26,37.68,22.683,37.6118,37.7478,22.7832,22.5834,37.8,55,76.09418667264278
2026-03-12 22:36:26,37.69,22.74,37.6118,37.7679,22.8321,22.6474,37.8,55,72.30328862908482
2026-03-12 22:36:27,37.7,22.716,37.632,37.7679,22.8336,22.5986,37.8,55,71.93927375821336
2026-03-12 22:36:27,37.73,22.683,37.6924,37.7679,22.7665,22.5986,37.8,55,64.79576508463653
2026-03-12 22:36:27,37.69,22.702,37.5514,37.8283,22.8,22.6047,37.8,55,80.84704759729176
2026-03-12 22:36:27,37.7,22.686,37.6118,37.7881,22.7832,22.5879,37.8,55,78.2021213847467
2026-03-12 22:36:28,37.68,22.714,37.5514,37.8082,22.8122,22.6154,37.8,55,87.45368115475891
2026-03-12 22:36:28,37.7,22.71,37.6118,37.7881,22.7832,22.6368,37.8,55,82.66466729415743
2026-03-12 22:36:28,37.67,22.7,37.5514,37.7881,22.8,22.6001,37.8,55,95.65211415490282
2026-03-12 22:36:28,37.66,22.724,37.5917,37.7276,22.829,22.6184,37.8,55,100
2026-03-12 22:36:29,37.7,22.728,37.5917,37.8082,22.8168,22.6398,37.8,55,90.0245534299156
2026-03-12 22:36:29,37.68,22.72,37.5514,37.8082,22.7878,22.652,37.8,55,100
2026-03-12 22:36:29,37.67,22.731,37.5111,37.8283,22.771,22.6902,37.8,55,100
2026-03-12 22:36:29,37.67,22.768,37.6118,37.7276,22.8565,22.6795,37.8,55,100
2026-03-12 22:36:30,37.64,22.764,37.5111,37.7679,22.8321,22.6963,37.8,55,100
2026-03-12 22:36:30,37.68,22.756,37.6521,37.7075,22.8595,22.652,37.8,55,100
2026-03-12 22:36:30,37.66,22.742,37.5514,37.7679,22.8122,22.6719,37.8,55,100
2026-03-12 22:36:30,37.65,22.741,37.5312,37.7679,22.8229,22.6596,37.8,55,100
2026-03-12 22:36:31,37.7,22.746,37.6521,37.7478,22.8595,22.6322,37.8,55,100
2026-03-12 22:36:31,37.7,22.777,37.632,37.7679,22.8458,22.7085,37.8,55,100
2026-03-12 22:36:31,37.67,22.761,37.5917,37.7478,22.829,22.6932,37.8,55,100
2026-03-12 22:36:31,37.67,22.755,37.5514,37.7881,22.8367,22.6734,37.8,55,100
2026-03-12 22:36:32,37.7,22.716,37.6118,37.7881,22.7832,22.649,37.8,55,100
2026-03-12 22:36:32,37.65,22.753,37.5111,37.7881,22.8077,22.6978,37.8,55,100
2026-03-12 22:36:32,37.66,22.742,37.5715,37.7478,22.8397,22.6444,37.8,55,100
2026-03-12 22:36:33,37.629,22.745,37.5312,37.7276,22.8351,22.6551,37.8,55,100
2026-03-12 22:36:33,37.66,22.748,37.5715,37.7478,22.8275,22.6688,37.8,55,100
2026-03-12 22:36:33,37.68,22.763,37.5917,37.7679,22.829,22.6963,37.8,55,100
2026-03-12 22:36:33,37.68,22.763,37.6118,37.7478,22.8321,22.6932,37.8,55,100
2026-03-12 22:36:34,37.65,22.759,37.5514,37.7478,22.8489,22.6688,37.8,55,100
2026-03-12 22:36:34,37.69,22.77,37.632,37.7478,22.8214,22.7176,37.8,55,100
2026-03-12 22:36:34,37.69,22.764,37.5715,37.8082,22.8275,22.7008,37.8,55,100
2026-03-12 22:36:34,37.66,22.748,37.6118,37.7075,22.8077,22.6886,37.8,55,100
2026-03-12 22:36:35,37.71,22.741,37.6521,37.7679,22.8107,22.6719,37.8,55,100
2026-03-12 22:36:35,37.66,22.742,37.5312,37.7881,22.8107,22.6734,37.8,55,100
2026-03-12 22:36:35,37.7,22.746,37.6521,37.7478,22.8107,22.681,37.8,55,100
2026-03-12 22:36:35,37.68,22.738,37.5514,37.8082,22.8244,22.652,37.8,55,100
2026-03-12 22:36:36,37.66,22.754,37.5715,37.7478,22.8153,22.6932,37.8,55,100
2026-03-12 22:36:36,37.7,22.741,37.6118,37.7881,22.8077,22.6734,37.8,55,100
2026-03-12 22:36:36,37.71,22.76,37.632,37.7881,22.8092,22.71,37.8,55,100
2026-03-12 22:36:36,37.7,22.789,37.5917,37.8082,22.8534,22.7253,37.8,55,100
2026-03-12 22:36:37,37.67,22.744,37.6118,37.7276,22.8077,22.6795,37.8,55,100
2026-03-12 22:36:37,37.71,22.741,37.632,37.7881,22.797,22.6856,37.8,55,100
2026-03-12 22:36:37,37.7,22.759,37.632,37.7679,22.8336,22.6841,37.8,55,100
2026-03-12 22:36:38,37.71,22.76,37.632,37.7881,22.8214,22.6978,37.8,55,100
2026-03-12 22:36:38,37.64,22.716,37.6118,37.6672,22.7832,22.649,37.8,55,100
2026-03-12 22:36:38,37.71,22.76,37.6521,37.7679,22.7985,22.7207,37.8,55,100
2026-03-12 22:36:38,37.74,22.738,37.6924,37.7881,22.7787,22.6978,37.8,55,100
2026-03-12 22:36:39,37.69,22.764,37.6118,37.7679,22.8077,22.7207,37.8,55,100
2026-03-12 22:36:39,37.72,22.749,37.6118,37.8283,22.7832,22.7146,37.8,55,100
2026-03-12 22:36:39,37.73,22.713,37.632,37.8283,22.7726,22.6535,37.8,55,100
2026-03-12 22:36:39,37.68,22.738,37.632,37.7276,22.797,22.6795,37.8,55,100
2026-03-12 22:36:40,37.7,22.752,37.6521,37.7478,22.7863,22.7176,37.8,55,100
2026-03-12 22:36:40,37.71,22.729,37.6521,37.7679,22.7863,22.6719,37.8,55,100
2026-03-12 22:36:40,37.71,22.753,37.6722,37.7478,22.7893,22.7176,37.8,55,100
2026-03-12 22:36:40,37.73,22.725,37.6722,37.7881,22.7893,22.6612,37.8,55,100
2026-03-12 22:36:41,37.74,22.708,37.6722,37.8082,22.7405,22.6764,37.8,55,100
2026-03-12 22:36:41,37.7,22.728,37.6521,37.7478,22.7619,22.6932,37.8,55,100
2026-03-12 22:36:41,37.71,22.735,37.6722,37.7478,22.7405,22.7298,37.8,55,100
2026-03-12 22:36:41,37.71,22.753,37.6521,37.7679,22.7619,22.7451,37.8,55,100
2026-03-12 22:36:42,37.76,22.759,37.7327,37.7881,22.771,22.7466,37.8,55,100
2026-03-12 22:36:42,37.73,22.725,37.6722,37.7881,22.7649,22.6856,37.8,55,100
2026-03-12 22:36:42,37.73,22.707,37.6521,37.8082,22.7253,22.6886,37.8,55,100
2026-03-12 22:36:43,37.78,22.7,37.7327,37.8283,22.7344,22.6658,37.8,55,100
2026-03-12 22:36:43,37.77,22.748,37.7327,37.8082,22.7466,22.7497,37.8,55,100
2026-03-12 22:36:43,37.75,22.728,37.7125,37.7881,22.7085,22.7466,37.8,55,100
2026-03-12 22:36:43,37.77,22.712,37.7125,37.8283,22.7329,22.6902,37.8,55,100
2026-03-12 22:36:44,37.72,22.724,37.632,37.8082,22.7237,22.7253,37.8,55,100
2026-03-12 22:36:44,37.78,22.7,37.7327,37.8283,22.71,22.6902,37.8,55,100
2026-03-12 22:36:44,37.801,22.69,37.8132,37.7881,22.7192,22.6612,37.8,55,98.75953326386878
2026-03-12 22:36:44,37.75,22.66,37.7729,37.7276,22.6902,22.6307,37.8,55,100
2026-03-12 22:36:45,37.831,22.669,37.8737,37.7881,22.7008,22.6368,37.8,55,87.55180192323112
2026-03-12 22:36:45,37.791,22.634,37.8132,37.7679,22.6581,22.6108,37.8,55,100
2026-03-12 22:36:45,37.76,22.644,37.7528,37.7679,22.6642,22.623,37.8,55,100
2026-03-12 22:36:45,37.74,22.659,37.7327,37.7478,22.6856,22.6322,37.8,55,100
2026-03-12 22:36:46,37.801,22.654,37.8132,37.7881,22.6703,22.6368,37.8,55,96.93500602937588
2026-03-12 22:36:46,37.77,22.626,37.7729,37.7679,22.6047,22.6474,37.8,55,100
2026-03-12 22:36:46,37.821,22.607,37.8535,37.7881,22.6139,22.6001,37.8,55,91.7440384169528
2026-03-12 22:36:46,37.791,22.616,37.8132,37.7679,22.6215,22.6108,37.8,55,100
2026-03-12 22:36:47,37.791,22.652,37.7931,37.7881,22.6307,22.6734,37.8,55,100
2026-03-12 22:36:47,37.841,22.591,37.8535,37.8283,22.6017,22.5803,37.8,55,86.07556424381066
2026-03-12 22:36:47,37.811,22.605,37.8334,37.7881,22.5864,22.6246,37.8,55,97.27851110036103
2026-03-12 22:36:48,37.811,22.599,37.8334,37.7881,22.5498,22.649,37.8,55,95.66436955486851
2026-03-12 22:36:48,37.871,22.6,37.9542,37.7881,22.5635,22.6368,37.8,55,75.73984388163821
2026-03-12 22:36:48,37.871,22.625,37.9341,37.8082,22.5986,22.652,37.8,55,76.88943257263283
2026-03-12 22:36:48,37.851,22.628,37.8132,37.8888,22.5605,22.6963,37.8,55,81.86182730528239
2026-03-12 22:36:49,37.831,22.644,37.8737,37.7881,22.6032,22.6856,37.8,55,86.36839923952448
2026-03-12 22:36:49,37.841,22.628,37.8737,37.8082,22.5788,22.6764,37.8,55,81.48274043642364
2026-03-12 22:36:49,37.861,22.612,37.8938,37.8283,22.533,22.6902,37.8,55,74.46203494970035
2026-03-12 22:36:49,37.851,22.61,37.8737,37.8283,22.5666,22.6535,37.8,55,77.28965394881617
2026-03-12 22:36:50,37.841,22.578,37.8334,37.8485,22.5376,22.6184,37.8,55,78.97283279328639
2026-03-12 22:36:50,37.851,22.616,37.8535,37.8485,22.5406,22.6917,37.8,55,74.31987575728206
2026-03-12 22:36:50,37.801,22.568,37.8535,37.7478,22.504,22.6322,37.8,55,90.0338717235381
2026-03-12 22:36:50,37.901,22.561,37.8938,37.9089,22.4964,22.6261,37.8,55,54.93411391633663
2026-03-12 22:36:51,37.911,22.568,37.9139,37.9089,22.4857,22.6505,37.8,55,53.95587583619459
2026-03-12 22:36:51,37.881,22.528,37.9744,37.7881,22.4796,22.5757,37.8,55,61.768317969566
2026-03-12 22:36:51,37.911,22.506,37.9744,37.8485,22.4186,22.594,37.8,55,48.74944320260428
2026-03-12 22:36:51,37.871,22.502,37.8938,37.8485,22.3499,22.6551,37.8,55,60.753723071821646
2026-03-12 22:36:52,37.911,22.489,37.9341,37.8888,22.3911,22.5864,37.8,55,44.222437452150686
2026-03-12 22:36:52,37.952,22.56,38.0146,37.8888,22.4475,22.6719,37.8,55,30.1159565897321
2026-03-12 22:36:52,37.901,22.506,37.9542,37.8485,22.4048,22.6062,37.8,55,45.31118244381398
2026-03-12 22:36:53,37.861,22.483,37.9139,37.8082,22.388,22.5788,37.8,55,53.84515989079379
2026-03-12 22:36:53,37.972,22.525,37.9744,37.9693,22.3941,22.6566,37.8,55,14.252324491877175
2026-03-12 22:36:53,37.952,22.444,37.9341,37.9693,22.3178,22.5711,37.8,55,22.02627406827512
2026-03-12 22:36:53,37.952,22.396,37.9945,37.9089,22.2263,22.565,37.8,55,17.715710852692872
2026-03-12 22:36:54,37.911,22.373,37.9139,37.9089,22.2049,22.5406,37.8,55,27.762984638400933
2026-03-12 22:36:54,37.952,22.383,37.9744,37.929,22.2599,22.5055,37.8,55,9.963923560402247
2026-03-12 22:36:54,37.952,22.42,37.9945,37.9089,22.2995,22.5406,37.8,55,8.434319382227379
2026-03-12 22:36:54,37.992,22.467,38.0751,37.9089,22.3087,22.6261,37.8,55,0
2026-03-12 22:36:55,37.982,22.429,38.0146,37.9492,22.2889,22.5696,37.8,55,0
2026-03-12 22:36:55,37.952,22.444,37.9945,37.9089,22.2995,22.5895,37.8,55,0
2026-03-12 22:36:55,38.002,22.413,38.0549,37.9492,22.3056,22.5208,37.8,55,0
2026-03-12 22:36:55,37.982,22.411,38.0146,37.9492,22.3133,22.5086,37.8,55,0
2026-03-12 22:36:56,38.032,22.399,38.0751,37.9895,22.3087,22.4887,37.8,55,0
2026-03-12 22:36:56,37.962,22.433,38.0348,37.8888,22.3407,22.5254,37.8,55,0
2026-03-12 22:36:56,37.962,22.421,38.0146,37.9089,22.3011,22.5406,37.8,55,0
2026-03-12 22:36:56,38.002,22.413,38.0751,37.929,22.3209,22.5055,37.8,55,0
2026-03-12 22:36:57,38.002,22.432,38.0952,37.9089,22.298,22.565,37.8,55,0
2026-03-12 22:36:57,37.972,22.409,37.9744,37.9693,22.3087,22.5101,37.8,55,0
2026-03-12 22:36:57,38.022,22.391,38.0952,37.9492,22.298,22.4842,37.8,55,0
2026-03-12 22:36:58,38.012,22.341,38.0549,37.9693,22.2202,22.4613,37.8,55,0
2026-03-12 22:36:58,38.073,22.366,38.1556,37.9895,22.2187,22.5132,37.8,55,0
2026-03-12 22:36:58,38.002,22.328,38.0751,37.929,22.1988,22.4567,37.8,55,0
2026-03-12 22:36:58,37.992,22.296,38.0751,37.9089,22.15,22.443,37.8,55,0
2026-03-12 22:36:59,38.032,22.301,38.0751,37.9895,22.1622,22.4399,37.8,55,0
2026-03-12 22:36:59,37.972,22.336,38.0146,37.929,22.179,22.4933,37.8,55,0
2026-03-12 22:36:59,38.083,22.342,38.1556,38.0096,22.2065,22.4781,37.8,55,0
2026-03-12 22:36:59,38.052,22.339,38.1556,37.9492,22.2065,22.472,37.8,55,0
2026-03-12 22:37:00,38.052,22.321,38.1758,37.929,22.2095,22.4323,37.8,55,0
2026-03-12 22:37:00,38.073,22.341,38.0952,38.0499,22.2004,22.4826,37.8,55,0
2026-03-12 22:37:00,38.093,22.313,38.1556,38.0298,22.1576,22.4674,37.8,55,0
2026-03-12 22:37:00,38.062,22.303,38.1556,37.9693,22.182,22.4247,37.8,55,0
2026-03-12 22:37:01,38.083,22.3,38.1355,38.0298,22.1561,22.443,37.8,55,0
2026-03-12 22:37:01,38.062,22.303,38.0952,38.0298,22.1393,22.4674,37.8,55,0
2026-03-12 22:37:01,38.123,22.304,38.1959,38.0499,22.1622,22.446,37.8,55,0
2026-03-12 22:37:01,38.032,22.277,38.0751,37.9895,22.1256,22.4277,37.8,55,0
2026-03-12 22:37:02,38.042,22.271,38.0751,38.0096,22.1134,22.4292,37.8,55,0
2026-03-12 22:37:02,38.062,22.297,38.0952,38.0298,22.1393,22.4552,37.8,55,0
2026-03-12 22:37:02,38.093,22.307,38.2161,37.9693,22.1653,22.4491,37.8,55,0
2026-03-12 22:37:03,38.083,22.281,38.1154,38.0499,22.1042,22.4582,37.8,55,0
2026-03-12 22:37:03,38.062,22.248,38.1959,37.929,22.1256,22.3713,37.8,55,0
2026-03-12 22:37:03,38.113,22.267,38.2161,38.0096,22.1164,22.417,37.8,55,0
2026-03-12 22:37:03,38.123,22.286,38.1959,38.0499,22.1622,22.4094,37.8,55,0
2026-03-12 22:37:04,38.113,22.296,38.1959,38.0298,22.1622,22.4308,37.8,55,0
2026-03-12 22:37:04,38.083,22.287,38.1959,37.9693,22.15,22.4247,37.8,55,0
2026-03-12 22:37:04,38.143,22.3,38.2161,38.07,22.1408,22.4598,37.8,55,0
2026-03-12 22:37:04,38.093,22.21,38.2161,37.9693,22.031,22.388,37.8,55,0
2026-03-12 22:37:05,38.133,22.164,38.1959,38.07,21.9669,22.3621,37.8,55,0
2026-03-12 22:37:05,38.113,22.174,38.1556,38.07,21.9745,22.3743,37.8,55,0
2026-03-12 22:37:05,38.103,22.199,38.2161,37.9895,22.031,22.3667,37.8,55,0
2026-03-12 22:37:05,38.153,22.24,38.1959,38.1103,22.0645,22.4155,37.8,55,0
2026-03-12 22:37:06,38.103,22.193,38.2161,37.9895,22.031,22.3545,37.8,55,0
2026-03-12 22:37:06,38.113,22.218,38.1355,38.0902,22.0462,22.3896,37.8,55,0
2026-03-12 22:37:06,38.113,22.212,38.1758,38.0499,22.0508,22.3728,37.8,55,0
2026-03-12 22:37:06,38.143,22.203,38.2564,38.0298,22.0722,22.3331,37.8,55,0
2026-03-12 22:37:07,38.133,22.238,38.2161,38.0499,22.0554,22.4216,37.8,55,0
2026-03-12 22:37:07,38.133,22.257,38.2161,38.0499,22.092,22.4216,37.8,55,0
2026-03-12 22:37:07,38.113,22.248,38.1959,38.0298,22.1012,22.3941,37.8,55,0
2026-03-12 22:37:08,38.093,22.251,38.1556,38.0298,22.0966,22.4063,37.8,55,0
2026-03-12 22:37:08,38.113,22.2,38.2161,38.0096,22.0554,22.3438,37.8,55,0
2026-03-12 22:37:08,38.123,22.206,38.1959,38.0499,22.0523,22.3606,37.8,55,0
2026-03-12 22:37:08,38.153,22.21,38.2161,38.0902,22.0554,22.3651,37.8,55,0
2026-03-12 22:37:09,38.073,22.183,38.1758,37.9693,22.0264,22.3392,37.8,55,0
2026-03-12 22:37:09,38.143,22.197,38.1959,38.0902,22.0523,22.3407,37.8,55,0
2026-03-12 22:37:09,38.123,22.2,38.2362,38.0096,22.0691,22.3316,37.8,55,0
2026-03-12 22:37:09,38.153,22.186,38.2161,38.0902,22.0188,22.3529,37.8,55,0
2026-03-12 22:37:10,38.143,22.178,38.2161,38.07,22.031,22.3255,37.8,55,0
2026-03-12 22:37:10,38.113,22.181,38.1758,38.0499,22.0508,22.3117,37.8,55,0
2026-03-12 22:37:10,38.234,22.194,38.2765,38.1909,22.0615,22.327,37.8,55,0
2026-03-12 22:37:10,38.113,22.187,38.1959,38.0298,22.0401,22.3331,37.8,55,0
2026-03-12 22:37:11,38.183,22.244,38.2564,38.1103,22.121,22.3667,37.8,55,0
2026-03-12 22:37:11,38.153,22.241,38.2161,38.0902,22.0798,22.4018,37.8,55,0
2026-03-12 22:37:11,38.183,22.213,38.2966,38.07,22.0752,22.3499,37.8,55,0
2026-03-12 22:37:11,38.093,22.209,38.1154,38.07,22.0554,22.3621,37.8,55,0
2026-03-12 22:37:12,38.153,22.247,38.2161,38.0902,22.092,22.4018,37.8,55,0
2026-03-12 22:37:12,38.173,22.2,38.2362,38.1103,22.0325,22.3667,37.8,55,0
2026-03-12 22:37:12,38.113,22.212,38.2161,38.0096,22.0554,22.3682,37.8,55,0
2026-03-12 22:37:13,38.123,22.206,38.2161,38.0298,22.031,22.3819,37.8,55,0
2026-03-12 22:37:13,38.143,22.203,38.1959,38.0902,22.0401,22.3651,37.8,55,0
2026-03-12 22:37:13,38.143,22.239,38.1758,38.1103,22.0996,22.3789,37.8,55,0
2026-03-12 22:37:13,38.163,22.229,38.2765,38.0499,22.0737,22.385,37.8,55,0
2026-03-12 22:37:14,38.163,22.217,38.2564,38.07,22.0722,22.3621,37.8,55,0
2026-03-12 22:37:14,38.163,22.229,38.2362,38.0902,22.0691,22.3896,37.8,55,0
2026-03-12 22:37:14,38.214,22.21,38.2966,38.1305,22.0752,22.3453,37.8,55,0
2026-03-12 22:37:14,38.163,22.235,38.2362,38.0902,22.0935,22.3774,37.8,55,0
2026-03-12 22:37:15,38.133,22.219,38.1959,38.07,22.0645,22.3743,37.8,55,0
2026-03-12 22:37:15,38.153,22.21,38.1959,38.1103,22.0523,22.3667,37.8,55,0
2026-03-12 22:37:15,38.173,22.2,38.2765,38.07,22.0371,22.3621,37.8,55,0
2026-03-12 22:37:15,38.203,22.191,38.2564,38.1506,22.0478,22.3346,37.8,55,0
2026-03-12 22:37:16,38.173,22.181,38.2362,38.1103,22.0203,22.3423,37.8,55,0
2026-03-12 22:37:16,38.123,22.176,38.1556,38.0902,21.9989,22.3529,37.8,55,0
2026-03-12 22:37:16,38.214,22.186,38.2765,38.1506,22.0493,22.3224,37.8,55,0
2026-03-12 22:37:16,38.183,22.158,38.2966,38.07,22.0386,22.2766,37.8,55,0
2026-03-12 22:37:17,38.123,22.182,38.1959,38.0499,22.0279,22.3362,37.8,55,0
2026-03-12 22:37:17,38.163,22.168,38.2362,38.0902,22.0203,22.3163,37.8,55,0
2026-03-12 22:37:17,38.193,22.159,38.2765,38.1103,22.0127,22.3056,37.8,55,0
2026-03-12 22:37:18,38.163,22.199,38.2161,38.1103,22.0676,22.3301,37.8,55,0
2026-03-12 22:37:18,38.143,22.233,38.2362,38.0499,22.1057,22.3606,37.8,55,0
2026-03-12 22:37:18,38.153,22.216,38.2161,38.0902,22.092,22.3407,37.8,55,0
2026-03-12 22:37:18,38.183,22.238,38.2362,38.1305,22.1057,22.3697,37.8,55,0
2026-03-12 22:37:19,38.143,22.215,38.2161,38.07,22.0798,22.3499,37.8,55,0
2026-03-12 22:37:19,38.153,22.222,38.1959,38.1103,22.1134,22.3301,37.8,55,0
2026-03-12 22:37:19,38.133,22.226,38.2161,38.0499,22.1286,22.3239,37.8,55,0
2026-03-12 22:37:19,38.203,22.179,38.2765,38.1305,22.0615,22.2965,37.8,55,0
2026-03-12 22:37:20,38.183,22.189,38.2564,38.1103,22.06,22.3178,37.8,55,0
2026-03-12 22:37:20,38.153,22.186,38.2161,38.0902,22.0676,22.3041,37.8,55,0
2026-03-12 22:37:20,38.173,22.206,38.2161,38.1305,22.1042,22.3087,37.8,55,0
2026-03-12 22:37:20,38.173,22.181,38.2362,38.1103,22.0569,22.3056,37.8,55,0
2026-03-12 22:37:21,38.173,22.164,38.2161,38.1305,22.0676,22.2599,37.8,55,0
2026-03-12 22:37:21,38.173,22.139,38.1959,38.1506,22.0279,22.2492,37.8,55,0
2026-03-12 22:37:21,38.153,22.143,38.1758,38.1305,21.9898,22.2965,37.8,55,0
2026-03-12 22:37:21,38.163,22.15,38.2161,38.1103,22.0554,22.2446,37.8,55,0
2026-03-12 22:37:22,38.153,22.143,38.2161,38.0902,22.0432,22.2431,37.8,55,0
2026-03-12 22:37:22,38.163,22.174,38.2362,38.0902,22.0691,22.2797,37.8,55,0
2026-03-12 22:37:22,38.183,22.164,38.2161,38.1506,22.0554,22.2736,37.8,55,0
2026-03-12 22:37:23,38.143,22.166,38.2161,38.07,22.0676,22.2644,37.8,55,0
2026-03-12 22:37:23,38.123,22.17,38.1758,38.07,22.063,22.2766,37.8,55,0
2026-03-12 22:37:23,38.123,22.158,38.1758,38.07,22.063,22.2522,37.8,55,0
2026-03-12 22:37:23,38.153,22.131,38.2161,38.0902,21.9944,22.2675,37.8,55,0
2026-03-12 22:37:24,38.193,22.184,38.1959,38.1909,22.0645,22.3026,37.8,55,0
2026-03-12 22:37:24,38.103,22.155,38.1959,38.0096,22.0523,22.2583,37.8,55,0
2026-03-12 22:37:24,38.203,22.161,38.2564,38.1506,22.0478,22.2736,37.8,55,0
2026-03-12 22:37:24,38.133,22.189,38.1556,38.1103,22.0844,22.2934,37.8,55,0
2026-03-12 22:37:25,38.123,22.188,38.1959,38.0499,22.0768,22.2995,37.8,55,0
2026-03-12 22:37:25,38.163,22.205,38.2362,38.0902,22.1057,22.3041,37.8,55,0
2026-03-12 22:37:25,38.123,22.219,38.1355,38.1103,22.0829,22.3545,37.8,55,0
2026-03-12 22:37:25,38.133,22.159,38.2161,38.0499,22.0798,22.2385,37.8,55,0
2026-03-12 22:37:26,38.103,22.161,38.1556,38.0499,22.0722,22.2507,37.8,55,0
2026-03-12 22:37:26,38.133,22.171,38.1355,38.1305,22.034,22.3087,37.8,55,0
2026-03-12 22:37:26,38.133,22.183,38.1556,38.1103,22.0722,22.2934,37.8,55,0
2026-03-12 22:37:26,38.153,22.173,38.1959,38.1103,22.089,22.2568,37.8,55,0
2026-03-12 22:37:27,38.123,22.188,38.1154,38.1305,22.0798,22.2965,37.8,55,0
2026-03-12 22:37:27,38.113,22.236,38.1758,38.0499,22.1485,22.3239,37.8,55,0
2026-03-12 22:37:27,38.133,22.232,38.1758,38.0902,22.1363,22.3285,37.8,55,0
2026-03-12 22:37:28,38.123,22.225,38.1556,38.0902,22.1332,22.3163,37.8,55,0
2026-03-12 22:37:28,38.143,22.227,38.1758,38.1103,22.1241,22.3301,37.8,55,0
2026-03-12 22:37:28,38.173,22.23,38.1959,38.1506,22.1134,22.3468,37.8,55,0
2026-03-12 22:37:28,38.113,22.206,38.1355,38.0902,22.0951,22.3163,37.8,55,0
2026-03-12 22:37:29,38.133,22.244,38.1959,38.07,22.1378,22.3499,37.8,55,0
2026-03-12 22:37:29,38.153,22.247,38.2564,38.0499,22.1576,22.3362,37.8,55,0
2026-03-12 22:37:29,38.083,22.251,38.0952,38.07,22.1759,22.3255,37.8,55,0
2026-03-12 22:37:29,38.123,22.286,38.1556,38.0902,22.1698,22.4018,37.8,55,0
2026-03-12 22:37:30,38.113,22.217,38.1154,38.1103,22.1408,22.2934,37.8,55,0
2026-03-12 22:37:30,38.113,22.235,38.1556,38.07,22.1576,22.3133,37.8,55,0
2026-03-12 22:37:30,38.133,22.171,38.1556,38.1103,22.121,22.2202,37.8,55,0
2026-03-12 22:37:30,38.062,22.206,38.0751,38.0499,22.1256,22.2873,37.8,55,0
2026-03-12 22:37:31,38.143,22.239,38.1758,38.1103,22.1363,22.3423,37.8,55,0
2026-03-12 22:37:31,38.073,22.219,38.0751,38.07,22.1378,22.3011,37.8,55,0
2026-03-12 22:37:31,38.133,22.219,38.1959,38.07,22.15,22.2889,37.8,55,0
2026-03-12 22:37:31,38.083,22.197,38.0751,38.0902,22.1378,22.2553,37.8,55,0
2026-03-12 22:37:32,38.123,22.237,38.1355,38.1103,22.1805,22.2934,37.8,55,0
2026-03-12 22:37:32,38.103,22.21,38.1355,38.07,22.1561,22.2644,37.8,55,0
2026-03-12 22:37:32,38.103,22.216,38.1355,38.07,22.1439,22.2889,37.8,55,0
2026-03-12 22:37:33,38.073,22.177,38.1556,37.9895,22.0966,22.2568,37.8,55,0
2026-03-12 22:37:33,38.083,22.19,38.1154,38.0499,22.1164,22.2629,37.8,55,0
2026-03-12 22:37:33,38.123,22.219,38.1355,38.1103,22.1561,22.2812,37.8,55,0
2026-03-12 22:37:33,38.093,22.216,38.1355,38.0499,22.1561,22.2751,37.8,55,0
2026-03-12 22:37:34,38.083,22.215,38.0751,38.0902,22.1378,22.2919,37.8,55,0
2026-03-12 22:37:34,38.113,22.248,38.0952,38.1305,22.1759,22.3209,37.8,55,0
2026-03-12 22:37:34,38.133,22.274,38.1959,38.07,22.1866,22.3621,37.8,55,0
2026-03-12 22:37:34,38.083,22.257,38.0952,38.07,22.1637,22.3499,37.8,55,0
2026-03-12 22:37:35,38.062,22.255,38.0952,38.0298,22.2004,22.3087,37.8,55,0
2026-03-12 22:37:35,38.032,22.252,38.0751,37.9895,22.1988,22.3056,37.8,55,0
2026-03-12 22:37:35,38.093,22.246,38.0952,38.0902,22.1759,22.3163,37.8,55,0
2026-03-12 22:37:35,38.052,22.29,38.0549,38.0499,22.2568,22.3239,37.8,55,0
2026-03-12 22:37:36,38.103,22.296,38.1355,38.07,22.2416,22.3499,37.8,55,0
2026-03-12 22:37:36,38.042,22.265,38.0348,38.0499,22.2187,22.3117,37.8,55,0
2026-03-12 22:37:36,38.052,22.254,38.0751,38.0298,22.2354,22.2721,37.8,55,0
2026-03-12 22:37:36,38.073,22.274,38.0549,38.0902,22.2568,22.2919,37.8,55,0
2026-03-12 22:37:37,38.073,22.293,38.0952,38.0499,22.2004,22.385,37.8,55,0
2026-03-12 22:37:37,38.093,22.264,38.1154,38.07,22.2019,22.3255,37.8,55,0
2026-03-12 22:37:37,38.042,22.271,38.0348,38.0499,22.2309,22.3117,37.8,55,0
2026-03-12 22:37:38,38.032,22.313,38.0549,38.0096,22.2812,22.3438,37.8,55,0
2026-03-12 22:37:38,38.083,22.275,38.0952,38.07,22.2126,22.3377,37.8,55,0
2026-03-12 22:37:38,38.032,22.258,38.0146,38.0499,22.2156,22.2995,37.8,55,0
2026-03-12 22:37:38,37.982,22.271,37.9945,37.9693,22.1775,22.3636,37.8,55,0
2026-03-12 22:37:39,38.093,22.277,38.0952,38.0902,22.2126,22.3407,37.8,55,0
2026-03-12 22:37:39,38.052,22.284,37.9945,38.1103,22.1897,22.3789,37.8,55,0
2026-03-12 22:37:39,38.032,22.325,38.0146,38.0499,22.2644,22.385,37.8,55,0
2026-03-12 22:37:39,38.073,22.329,38.0348,38.1103,22.2187,22.4399,37.8,55,0
2026-03-12 22:37:40,38.052,22.303,38.0549,38.0499,22.208,22.3972,37.8,55,0
2026-03-12 22:37:40,38.052,22.296,38.0952,38.0096,22.2126,22.3804,37.8,55,0
2026-03-12 22:37:40,38.042,22.32,38.0348,38.0499,22.2797,22.3606,37.8,55,0
2026-03-12 22:37:40,38.032,22.313,38.0549,38.0096,22.269,22.356,37.8,55,0
2026-03-12 22:37:41,38.042,22.314,38.0348,38.0499,22.2675,22.3606,37.8,55,0
2026-03-12 22:37:41,38.073,22.335,38.0751,38.07,22.2965,22.3743,37.8,55,0
2026-03-12 22:37:41,38.012,22.329,37.9744,38.0499,22.2843,22.3728,37.8,55,0
2026-03-12 22:37:41,37.962,22.311,37.9744,37.9492,22.2965,22.3255,37.8,55,0
2026-03-12 22:37:42,38.042,22.319,38.0146,38.07,22.2766,22.3621,37.8,55,0
2026-03-12 22:37:42,37.992,22.351,37.9945,37.9895,22.3362,22.3667,37.8,55,0
2026-03-12 22:37:42,38.022,22.329,37.9744,38.07,22.3087,22.3499,37.8,55,0
2026-03-12 22:37:43,37.972,22.331,37.9341,38.0096,22.3301,22.3316,37.8,55,0
2026-03-12 22:37:43,38.073,22.341,38.1154,38.0298,22.3239,22.3575,37.8,55,0
2026-03-12 22:37:43,38.022,22.342,38.0348,38.0096,22.3285,22.356,37.8,55,0
2026-03-12 22:37:43,38.012,22.335,37.9542,38.07,22.356,22.3133,37.8,55,0
2026-03-12 22:37:44,38.002,22.333,37.9744,38.0298,22.3453,22.3209,37.8,55,0
2026-03-12 22:37:44,38.012,22.335,37.9945,38.0298,22.3606,22.3087,37.8,55,0
2026-03-12 22:37:44,38.012,22.371,38.0146,38.0096,22.3743,22.3682,37.8,55,0
2026-03-12 22:37:44,38.012,22.329,38.0146,38.0096,22.3621,22.295,37.8,55,0
2026-03-12 22:37:45,37.992,22.321,37.9945,37.9895,22.3239,22.3178,37.8,55,0
2026-03-12 22:37:45,38.002,22.328,38.0146,37.9895,22.3255,22.3301,37.8,55,0
2026-03-12 22:37:45,38.002,22.334,37.9945,38.0096,22.3484,22.3194,37.8,55,0
2026-03-12 22:37:45,38.022,22.341,38.0146,38.0298,22.3499,22.3331,37.8,55,0
2026-03-12 22:37:46,38.032,22.325,37.9945,38.07,22.3362,22.3133,37.8,55,0
2026-03-12 22:37:46,37.992,22.364,37.9945,37.9895,22.3606,22.3667,37.8,55,0
2026-03-12 22:37:46,37.992,22.351,37.9139,38.07,22.3636,22.3377,37.8,55,0
2026-03-12 22:37:46,37.982,22.374,37.8938,38.07,22.3499,22.3987,37.8,55,0
2026-03-12 22:37:47,37.962,22.384,37.8938,38.0298,22.3987,22.3697,37.8,55,0
2026-03-12 22:37:47,38.012,22.39,37.9945,38.0298,22.385,22.3941,37.8,55,0
2026-03-12 22:37:47,38.042,22.38,38.0549,38.0298,22.3789,22.3819,37.8,55,0
2026-03-12 22:37:48,38.012,22.39,37.9945,38.0298,22.3972,22.3819,37.8,55,0
2026-03-12 22:37:48,37.972,22.331,37.9945,37.9492,22.3362,22.3255,37.8,55,0
2026-03-12 22:37:48,38.042,22.368,38.0549,38.0298,22.3789,22.3575,37.8,55,0
2026-03-12 22:37:48,37.992,22.376,37.9341,38.0499,22.3423,22.4094,37.8,55,0
2026-03-12 22:37:49,37.992,22.357,37.9744,38.0096,22.3697,22.3438,37.8,55,0
2026-03-12 22:37:49,38.002,22.382,37.9744,38.0298,22.4063,22.3575,37.8,55,0
2026-03-12 22:37:49,37.942,22.388,37.8535,38.0298,22.4063,22.3697,37.8,55,0
2026-03-12 22:37:49,38.032,22.38,37.9744,38.0902,22.3941,22.3651,37.8,55,0
2026-03-12 22:37:50,37.952,22.377,37.9542,37.9492,22.4048,22.3499,37.8,55,0
2026-03-12 22:37:50,38.012,22.371,37.9542,38.07,22.3682,22.3743,37.8,55,0
2026-03-12 22:37:50,37.962,22.335,37.9139,38.0096,22.3148,22.356,37.8,55,0
2026-03-12 22:37:50,37.952,22.359,37.9139,37.9895,22.3392,22.3789,37.8,55,0
2026-03-12 22:37:51,37.932,22.387,37.8938,37.9693,22.4109,22.3636,37.8,55,0
2026-03-12 22:37:51,38.002,22.407,37.9945,38.0096,22.385,22.4292,37.8,55,0
2026-03-12 22:37:51,37.952,22.396,37.8938,38.0096,22.3743,22.417,37.8,55,0
2026-03-12 22:37:51,37.911,22.385,37.8334,37.9895,22.3911,22.3789,37.8,55,0
2026-03-12 22:37:52,37.932,22.393,37.8737,37.9895,22.3957,22.3911,37.8,55,0
2026-03-12 22:37:52,37.962,22.403,37.9139,38.0096,22.4369,22.3682,37.8,55,0
2026-03-12 22:37:52,37.932,22.43,37.9341,37.929,22.4277,22.4323,37.8,55,0
2026-03-12 22:37:53,37.942,22.444,37.9341,37.9492,22.4643,22.4231,37.8,55,0
2026-03-12 22:37:53,37.962,22.457,37.8938,38.0298,22.4842,22.4308,37.8,55,0
2026-03-12 22:37:53,37.952,22.438,37.9341,37.9693,22.4887,22.388,37.8,55,0
2026-03-12 22:37:53,37.952,22.457,37.8938,38.0096,22.472,22.4414,37.8,55,0
2026-03-12 22:37:54,37.942,22.486,37.9341,37.9492,22.5132,22.4598,37.8,55,0
2026-03-12 22:37:54,37.911,22.446,37.8737,37.9492,22.4933,22.3987,37.8,55,0
2026-03-12 22:37:54,37.911,22.409,37.9139,37.9089,22.4613,22.3575,37.8,55,0
2026-03-12 22:37:54,37.901,22.444,37.8334,37.9693,22.4765,22.4125,37.8,55,0
2026-03-12 22:37:55,37.911,22.422,37.8132,38.0096,22.475,22.3682,37.8,55,0
2026-03-12 22:37:55,37.911,22.397,37.8535,37.9693,22.4186,22.3758,37.8,55,0
2026-03-12 22:37:55,37.932,22.418,37.8535,38.0096,22.443,22.3926,37.8,55,0
2026-03-12 22:37:55,37.901,22.42,37.8737,37.929,22.4567,22.3835,37.8,55,0
2026-03-12 22:37:56,37.962,22.427,37.8938,38.0298,22.4231,22.4308,37.8,55,0
2026-03-12 22:37:56,37.851,22.409,37.8334,37.8686,22.3911,22.4262,37.8,55,0
2026-03-12 22:37:56,37.901,22.438,37.8737,37.929,22.4445,22.4323,37.8,55,0
2026-03-12 22:37:56,37.901,22.444,37.7931,38.0096,22.4475,22.4414,37.8,55,0
2026-03-12 22:37:57,37.942,22.437,37.8737,38.0096,22.4689,22.4048,37.8,55,0
2026-03-12 22:37:57,37.932,22.442,37.8132,38.0499,22.475,22.4094,37.8,55,0
2026-03-12 22:37:57,37.932,22.473,37.8737,37.9895,22.4811,22.4643,37.8,55,0
2026-03-12 22:37:58,37.891,22.462,37.8535,37.929,22.5284,22.3957,37.8,55,0
2026-03-12 22:37:58,37.861,22.496,37.8132,37.9089,22.5483,22.443,37.8,55,0
2026-03-12 22:37:58,37.881,22.515,37.7931,37.9693,22.533,22.4979,37.8,55,0
2026-03-12 22:37:58,37.871,22.515,37.8132,37.929,22.5727,22.4567,37.8,55,0
2026-03-12 22:37:59,37.861,22.47,37.7931,37.929,22.533,22.4079,37.8,55,0
2026-03-12 22:37:59,37.911,22.501,37.8334,37.9895,22.5376,22.4643,37.8,55,0
2026-03-12 22:37:59,37.811,22.483,37.7327,37.8888,22.5269,22.4399,37.8,55,1.7058306022126404
2026-03-12 22:37:59,37.871,22.46,37.8334,37.9089,22.5376,22.3819,37.8,55,0
2026-03-12 22:38:00,37.861,22.452,37.7931,37.929,22.5452,22.359,37.8,55,0
2026-03-12 22:38:00,37.861,22.471,37.7729,37.9492,22.5193,22.4231,37.8,55,0
2026-03-12 22:38:00,37.831,22.467,37.7931,37.8686,22.5452,22.3896,37.8,55,0
2026-03-12 22:38:00,37.901,22.499,37.8737,37.929,22.5544,22.4445,37.8,55,0
2026-03-12 22:38:01,37.871,22.527,37.8132,37.929,22.5727,22.4811,37.8,55,0
2026-03-12 22:38:01,37.861,22.483,37.8334,37.8888,22.5376,22.4277,37.8,55,0
2026-03-12 22:38:01,37.901,22.519,37.8535,37.9492,22.565,22.472,37.8,55,0
2026-03-12 22:38:01,37.871,22.521,37.8535,37.8888,22.565,22.4765,37.8,55,0
2026-03-12 22:38:02,37.871,22.496,37.8334,37.9089,22.5498,22.443,37.8,55,0
2026-03-12 22:38:02,37.851,22.512,37.7931,37.9089,22.5696,22.4552,37.8,55,0
2026-03-12 22:38:02,37.78,22.511,37.6924,37.8686,22.5589,22.4628,37.8,55,8.886448621374786
2026-03-12 22:38:03,37.901,22.519,37.8535,37.9492,22.5772,22.4598,37.8,55,0
2026-03-12 22:38:03,37.811,22.526,37.7327,37.8888,22.5757,22.4765,37.8,55,1.244132465810921
2026-03-12 22:38:03,37.811,22.514,37.7327,37.8888,22.5879,22.4399,37.8,55,0
2026-03-12 22:38:03,37.871,22.539,37.8132,37.929,22.5849,22.4933,37.8,55,0
2026-03-12 22:38:04,37.831,22.541,37.7729,37.8888,22.5925,22.4887,37.8,55,0
2026-03-12 22:38:04,37.891,22.523,37.8334,37.9492,22.5742,22.472,37.8,55,0
2026-03-12 22:38:04,37.841,22.505,37.7931,37.8888,22.5818,22.4277,37.8,55,0
2026-03-12 22:38:04,37.851,22.537,37.7931,37.9089,22.5818,22.4918,37.8,55,0
2026-03-12 22:38:05,37.841,22.554,37.6924,37.9895,22.62,22.4887,37.8,55,0
2026-03-12 22:38:05,37.861,22.544,37.8132,37.9089,22.6215,22.4674,37.8,55,0
2026-03-12 22:38:05,37.831,22.535,37.7327,37.929,22.6001,22.4689,37.8,55,0
2026-03-12 22:38:05,37.871,22.533,37.8334,37.9089,22.623,22.443,37.8,55,0
2026-03-12 22:38:06,37.811,22.563,37.6924,37.929,22.6444,22.4811,37.8,55,0
2026-03-12 22:38:06,37.76,22.533,37.6722,37.8485,22.6062,22.4598,37.8,55,13.619791200116632
2026-03-12 22:38:06,37.801,22.574,37.7528,37.8485,22.6398,22.5086,37.8,55,0
2026-03-12 22:38:06,37.791,22.549,37.7528,37.8283,22.6398,22.4582,37.8,55,3.8701539059876593
2026-03-12 22:38:07,37.821,22.552,37.7528,37.8888,22.6154,22.4887,37.8,55,0
2026-03-12 22:38:07,37.811,22.544,37.7931,37.8283,22.6429,22.446,37.8,55,0
2026-03-12 22:38:07,37.791,22.537,37.7528,37.8283,22.6276,22.446,37.8,55,3.81111977082336
2026-03-12 22:38:08,37.78,22.56,37.7125,37.8485,22.6596,22.4598,37.8,55,6.70793957069021
2026-03-12 22:38:08,37.77,22.535,37.7528,37.7881,22.6154,22.4537,37.8,55,9.933199389338965
2026-03-12 22:38:08,37.78,22.541,37.7125,37.8485,22.623,22.4598,37.8,55,6.868916215010826
2026-03-12 22:38:08,37.811,22.532,37.7327,37.8888,22.6123,22.4521,37.8,55,0
2026-03-12 22:38:09,37.791,22.567,37.6722,37.9089,22.6673,22.4674,37.8,55,5.331605383864582
2026-03-12 22:38:09,37.881,22.552,37.8334,37.929,22.6108,22.4933,37.8,55,0
2026-03-12 22:38:09,37.821,22.557,37.7931,37.8485,22.6551,22.4598,37.8,55,0
2026-03-12 22:38:09,37.76,22.551,37.6521,37.8686,22.6154,22.4872,37.8,55,14.07746358370018
2026-03-12 22:38:10,37.811,22.564,37.7125,37.9089,22.6352,22.4918,37.8,55,0
2026-03-12 22:38:10,37.811,22.593,37.6924,37.929,22.6444,22.5422,37.8,55,0
2026-03-12 22:38:10,37.78,22.59,37.6722,37.8888,22.6551,22.5254,37.8,55,7.4636482236576525
2026-03-12 22:38:10,37.77,22.596,37.6722,37.8686,22.6917,22.4994,37.8,55,9.776335075748635
2026-03-12 22:38:11,37.801,22.611,37.7528,37.8485,22.7008,22.5208,37.8,55,0
2026-03-12 22:38:11,37.76,22.606,37.6722,37.8485,22.6917,22.5208,37.8,55,14.662631574629028
2026-03-12 22:38:11,37.74,22.598,37.6521,37.8283,22.6886,22.5071,37.8,55,20.245954865930095
2026-03-12 22:38:11,37.71,22.595,37.5917,37.8283,22.6825,22.5071,37.8,55,30.514550421316503
2026-03-12 22:38:12,37.73,22.597,37.6521,37.8082,22.7008,22.4933,37.8,55,24.599501270749798
2026-03-12 22:38:12,37.73,22.621,37.632,37.8283,22.7115,22.5315,37.8,55,27.076424755308576
2026-03-12 22:38:12,37.73,22.573,37.632,37.8283,22.6505,22.4949,37.8,55,28.64181619935477
2026-03-12 22:38:13,37.73,22.591,37.6722,37.7881,22.6673,22.5147,37.8,55,30.20656868480467
2026-03-12 22:38:13,37.75,22.612,37.6722,37.8283,22.6917,22.5315,37.8,55,25.212196035211715
2026-03-12 22:38:13,37.73,22.621,37.6722,37.7881,22.6795,22.5635,37.8,55,33.80178189048707
2026-03-12 22:38:13,37.76,22.631,37.6722,37.8485,22.7039,22.5574,37.8,55,24.615427218443983
2026-03-12 22:38:14,37.76,22.631,37.6521,37.8686,22.7375,22.5238,37.8,55,26.877802783305697
2026-03-12 22:38:14,37.69,22.618,37.5715,37.8082,22.7054,22.5299,37.8,55,50.73023509225422
2026-03-12 22:38:14,37.73,22.621,37.6722,37.7881,22.7649,22.4781,37.8,55,36.87819269183745
2026-03-12 22:38:14,37.72,22.626,37.5514,37.8888,22.7024,22.5498,37.8,55,43.54852690231672
2026-03-12 22:38:15,37.75,22.623,37.6521,37.8485,22.7008,22.5452,37.8,55,35.041104219287234
2026-03-12 22:38:15,37.76,22.679,37.6521,37.8686,22.7741,22.5849,37.8,55,34.24846305345934
2026-03-12 22:38:15,37.69,22.636,37.6118,37.7679,22.71,22.562,37.8,55,58.55772527305103
2026-03-12 22:38:15,37.72,22.675,37.6521,37.7881,22.7741,22.5757,37.8,55,47.98249898875099
2026-03-12 22:38:16,37.71,22.65,37.6521,37.7679,22.7497,22.5498,37.8,55,54.41977516550889
2026-03-12 22:38:16,37.73,22.628,37.632,37.8283,22.7359,22.5193,37.8,55,49.41659167152663
2026-03-12 22:38:16,37.68,22.653,37.5917,37.7679,22.768,22.5376,37.8,55,68.29300126507108
2026-03-12 22:38:16,37.71,22.625,37.632,37.7881,22.7481,22.5025,37.8,55,58.856709626412126
2026-03-12 22:38:17,37.68,22.622,37.6118,37.7478,22.7222,22.5223,37.8,55,72.07767976042221
2026-03-12 22:38:17,37.7,22.637,37.632,37.7679,22.7481,22.5254,37.8,55,66.83298990488446
2026-03-12 22:38:17,37.73,22.695,37.632,37.8283,22.7726,22.6169,37.8,55,60.14284750665386
2026-03-12 22:38:18,37.71,22.692,37.5715,37.8485,22.7665,22.6184,37.8,55,69.63552764959518
2026-03-12 22:38:18,37.7,22.661,37.6118,37.7881,22.771,22.5513,37.8,55,74.01615660001082
2026-03-12 22:38:18,37.7,22.686,37.6118,37.7881,22.7955,22.5757,37.8,55,75.7966103361494
2026-03-12 22:38:18,37.69,22.666,37.632,37.7478,22.7604,22.5711,37.8,55,81.31325848512937
2026-03-12 22:38:19,37.72,22.7,37.6118,37.8283,22.7466,22.6535,37.8,55,73.47874428771416
2026-03-12 22:38:19,37.7,22.679,37.5917,37.8082,22.7802,22.5788,37.8,55,83.19551409391877
2026-03-12 22:38:19,37.67,22.676,37.5715,37.7679,22.7543,22.5986,37.8,55,94.35854261994878
2026-03-12 22:38:19,37.74,22.666,37.7125,37.7679,22.7817,22.5498,37.8,55,72.93755705970376
2026-03-12 22:38:20,37.69,22.702,37.5917,37.7881,22.7802,22.6246,37.8,55,93.87164623786244
2026-03-12 22:38:20,37.7,22.704,37.5715,37.8283,22.7909,22.6169,37.8,55,90.76983844633698
2026-03-12 22:38:20,37.68,22.689,37.5917,37.7679,22.7924,22.5864,37.8,55,100
2026-03-12 22:38:20,37.68,22.72,37.5514,37.8082,22.8122,22.6276,37.8,55,100
2026-03-12 22:38:21,37.69,22.702,37.5917,37.7881,22.8168,22.5879,37.8,55,100
2026-03-12 22:38:21,37.67,22.695,37.5715,37.7679,22.7909,22.5986,37.8,55,100
2026-03-12 22:38:21,37.67,22.695,37.5715,37.7679,22.8031,22.5864,37.8,55,100
2026-03-12 22:38:21,37.69,22.691,37.6118,37.7679,22.7832,22.5986,37.8,55,100
2026-03-12 22:38:22,37.67,22.701,37.5715,37.7679,22.8031,22.5986,37.8,55,100
2026-03-12 22:38:22,37.69,22.745,37.5917,37.7881,22.8046,22.6856,37.8,55,100
2026-03-12 22:38:22,37.75,22.746,37.6118,37.8888,22.8321,22.6596,37.8,55,98.14490104681983
2026-03-12 22:38:23,37.69,22.728,37.6118,37.7679,22.8321,22.623,37.8,55,100
2026-03-12 22:38:23,37.66,22.693,37.6118,37.7075,22.8077,22.5788,37.8,55,100
2026-03-12 22:38:23,37.69,22.721,37.5917,37.7881,22.8168,22.6246,37.8,55,100
2026-03-12 22:38:23,37.67,22.701,37.5715,37.7679,22.7909,22.6108,37.8,55,100
2026-03-12 22:38:24,37.66,22.712,37.5715,37.7478,22.7909,22.6322,37.8,55,100
2026-03-12 22:38:24,37.629,22.708,37.5715,37.6873,22.8031,22.6139,37.8,55,100
2026-03-12 22:38:24,37.71,22.718,37.6118,37.8082,22.7832,22.652,37.8,55,100
2026-03-12 22:38:24,37.629,22.727,37.5312,37.7276,22.7985,22.6551,37.8,55,100
2026-03-12 22:38:25,37.67,22.719,37.5715,37.7679,22.7665,22.6719,37.8,55,100
2026-03-12 22:38:25,37.68,22.726,37.6118,37.7478,22.8077,22.6444,37.8,55,100
2026-03-12 22:38:25,37.7,22.728,37.632,37.7679,22.8336,22.623,37.8,55,100
2026-03-12 22:38:25,37.68,22.696,37.632,37.7276,22.7726,22.6184,37.8,55,100
2026-03-12 22:38:26,37.71,22.711,37.632,37.7881,22.7848,22.6368,37.8,55,100
2026-03-12 22:38:26,37.68,22.72,37.6118,37.7478,22.8077,22.6322,37.8,55,100
2026-03-12 22:38:26,37.629,22.677,37.5111,37.7478,22.7588,22.5956,37.8,55,100
2026-03-12 22:38:26,37.69,22.727,37.6521,37.7276,22.7741,22.6795,37.8,55,100
2026-03-12 22:38:27,37.7,22.728,37.632,37.7679,22.797,22.6596,37.8,55,100
2026-03-12 22:38:27,37.68,22.708,37.6118,37.7478,22.8077,22.6078,37.8,55,100
2026-03-12 22:38:27,37.73,22.695,37.632,37.8283,22.7848,22.6047,37.8,55,100
2026-03-12 22:38:28,37.69,22.715,37.6118,37.7679,22.7955,22.6352,37.8,55,100
2026-03-12 22:38:28,37.69,22.715,37.632,37.7478,22.7726,22.6566,37.8,55,100
2026-03-12 22:38:28,37.72,22.706,37.7125,37.7276,22.7695,22.6429,37.8,55,100
2026-03-12 22:38:28,37.68,22.696,37.5715,37.7881,22.7665,22.6246,37.8,55,100
2026-03-12 22:38:29,37.68,22.696,37.632,37.7276,22.7726,22.6184,37.8,55,100
2026-03-12 22:38:29,37.68,22.695,37.6521,37.7075,22.7619,22.6276,37.8,55,100
2026-03-12 22:38:29,37.7,22.692,37.632,37.7679,22.7726,22.6108,37.8,55,100
2026-03-12 22:38:29,37.66,22.687,37.5917,37.7276,22.7436,22.6307,37.8,55,100
2026-03-12 22:38:30,37.72,22.651,37.632,37.8082,22.6749,22.6276,37.8,55,100
2026-03-12 22:38:30,37.69,22.647,37.632,37.7478,22.6627,22.6322,37.8,55,100
2026-03-12 22:38:30,37.69,22.697,37.6118,37.7679,22.6978,22.6963,37.8,55,100
2026-03-12 22:38:30,37.7,22.673,37.6521,37.7478,22.6886,22.6566,37.8,55,100
2026-03-12 22:38:31,37.71,22.662,37.6722,37.7478,22.7161,22.6078,37.8,55,100
2026-03-12 22:38:31,37.74,22.654,37.6722,37.8082,22.6917,22.6154,37.8,55,100
2026-03-12 22:38:31,37.71,22.662,37.632,37.7881,22.6871,22.6368,37.8,55,100
2026-03-12 22:38:31,37.72,22.657,37.6521,37.7881,22.7008,22.6123,37.8,55,100
2026-03-12 22:38:32,37.68,22.64,37.6521,37.7075,22.7008,22.5788,37.8,55,100
2026-03-12 22:38:32,37.75,22.618,37.6722,37.8283,22.6551,22.5803,37.8,55,100
2026-03-12 22:38:32,37.74,22.66,37.7125,37.7679,22.7329,22.5864,37.8,55,100
2026-03-12 22:38:33,37.72,22.626,37.7327,37.7075,22.6612,22.591,37.8,55,100
2026-03-12 22:38:33,37.74,22.654,37.6722,37.8082,22.6673,22.6398,37.8,55,100
2026-03-12 22:38:33,37.76,22.644,37.7528,37.7679,22.7131,22.5742,37.8,55,100
2026-03-12 22:38:33,37.73,22.664,37.7125,37.7478,22.7085,22.62,37.8,55,100
2026-03-12 22:38:34,37.74,22.672,37.7125,37.7679,22.7329,22.6108,37.8,55,100
2026-03-12 22:38:34,37.791,22.652,37.7327,37.8485,22.71,22.594,37.8,55,100
2026-03-12 22:38:34,37.72,22.633,37.6722,37.7679,22.6551,22.6108,37.8,55,100
2026-03-12 22:38:34,37.76,22.65,37.7125,37.8082,22.6596,22.6398,37.8,55,100
2026-03-12 22:38:35,37.791,22.702,37.7528,37.8283,22.652,22.7512,37.8,55,100
2026-03-12 22:38:35,37.791,22.64,37.7931,37.7881,22.6673,22.6123,37.8,55,100
2026-03-12 22:38:35,37.791,22.634,37.7528,37.8283,22.652,22.6169,37.8,55,100
2026-03-12 22:38:35,37.73,22.591,37.7125,37.7478,22.5986,22.5834,37.8,55,100
2026-03-12 22:38:36,37.821,22.601,37.8334,37.8082,22.623,22.5788,37.8,55,89.91830127979642
2026-03-12 22:38:36,37.801,22.629,37.7729,37.8283,22.6413,22.6169,37.8,55,100
2026-03-12 22:38:36,37.78,22.615,37.7327,37.8283,22.649,22.5803,37.8,55,100
2026-03-12 22:38:36,37.78,22.602,37.7729,37.7881,22.6291,22.5757,37.8,55,100
2026-03-12 22:38:37,37.78,22.573,37.7528,37.8082,22.6032,22.5422,37.8,55,100
2026-03-12 22:38:37,37.77,22.541,37.7729,37.7679,22.5437,22.5376,37.8,55,100
2026-03-12 22:38:37,37.821,22.57,37.8334,37.8082,22.5742,22.5666,37.8,55,91.74448108981927
2026-03-12 22:38:38,37.801,22.574,37.8132,37.7881,22.5849,22.5635,37.8,55,100
2026-03-12 22:38:38,37.791,22.543,37.7528,37.8283,22.5299,22.5559,37.8,55,100
2026-03-12 22:38:38,37.831,22.571,37.8334,37.8283,22.5742,22.5681,37.8,55,89.13111908819613
2026-03-12 22:38:38,37.851,22.567,37.8334,37.8686,22.5254,22.6093,37.8,55,83.70360401339858
2026-03-12 22:38:39,37.811,22.539,37.8132,37.8082,22.5483,22.5299,37.8,55,96.59540498040215
2026-03-12 22:38:39,37.831,22.565,37.8132,37.8485,22.5483,22.5818,37.8,55,87.96460799591429
2026-03-12 22:38:39,37.861,22.563,37.8535,37.8686,22.565,22.5605,37.8,55,78.34472119021042
2026-03-12 22:38:39,37.851,22.55,37.8938,37.8082,22.5208,22.5788,37.8,55,81.62992364692039
2026-03-12 22:38:40,37.851,22.55,37.8938,37.8082,22.5086,22.591,37.8,55,80.03355109902196
2026-03-12 22:38:40,37.871,22.515,37.9341,37.8082,22.5132,22.5177,37.8,55,72.33386651951652
2026-03-12 22:38:40,37.871,22.533,37.8334,37.9089,22.501,22.565,37.8,55,71.65976271608814
2026-03-12 22:38:40,37.841,22.511,37.8334,37.8485,22.4643,22.5574,37.8,55,79.91197118016146
2026-03-12 22:38:41,37.891,22.541,37.9139,37.8686,22.4857,22.5971,37.8,55,61.22745894630506
2026-03-12 22:38:41,37.861,22.514,37.8535,37.8686,22.4796,22.5483,37.8,55,71.31497148677947
2026-03-12 22:38:41,37.881,22.522,37.9542,37.8082,22.4414,22.6032,37.8,55,62.02279638135388
2026-03-12 22:38:41,37.921,22.526,37.9542,37.8888,22.4537,22.5986,37.8,55,48.005537101126
2026-03-12 22:38:42,37.881,22.491,37.9139,37.8485,22.4613,22.5208,37.8,55,60.23452118075915
2026-03-12 22:38:42,37.891,22.499,37.9341,37.8485,22.4521,22.5452,37.8,55,53.323141494681636
2026-03-12 22:38:42,37.901,22.482,37.9341,37.8686,22.4643,22.4994,37.8,55,48.465212898010805
2026-03-12 22:38:43,37.972,22.477,37.9542,37.9895,22.4292,22.5254,37.8,55,23.376966117467443
2026-03-12 22:38:43,37.911,22.458,37.9139,37.9089,22.4125,22.504,37.8,55,42.77626913314418
2026-03-12 22:38:43,37.952,22.438,38.0146,37.8888,22.3865,22.4887,37.8,55,24.065922183005643
2026-03-12 22:38:43,37.921,22.441,37.9744,37.8686,22.3941,22.4872,37.8,55,32.70680818343541
2026-03-12 22:38:44,37.871,22.423,37.8737,37.8686,22.3713,22.475,37.8,55,44.98755876197606
2026-03-12 22:38:44,37.972,22.397,38.0146,37.929,22.3621,22.4323,37.8,55,7.99203017646545
2026-03-12 22:38:44,37.932,22.393,37.9744,37.8888,22.3331,22.4521,37.8,55,21.875619691965372
2026-03-12 22:38:44,37.942,22.388,38.0146,37.8686,22.3255,22.4506,37.8,55,13.820090248844682
2026-03-12 22:38:45,37.952,22.389,38.0146,37.8888,22.3255,22.4521,37.8,55,7.8227168004396
2026-03-12 22:38:45,37.992,22.369,38.0549,37.929,22.3056,22.4323,37.8,55,0
2026-03-12 22:38:45,37.972,22.349,38.0348,37.9089,22.2431,22.4552,37.8,55,0
2026-03-12 22:38:45,37.962,22.341,38.0146,37.9089,22.2644,22.4186,37.8,55,0
2026-03-12 22:38:46,37.972,22.336,38.0549,37.8888,22.2324,22.4399,37.8,55,0
2026-03-12 22:38:46,37.942,22.339,37.9744,37.9089,22.2354,22.443,37.8,55,0
2026-03-12 22:38:46,37.952,22.371,37.9945,37.9089,22.2629,22.4796,37.8,55,0
2026-03-12 22:38:46,38.022,22.385,38.0549,37.9895,22.2568,22.5132,37.8,55,0
2026-03-12 22:38:47,37.972,22.355,38.0348,37.9089,22.2431,22.4674,37.8,55,0
2026-03-12 22:38:47,38.002,22.401,38.0549,37.9492,22.3178,22.4842,37.8,55,0
2026-03-12 22:38:47,37.982,22.387,38.0751,37.8888,22.2965,22.4765,37.8,55,0
2026-03-12 22:38:48,38.012,22.371,38.1154,37.9089,22.2629,22.4796,37.8,55,0
2026-03-12 22:38:48,38.022,22.348,38.0348,38.0096,22.2187,22.4781,37.8,55,0
2026-03-12 22:38:48,38.022,22.385,38.0751,37.9693,22.2599,22.5101,37.8,55,0
2026-03-12 22:38:48,38.022,22.385,38.0751,37.9693,22.2477,22.5223,37.8,55,0
2026-03-12 22:38:49,38.022,22.348,38.1154,37.929,22.2141,22.4811,37.8,55,0
2026-03-12 22:38:49,38.012,22.353,37.9945,38.0298,22.2141,22.4918,37.8,55,0
2026-03-12 22:38:49,38.032,22.337,38.0146,38.0499,22.179,22.4949,37.8,55,0
2026-03-12 22:38:49,38.002,22.364,38.0751,37.929,22.1988,22.5299,37.8,55,0
2026-03-12 22:38:50,38.083,22.342,38.1154,38.0499,22.2263,22.4582,37.8,55,0
2026-03-12 22:38:50,38.032,22.331,38.0952,37.9693,22.2126,22.4491,37.8,55,0
2026-03-12 22:38:50,38.012,22.249,38.0952,37.929,22.1027,22.3957,37.8,55,0
2026-03-12 22:38:50,38.113,22.267,38.1758,38.0499,22.1363,22.3972,37.8,55,0
2026-03-12 22:38:51,38.022,22.287,38.0751,37.9693,22.1378,22.4369,37.8,55,0
2026-03-12 22:38:51,38.052,22.284,38.1355,37.9693,22.1317,22.4369,37.8,55,0
2026-03-12 22:38:51,38.052,22.278,38.1154,37.9895,22.153,22.4033,37.8,55,0
2026-03-12 22:38:51,38.022,22.274,38.1154,37.929,22.1653,22.3835,37.8,55,0
2026-03-12 22:38:52,38.073,22.299,38.1355,38.0096,22.1805,22.417,37.8,55,0
2026-03-12 22:38:52,38.032,22.319,38.0952,37.9693,22.1759,22.4613,37.8,55,0
2026-03-12 22:38:52,38.062,22.304,38.1758,37.9492,22.1363,22.472,37.8,55,0
2026-03-12 22:38:53,38.103,22.296,38.1959,38.0096,22.15,22.4414,37.8,55,0
2026-03-12 22:38:53,38.052,22.309,38.1556,37.9492,22.1576,22.4598,37.8,55,0
2026-03-12 22:38:53,38.083,22.3,38.1355,38.0298,22.1683,22.4308,37.8,55,0
2026-03-12 22:38:53,38.083,22.288,38.2564,37.9089,22.1576,22.4186,37.8,55,0
2026-03-12 22:38:54,38.093,22.283,38.1959,37.9895,22.15,22.4155,37.8,55,0
2026-03-12 22:38:54,38.113,22.266,38.1959,38.0298,22.1134,22.4186,37.8,55,0
2026-03-12 22:38:54,38.073,22.226,38.1758,37.9693,22.0874,22.3636,37.8,55,0
2026-03-12 22:38:54,38.052,22.242,38.1758,37.929,22.1118,22.3713,37.8,55,0
2026-03-12 22:38:55,38.073,22.231,38.1154,38.0298,22.0676,22.3941,37.8,55,0
2026-03-12 22:38:55,38.123,22.231,38.1556,38.0902,22.06,22.4018,37.8,55,0
2026-03-12 22:38:55,38.073,22.226,38.1758,37.9693,22.0508,22.4002,37.8,55,0
2026-03-12 22:38:55,38.103,22.216,38.1959,38.0096,22.089,22.3438,37.8,55,0
2026-03-12 22:38:56,38.062,22.242,38.1154,38.0096,22.0798,22.4048,37.8,55,0
2026-03-12 22:38:56,38.153,22.21,38.2161,38.0902,22.0676,22.3529,37.8,55,0
2026-03-12 22:38:56,38.113,22.218,38.2161,38.0096,22.0676,22.3682,37.8,55,0
2026-03-12 22:38:56,38.133,22.213,38.1959,38.07,22.0279,22.3987,37.8,55,0
2026-03-12 22:38:57,38.113,22.255,38.1758,38.0499,22.0996,22.4094,37.8,55,0
2026-03-12 22:38:57,38.073,22.219,38.1355,38.0096,22.0706,22.3682,37.8,55,0
2026-03-12 22:38:57,38.113,22.248,38.1758,38.0499,22.0996,22.3972,37.8,55,0
2026-03-12 22:38:58,38.093,22.222,38.1355,38.0499,22.0706,22.3728,37.8,55,0
2026-03-12 22:38:58,38.093,22.216,38.1959,37.9895,22.089,22.3423,37.8,55,0
2026-03-12 22:38:58,38.133,22.226,38.1556,38.1103,22.06,22.3911,37.8,55,0
2026-03-12 22:38:58,38.153,22.246,38.2362,38.07,22.0691,22.4231,37.8,55,0
2026-03-12 22:38:59,38.143,22.197,38.2564,38.0298,22.0356,22.3575,37.8,55,0
2026-03-12 22:38:59,38.133,22.189,38.1556,38.1103,22.0478,22.3301,37.8,55,0
2026-03-12 22:38:59,38.103,22.18,38.1758,38.0298,22.0386,22.3209,37.8,55,0
2026-03-12 22:38:59,38.052,22.199,38.1154,37.9895,22.031,22.3667,37.8,55,0
2026-03-12 22:39:00,38.123,22.17,38.2161,38.0298,22.0432,22.2965,37.8,55,0
2026-03-12 22:39:00,38.133,22.165,38.2161,38.0499,22.0188,22.3117,37.8,55,0
2026-03-12 22:39:00,38.173,22.212,38.2362,38.1103,22.0569,22.3667,37.8,55,0
2026-03-12 22:39:00,38.103,22.18,38.1556,38.0499,22.0478,22.3117,37.8,55,0
2026-03-12 22:39:01,38.143,22.166,38.2362,38.0499,22.0325,22.2995,37.8,55,0
2026-03-12 22:39:01,38.133,22.177,38.1959,38.07,22.0401,22.3133,37.8,55,0
2026-03-12 22:39:01,38.103,22.18,38.1959,38.0096,22.0523,22.3072,37.8,55,0
2026-03-12 22:39:01,38.093,22.191,38.1959,37.9895,22.0645,22.3178,37.8,55,0
2026-03-12 22:39:02,38.143,22.215,38.2161,38.07,22.0676,22.3621,37.8,55,0
2026-03-12 22:39:02,38.143,22.215,38.1959,38.0902,22.0401,22.3896,37.8,55,0
2026-03-12 22:39:02,38.093,22.228,38.1355,38.0499,22.0584,22.3972,37.8,55,0
2026-03-12 22:39:03,38.123,22.213,38.2362,38.0096,22.0325,22.3926,37.8,55,0
2026-03-12 22:39:03,38.173,22.236,38.2362,38.1103,22.0813,22.3911,37.8,55,0
2026-03-12 22:39:03,38.163,22.217,38.1758,38.1506,22.0508,22.3835,37.8,55,0
2026-03-12 22:39:03,38.093,22.191,38.2161,37.9693,22.0554,22.327,37.8,55,0
2026-03-12 22:39:04,38.163,22.193,38.2765,38.0499,22.0371,22.3484,37.8,55,0
2026-03-12 22:39:04,38.183,22.122,38.2362,38.1305,21.9959,22.2477,37.8,55,0
2026-03-12 22:39:04,38.133,22.159,38.1355,38.1305,22.0096,22.3087,37.8,55,0
2026-03-12 22:39:04,38.203,22.167,38.2765,38.1305,22.0371,22.2965,37.8,55,0
2026-03-12 22:39:05,38.103,22.125,38.1758,38.0298,21.9409,22.3087,37.8,55,0
2026-03-12 22:39:05,38.113,22.151,38.2362,37.9895,22.0081,22.2934,37.8,55,0
2026-03-12 22:39:05,38.143,22.129,38.1959,38.0902,21.9791,22.2797,37.8,55,0
2026-03-12 22:39:05,38.123,22.139,38.1959,38.0499,22.0035,22.2751,37.8,55,0
2026-03-12 22:39:06,38.133,22.147,38.2161,38.0499,21.9944,22.2995,37.8,55,0
2026-03-12 22:39:06,38.173,22.145,38.1959,38.1506,21.9913,22.298,37.8,55,0
2026-03-12 22:39:06,38.133,22.146,38.1959,38.07,22.0035,22.2889,37.8,55,0
2026-03-12 22:39:06,38.123,22.127,38.1758,38.07,22.002,22.2522,37.8,55,0
2026-03-12 22:39:07,38.113,22.15,38.1959,38.0298,22.0279,22.2721,37.8,55,0
2026-03-12 22:39:07,38.143,22.172,38.2161,38.07,22.0066,22.3377,37.8,55,0
2026-03-12 22:39:07,38.143,22.142,38.1758,38.1103,22.0264,22.2568,37.8,55,0
2026-03-12 22:39:08,38.163,22.168,38.1758,38.1506,22.0142,22.3224,37.8,55,0
2026-03-12 22:39:08,38.163,22.144,38.2362,38.0902,22.0325,22.2553,37.8,55,0
2026-03-12 22:39:08,38.153,22.119,38.1758,38.1305,21.9898,22.2477,37.8,55,0
2026-03-12 22:39:08,38.133,22.14,38.2362,38.0298,22.0325,22.2477,37.8,55,0
2026-03-12 22:39:09,38.133,22.128,38.1556,38.1103,22.0111,22.2446,37.8,55,0
2026-03-12 22:39:09,38.153,22.137,38.2161,38.0902,22.031,22.2431,37.8,55,0
2026-03-12 22:39:09,38.183,22.121,38.2966,38.07,22.0142,22.2278,37.8,55,0
2026-03-12 22:39:09,38.113,22.138,38.1959,38.0298,22.0157,22.2599,37.8,55,0
2026-03-12 22:39:10,38.123,22.145,38.2362,38.0096,22.0203,22.2705,37.8,55,0
2026-03-12 22:39:10,38.153,22.143,38.2564,38.0499,22.0478,22.2385,37.8,55,0
2026-03-12 22:39:10,38.143,22.142,38.1959,38.0902,22.0035,22.2797,37.8,55,0
2026-03-12 22:39:10,38.133,22.122,38.1959,38.07,21.9791,22.2644,37.8,55,0
2026-03-12 22:39:11,38.113,22.108,38.2362,37.9895,21.9715,22.2446,37.8,55,0
2026-03-12 22:39:11,38.163,22.101,38.2161,38.1103,21.9699,22.2324,37.8,55,0
2026-03-12 22:39:11,38.163,22.119,38.2161,38.1103,21.9944,22.2446,37.8,55,0
2026-03-12 22:39:11,38.123,22.127,38.1758,38.07,21.9898,22.2644,37.8,55,0
2026-03-12 22:39:12,38.123,22.164,38.1556,38.0902,22.0478,22.2797,37.8,55,0
2026-03-12 22:39:12,38.163,22.144,38.1758,38.1506,22.0264,22.2614,37.8,55,0
2026-03-12 22:39:12,38.123,22.164,38.1959,38.0499,22.0523,22.2751,37.8,55,0
2026-03-12 22:39:13,38.153,22.161,38.1959,38.1103,22.0401,22.2812,37.8,55,0
2026-03-12 22:39:13,38.173,22.17,38.2564,38.0902,22.0478,22.2919,37.8,55,0
2026-03-12 22:39:13,38.173,22.164,38.2161,38.1305,22.0432,22.2843,37.8,55,0
2026-03-12 22:39:13,38.143,22.154,38.2161,38.07,22.0432,22.2644,37.8,55,0
2026-03-12 22:39:14,38.143,22.123,38.2362,38.0499,22.0203,22.2263,37.8,55,0
2026-03-12 22:39:14,38.103,22.168,38.0952,38.1103,22.0417,22.2934,37.8,55,0
2026-03-12 22:39:14,38.113,22.15,38.1556,38.07,22.0356,22.2644,37.8,55,0
2026-03-12 22:39:14,38.103,22.168,38.1758,38.0298,22.063,22.2721,37.8,55,0
2026-03-12 22:39:15,38.103,22.18,38.1154,38.0902,22.031,22.3285,37.8,55,0
2026-03-12 22:39:15,38.123,22.139,38.1556,38.0902,22.0478,22.2309,37.8,55,0
2026-03-12 22:39:15,38.123,22.176,38.1556,38.0902,22.06,22.2919,37.8,55,0
2026-03-12 22:39:15,38.093,22.148,38.1556,38.0298,22.0356,22.2599,37.8,55,0
2026-03-12 22:39:16,38.103,22.137,38.1556,38.0499,22.0478,22.2263,37.8,55,0
2026-03-12 22:39:16,38.153,22.174,38.1758,38.1305,22.0874,22.2599,37.8,55,0
2026-03-12 22:39:16,38.133,22.141,38.1355,38.1305,22.034,22.2477,37.8,55,0
2026-03-12 22:39:16,38.183,22.171,38.2362,38.1305,22.0691,22.2721,37.8,55,0
2026-03-12 22:39:17,38.173,22.193,38.2362,38.1103,22.0813,22.3056,37.8,55,0
2026-03-12 22:39:17,38.153,22.191,38.1959,38.1103,22.0768,22.3056,37.8,55,0
2026-03-12 22:39:17,38.153,22.204,38.2161,38.0902,22.1042,22.3041,37.8,55,0
2026-03-12 22:39:18,38.133,22.195,38.1959,38.07,22.0645,22.3255,37.8,55,0
2026-03-12 22:39:18,38.103,22.149,38.1556,38.0499,22.0356,22.2629,37.8,55,0
2026-03-12 22:39:18,38.133,22.201,38.1556,38.1103,22.0844,22.3178,37.8,55,0
2026-03-12 22:39:18,38.093,22.178,38.1154,38.07,22.0798,22.2766,37.8,55,0
2026-03-12 22:39:19,38.133,22.214,38.1355,38.1305,22.0829,22.3453,37.8,55,0
2026-03-12 22:39:19,38.103,22.168,38.0952,38.1103,22.0661,22.269,37.8,55,0
2026-03-12 22:39:19,38.123,22.176,38.1758,38.07,22.0874,22.2644,37.8,55,0
2026-03-12 22:39:19,38.083,22.165,38.1154,38.0499,22.092,22.2385,37.8,55,0
2026-03-12 22:39:20,38.123,22.158,38.1355,38.1103,22.0584,22.2568,37.8,55,0
2026-03-12 22:39:20,38.123,22.158,38.1556,38.0902,22.0844,22.2309,37.8,55,0
2026-03-12 22:39:20,38.123,22.152,38.1556,38.0902,22.0844,22.2187,37.8,55,0
2026-03-12 22:39:20,38.123,22.182,38.1154,38.1305,22.0798,22.2843,37.8,55,0
2026-03-12 22:39:21,38.103,22.155,38.1355,38.07,22.0829,22.2278,37.8,55,0
2026-03-12 22:39:21,38.103,22.229,38.1355,38.07,22.1317,22.3255,37.8,55,0
2026-03-12 22:39:21,38.073,22.195,38.1355,38.0096,22.1073,22.2827,37.8,55,0
2026-03-12 22:39:21,38.103,22.18,38.1355,38.07,22.0829,22.2766,37.8,55,0
2026-03-12 22:39:22,38.133,22.208,38.1355,38.1305,22.1317,22.2843,37.8,55,0
2026-03-12 22:39:22,38.073,22.201,38.0952,38.0499,22.1027,22.2995,37.8,55,0
2026-03-12 22:39:22,38.093,22.197,38.1556,38.0298,22.0966,22.2965,37.8,55,0
2026-03-12 22:39:22,38.083,22.208,38.0952,38.07,22.1393,22.2766,37.8,55,0
2026-03-12 22:39:23,38.062,22.181,38.0952,38.0298,22.1027,22.2599,37.8,55,0
2026-03-12 22:39:23,38.133,22.177,38.1556,38.1103,22.1088,22.2446,37.8,55,0
2026-03-12 22:39:23,38.103,22.222,38.0952,38.1103,22.1515,22.2934,37.8,55,0
2026-03-12 22:39:24,38.103,22.204,38.1355,38.07,22.1561,22.2522,37.8,55,0
2026-03-12 22:39:24,38.093,22.203,38.1154,38.07,22.1408,22.2644,37.8,55,0
2026-03-12 22:39:24,38.133,22.196,38.1355,38.1305,22.1561,22.2354,37.8,55,0
2026-03-12 22:39:24,38.113,22.236,38.1355,38.0902,22.1683,22.3041,37.8,55,0
2026-03-12 22:39:25,38.093,22.24,38.0751,38.1103,22.1988,22.2812,37.8,55,0
2026-03-12 22:39:25,38.093,22.184,38.1154,38.07,22.1286,22.24,37.8,55,0
2026-03-12 22:39:25,38.093,22.178,38.1154,38.07,22.1164,22.24,37.8,55,0
2026-03-12 22:39:25,38.062,22.2,38.1154,38.0096,22.153,22.2461,37.8,55,0
2026-03-12 22:39:26,38.073,22.195,38.0751,38.07,22.1622,22.2278,37.8,55,0
2026-03-12 22:39:26,38.073,22.219,38.0751,38.07,22.1622,22.2766,37.8,55,0
2026-03-12 22:39:26,38.083,22.22,38.1154,38.0499,22.1897,22.2507,37.8,55,0
2026-03-12 22:39:26,38.073,22.213,38.0348,38.1103,22.182,22.2446,37.8,55,0
2026-03-12 22:39:27,38.052,22.211,38.0751,38.0298,22.1744,22.2477,37.8,55,0
2026-03-12 22:39:27,38.073,22.213,38.0549,38.0902,22.1836,22.2431,37.8,55,0
2026-03-12 22:39:27,38.062,22.218,38.0952,38.0298,22.1881,22.2477,37.8,55,0
2026-03-12 22:39:27,38.052,22.126,37.9945,38.1103,22.0676,22.1836,37.8,55,0
2026-03-12 22:39:28,38.032,22.154,38.0348,38.0298,22.0966,22.211,37.8,55,0
2026-03-12 22:39:28,38.062,22.17,38.0751,38.0499,22.1134,22.2263,37.8,55,0
2026-03-12 22:39:28,38.022,22.19,37.9542,38.0902,22.1607,22.2187,37.8,55,0
2026-03-12 22:39:29,38.073,22.183,38.0549,38.0902,22.1469,22.2187,37.8,55,0
2026-03-12 22:39:29,38.103,22.222,38.0549,38.1506,22.1714,22.2736,37.8,55,0
2026-03-12 22:39:29,38.012,22.237,37.9744,38.0499,22.1866,22.2873,37.8,55,0
2026-03-12 22:39:29,38.032,22.203,38.0348,38.0298,22.1576,22.2477,37.8,55,0
2026-03-12 22:39:30,38.052,22.272,38.0751,38.0298,22.2232,22.3209,37.8,55,0
2026-03-12 22:39:30,38.062,22.28,38.0348,38.0902,22.2675,22.2919,37.8,55,0
2026-03-12 22:39:30,38.042,22.253,38.0751,38.0096,22.211,22.295,37.8,55,0
2026-03-12 22:39:30,38.042,22.271,38.0549,38.0298,22.2202,22.3209,37.8,55,0
2026-03-12 22:39:31,38.052,22.278,38.0549,38.0499,22.2324,22.3239,37.8,55,0
2026-03-12 22:39:31,38.042,22.252,37.9744,38.1103,22.2354,22.269,37.8,55,0
2026-03-12 22:39:31,37.992,22.272,37.9945,37.9895,22.2629,22.2812,37.8,55,0
2026-03-12 22:39:31,38.052,22.303,38.0348,38.07,22.2309,22.3743,37.8,55,0
2026-03-12 22:39:32,38.062,22.267,38.0549,38.07,22.2446,22.2889,37.8,55,0
2026-03-12 22:39:32,38.032,22.295,38.0751,37.9895,22.2477,22.3423,37.8,55,0
2026-03-12 22:39:32,38.042,22.284,38.0348,38.0499,22.2797,22.2873,37.8,55,0
2026-03-12 22:39:32,37.972,22.287,37.9744,37.9693,22.2721,22.3026,37.8,55,0
2026-03-12 22:39:33,38.062,22.267,38.0751,38.0499,22.2354,22.2995,37.8,55,0
2026-03-12 22:39:33,38.022,22.275,38.0348,38.0096,22.2431,22.3072,37.8,55,0
2026-03-12 22:39:33,37.972,22.3,38.0146,37.929,22.2889,22.3102,37.8,55,0
2026-03-12 22:39:34,37.982,22.289,37.9542,38.0096,22.2705,22.3072,37.8,55,0
2026-03-12 22:39:34,37.992,22.303,37.9945,37.9895,22.2995,22.3056,37.8,55,0
2026-03-12 22:39:34,38.002,22.285,37.9945,38.0096,22.2629,22.3072,37.8,55,0
2026-03-12 22:39:34,38.052,22.296,38.0348,38.07,22.2675,22.3255,37.8,55,0
2026-03-12 22:39:35,38.002,22.297,37.9542,38.0499,22.2705,22.3239,37.8,55,0
2026-03-12 22:39:35,37.992,22.29,37.9341,38.0499,22.269,22.3117,37.8,55,0
2026-03-12 22:39:35,37.952,22.274,37.9341,37.9693,22.2446,22.3026,37.8,55,0
2026-03-12 22:39:35,37.982,22.295,37.9744,37.9895,22.2965,22.2934,37.8,55,0
2026-03-12 22:39:36,38.002,22.303,37.9542,38.0499,22.295,22.3117,37.8,55,0
2026-03-12 22:39:36,37.942,22.309,37.9341,37.9492,22.3301,22.2889,37.8,55,0
2026-03-12 22:39:36,37.972,22.331,37.9341,38.0096,22.3301,22.3316,37.8,55,0
2026-03-12 22:39:36,37.972,22.312,37.9744,37.9693,22.2965,22.327,37.8,55,0
2026-03-12 22:39:37,38.012,22.304,37.9945,38.0298,22.2873,22.3209,37.8,55,0
2026-03-12 22:39:37,37.982,22.307,37.9744,37.9895,22.2721,22.3423,37.8,55,0
2026-03-12 22:39:37,37.911,22.293,37.8535,37.9693,22.2843,22.3026,37.8,55,0
2026-03-12 22:39:37,37.972,22.306,37.9542,37.9895,22.3316,22.2812,37.8,55,0
2026-03-12 22:39:38,37.982,22.307,37.9744,37.9895,22.3087,22.3056,37.8,55,0
2026-03-12 22:39:38,37.952,22.322,37.9542,37.9492,22.3438,22.3011,37.8,55,0
2026-03-12 22:39:38,37.972,22.324,37.9139,38.0298,22.3148,22.3331,37.8,55,0
2026-03-12 22:39:39,37.942,22.339,37.8737,38.0096,22.3224,22.356,37.8,55,0
2026-03-12 22:39:39,38.022,22.33,37.9945,38.0499,22.3606,22.2995,37.8,55,0
2026-03-12 22:39:39,38.052,22.339,38.0146,38.0902,22.3621,22.3163,37.8,55,0
2026-03-12 22:39:39,37.962,22.336,37.9341,37.9895,22.3667,22.3056,37.8,55,0
2026-03-12 22:39:40,38.042,22.338,38.0348,38.0499,22.3407,22.3362,37.8,55,0
2026-03-12 22:39:40,37.962,22.329,37.9744,37.9492,22.3453,22.3133,37.8,55,0
2026-03-12 22:39:40,37.962,22.342,37.9341,37.9895,22.3667,22.3178,37.8,55,0
2026-03-12 22:39:40,37.982,22.362,37.9341,38.0298,22.3667,22.3575,37.8,55,0
2026-03-12 22:39:41,37.982,22.368,37.9744,37.9895,22.3697,22.3667,37.8,55,0
2026-03-12 22:39:41,37.942,22.358,37.8737,38.0096,22.359,22.356,37.8,55,0
2026-03-12 22:39:41,37.932,22.393,37.9139,37.9492,22.4369,22.3499,37.8,55,0
2026-03-12 22:39:41,37.972,22.348,37.9139,38.0298,22.3758,22.3209,37.8,55,0
2026-03-12 22:39:42,37.952,22.383,37.9139,37.9895,22.4247,22.3423,37.8,55,0
2026-03-12 22:39:42,37.942,22.37,37.8535,38.0298,22.4063,22.3331,37.8,55,0
2026-03-12 22:39:42,37.932,22.381,37.8938,37.9693,22.3987,22.3636,37.8,55,0
2026-03-12 22:39:42,37.881,22.375,37.7931,37.9693,22.4109,22.3392,37.8,55,0
2026-03-12 22:39:43,37.911,22.361,37.8938,37.929,22.3987,22.3224,37.8,55,0
2026-03-12 22:39:43,37.911,22.385,37.8334,37.9895,22.3911,22.3789,37.8,55,0
2026-03-12 22:39:43,37.952,22.377,37.9139,37.9895,22.388,22.3667,37.8,55,0
2026-03-12 22:39:44,37.891,22.364,37.9139,37.8686,22.3758,22.3529,37.8,55,0
2026-03-12 22:39:44,37.921,22.374,37.8334,38.0096,22.4033,22.3438,37.8,55,0
2026-03-12 22:39:44,37.952,22.39,37.9341,37.9693,22.4155,22.3636,37.8,55,0
2026-03-12 22:39:44,37.901,22.329,37.8737,37.929,22.3468,22.3102,37.8,55,0
2026-03-12 22:39:45,37.932,22.399,37.8737,37.9895,22.4445,22.3545,37.8,55,0
2026-03-12 22:39:45,37.881,22.387,37.8737,37.8888,22.4201,22.3545,37.8,55,0
2026-03-12 22:39:45,37.942,22.406,37.8737,38.0096,22.4323,22.3804,37.8,55,0
2026-03-12 22:39:45,37.952,22.396,37.9139,37.9895,22.4247,22.3667,37.8,55,0
2026-03-12 22:39:46,37.942,22.425,37.9341,37.9492,22.4643,22.3865,37.8,55,0
2026-03-12 22:39:46,37.911,22.397,37.8535,37.9693,22.4308,22.3636,37.8,55,0
2026-03-12 22:39:46,37.932,22.399,37.8737,37.9895,22.4201,22.3789,37.8,55,0
2026-03-12 22:39:46,37.851,22.39,37.8132,37.8888,22.4262,22.3545,37.8,55,0
2026-03-12 22:39:47,37.911,22.422,37.8334,37.9895,22.4521,22.3911,37.8,55,0
2026-03-12 22:39:47,37.871,22.411,37.8535,37.8888,22.4674,22.3545,37.8,55,0
2026-03-12 22:39:47,37.932,22.436,37.8737,37.9895,22.4445,22.4277,37.8,55,0
2026-03-12 22:39:47,37.921,22.435,37.8535,37.9895,22.4308,22.4399,37.8,55,0
2026-03-12 22:39:48,37.891,22.468,37.8535,37.929,22.504,22.4323,37.8,55,0
2026-03-12 22:39:48,37.851,22.47,37.8132,37.8888,22.4506,22.4887,37.8,55,0
2026-03-12 22:39:48,37.881,22.443,37.8132,37.9492,22.4628,22.4231,37.8,55,0
2026-03-12 22:39:49,37.861,22.447,37.7729,37.9492,22.4826,22.4109,37.8,55,0
2026-03-12 22:39:49,37.871,22.448,37.8334,37.9089,22.4765,22.4186,37.8,55,0
2026-03-12 22:39:49,37.861,22.428,37.7327,37.9895,22.4537,22.4033,37.8,55,0
2026-03-12 22:39:49,37.851,22.439,37.7729,37.929,22.4704,22.4079,37.8,55,0
2026-03-12 22:39:50,37.851,22.47,37.7931,37.9089,22.5086,22.4308,37.8,55,0
2026-03-12 22:39:50,37.871,22.466,37.8535,37.8888,22.504,22.4277,37.8,55,0
2026-03-12 22:39:50,37.901,22.444,37.7931,38.0096,22.5086,22.3804,37.8,55,0
2026-03-12 22:39:50,37.901,22.439,37.8535,37.9492,22.4796,22.3987,37.8,55,0
2026-03-12 22:39:51,37.891,22.486,37.8334,37.9492,22.501,22.472,37.8,55,0
2026-03-12 22:39:51,37.831,22.425,37.7327,37.929,22.4781,22.3713,37.8,55,0
2026-03-12 22:39:51,37.861,22.447,37.8535,37.8686,22.4918,22.4018,37.8,55,0
2026-03-12 22:39:51,37.851,22.439,37.8334,37.8686,22.501,22.3774,37.8,55,0
2026-03-12 22:39:52,37.851,22.464,37.8132,37.8888,22.5238,22.4033,37.8,55,0
2026-03-12 22:39:52,37.891,22.474,37.8535,37.929,22.5284,22.4201,37.8,55,0
2026-03-12 22:39:52,37.891,22.48,37.8334,37.9492,22.5132,22.4475,37.8,55,0
2026-03-12 22:39:52,37.841,22.486,37.7931,37.8888,22.5086,22.4643,37.8,55,0
2026-03-12 22:39:53,37.841,22.481,37.8737,37.8082,22.5422,22.4201,37.8,55,0
2026-03-12 22:39:53,37.861,22.514,37.8132,37.9089,22.5483,22.4796,37.8,55,0
2026-03-12 22:39:53,37.821,22.503,37.7528,37.8888,22.5299,22.4765,37.8,55,0
2026-03-12 22:39:54,37.932,22.497,37.8535,38.0096,22.5406,22.4537,37.8,55,0
2026-03-12 22:39:54,37.851,22.525,37.7327,37.9693,22.5513,22.4979,37.8,55,0
2026-03-12 22:39:54,37.851,22.506,37.7931,37.9089,22.5208,22.4918,37.8,55,0
2026-03-12 22:39:54,37.791,22.457,37.7125,37.8686,22.4765,22.4384,37.8,55,5.277782048991558
2026-03-12 22:39:55,37.841,22.474,37.7931,37.8888,22.4964,22.4521,37.8,55,0
2026-03-12 22:39:55,37.801,22.507,37.6924,37.9089,22.5345,22.4796,37.8,55,1.5637954675361412
2026-03-12 22:39:55,37.811,22.514,37.7327,37.8888,22.5879,22.4399,37.8,55,0
2026-03-12 22:39:55,37.821,22.497,37.7528,37.8888,22.5299,22.4643,37.8,55,0
2026-03-12 22:39:56,37.821,22.522,37.7729,37.8686,22.5559,22.4872,37.8,55,0
2026-03-12 22:39:56,37.831,22.51,37.7729,37.8888,22.5315,22.4887,37.8,55,0
2026-03-12 22:39:56,37.851,22.506,37.8132,37.8888,22.5849,22.4277,37.8,55,0
2026-03-12 22:39:56,37.801,22.507,37.6722,37.929,22.5818,22.4323,37.8,55,2.020893389449103
2026-03-12 22:39:57,37.851,22.519,37.8132,37.8888,22.5727,22.4643,37.8,55,0
2026-03-12 22:39:57,37.801,22.501,37.7327,37.8686,22.5879,22.414,37.8,55,2.019607438831794
2026-03-12 22:39:57,37.801,22.525,37.7327,37.8686,22.6001,22.4506,37.8,55,0
2026-03-12 22:39:57,37.76,22.533,37.7327,37.7881,22.6001,22.4659,37.8,55,13.164367427155824
2026-03-12 22:39:58,37.77,22.559,37.6722,37.8686,22.594,22.5238,37.8,55,8.910502869011912
2026-03-12 22:39:58,37.821,22.546,37.7528,37.8888,22.6032,22.4887,37.8,55,0
2026-03-12 22:39:58,37.791,22.548,37.7327,37.8485,22.6123,22.4842,37.8,55,5.005518356321065
2026-03-12 22:39:59,37.78,22.523,37.6924,37.8686,22.5956,22.4506,37.8,55,7.446271594079036
2026-03-12 22:39:59,37.78,22.529,37.7125,37.8485,22.5742,22.4842,37.8,55,7.39243513335129
2026-03-12 22:39:59,37.811,22.533,37.7125,37.9089,22.6108,22.4552,37.8,55,0
2026-03-12 22:39:59,37.801,22.556,37.7327,37.8686,22.6368,22.475,37.8,55,2.119863587866254
2026-03-12 22:40:00,37.76,22.509,37.6521,37.8686,22.591,22.4262,37.8,55,15.087925514224388
2026-03-12 22:40:00,37.791,22.561,37.7528,37.8283,22.6398,22.4826,37.8,55,3.9469928504119776
2026-03-12 22:40:00,37.74,22.555,37.632,37.8485,22.5895,22.5208,37.8,55,22.287932647250262
2026-03-12 22:40:00,37.77,22.577,37.7327,37.8082,22.6368,22.5177,37.8,55,11.46619884635642
2026-03-12 22:40:01,37.811,22.588,37.6722,37.9492,22.6673,22.5086,37.8,55,0.05751105313627747
2026-03-12 22:40:01,37.71,22.601,37.5917,37.8283,22.6581,22.5437,37.8,55,34.80765851754648
2026-03-12 22:40:01,37.78,22.566,37.7125,37.8485,22.6352,22.4964,37.8,55,9.254456560911267
2026-03-12 22:40:01,37.78,22.572,37.7125,37.8485,22.6474,22.4964,37.8,55,12.89492187168324
2026-03-12 22:40:02,37.801,22.586,37.6722,37.929,22.6062,22.5666,37.8,55,6.454876787940782
2026-03-12 22:40:02,37.811,22.605,37.6924,37.929,22.6688,22.5422,37.8,55,4.110510974622564
2026-03-12 22:40:02,37.72,22.608,37.5917,37.8485,22.6703,22.5452,37.8,55,34.16683625438318
2026-03-12 22:40:02,37.77,22.595,37.6924,37.8485,22.6566,22.533,37.8,55,15.404240610607497
2026-03-12 22:40:03,37.74,22.628,37.6924,37.7881,22.7176,22.5391,37.8,55,28.195744951791117
2026-03-12 22:40:03,37.74,22.604,37.6521,37.8283,22.6886,22.5193,37.8,55,28.170437472460236
2026-03-12 22:40:03,37.73,22.646,37.5917,37.8686,22.7314,22.5605,37.8,55,32.79207322641438
2026-03-12 22:40:04,37.74,22.628,37.6521,37.8283,22.7008,22.5559,37.8,55,30.621734381916497
2026-03-12 22:40:04,37.75,22.63,37.6722,37.8283,22.6673,22.5925,37.8,55,29.139680842248996
2026-03-12 22:40:04,37.75,22.587,37.632,37.8686,22.6627,22.5116,37.8,55,30.71365410406197
2026-03-12 22:40:04,37.7,22.594,37.632,37.7679,22.6749,22.5132,37.8,55,48.230520621303484
2026-03-12 22:40:05,37.7,22.643,37.632,37.7679,22.7237,22.562,37.8,55,48.18494159956127
2026-03-12 22:40:05,37.76,22.631,37.7125,37.8082,22.7207,22.5422,37.8,55,30.74158554145294
2026-03-12 22:40:05,37.76,22.612,37.6722,37.8485,22.6795,22.5452,37.8,55,34.37296903776082
2026-03-12 22:40:05,37.75,22.642,37.6722,37.8283,22.7283,22.5559,37.8,55,38.54700982213112
2026-03-12 22:40:06,37.72,22.615,37.6118,37.8283,22.6368,22.5925,37.8,55,49.04800625208128
2026-03-12 22:40:06,37.74,22.623,37.6722,37.8082,22.6673,22.5788,37.8,55,42.908701372835466
2026-03-12 22:40:06,37.76,22.631,37.6924,37.8283,22.681,22.5803,37.8,55,38.603178029887275
2026-03-12 22:40:06,37.7,22.618,37.5715,37.8283,22.6688,22.5681,37.8,55,60.088349543827135
2026-03-12 22:40:07,37.74,22.592,37.6521,37.8283,22.6642,22.5193,37.8,55,46.471043822654536
2026-03-12 22:40:07,37.7,22.643,37.5715,37.8283,22.7054,22.5803,37.8,55,62.75565732426592
2026-03-12 22:40:07,37.72,22.621,37.6118,37.8283,22.7222,22.5193,37.8,55,56.610041470572234
2026-03-12 22:40:07,37.71,22.65,37.6118,37.8082,22.71,22.591,37.8,55,62.59118829217896
2026-03-12 22:40:08,37.73,22.603,37.6521,37.8082,22.7008,22.5055,37.8,55,57.59033184456228
2026-03-12 22:40:08,37.68,22.622,37.5917,37.7679,22.7192,22.5254,37.8,55,76.46612552165129
2026-03-12 22:40:08,37.69,22.611,37.5917,37.7881,22.707,22.5147,37.8,55,73.59058118174433
2026-03-12 22:40:09,37.71,22.632,37.6118,37.8082,22.7222,22.5422,37.8,55,69.94673163155461
2026-03-12 22:40:09,37.71,22.65,37.632,37.7881,22.7359,22.5635,37.8,55,72.87259319750675
2026-03-12 22:40:09,37.69,22.63,37.6118,37.7679,22.7222,22.5376,37.8,55,81.44549550524738
2026-03-12 22:40:09,37.69,22.647,37.5917,37.7881,22.7314,22.5635,37.8,55,82.99389634856473
2026-03-12 22:40:10,37.69,22.66,37.6521,37.7276,22.7131,22.6062,37.8,55,85.45430579181294
2026-03-12 22:40:10,37.7,22.649,37.5917,37.8082,22.7314,22.5666,37.8,55,84.63458320310582
2026-03-12 22:40:10,37.65,22.668,37.5312,37.7679,22.7253,22.6108,37.8,55,100
2026-03-12 22:40:10,37.7,22.655,37.5917,37.8082,22.7558,22.5544,37.8,55,88.40053948557906
2026-03-12 22:40:11,37.67,22.663,37.5917,37.7478,22.7558,22.5711,37.8,55,100
2026-03-12 22:40:11,37.72,22.589,37.6521,37.7881,22.6276,22.5513,37.8,55,87.89764863440965
2026-03-12 22:40:11,37.67,22.628,37.5715,37.7679,22.6566,22.5986,37.8,55,100
2026-03-12 22:40:11,37.68,22.604,37.6118,37.7478,22.649,22.5589,37.8,55,100
2026-03-12 22:40:12,37.69,22.629,37.6521,37.7276,22.6886,22.5696,37.8,55,100
2026-03-12 22:40:12,37.7,22.643,37.6118,37.7881,22.7344,22.5513,37.8,55,100
2026-03-12 22:40:12,37.7,22.637,37.6118,37.7881,22.71,22.5635,37.8,55,100
2026-03-12 22:40:12,37.7,22.679,37.632,37.7679,22.7604,22.5986,37.8,55,100
2026-03-12 22:40:13,37.7,22.673,37.632,37.7679,22.7359,22.6108,37.8,55,100
2026-03-12 22:40:13,37.69,22.647,37.632,37.7478,22.7359,22.5589,37.8,55,100
2026-03-12 22:40:13,37.64,22.667,37.5312,37.7478,22.7375,22.5956,37.8,55,100
2026-03-12 22:40:14,37.68,22.671,37.6118,37.7478,22.7588,22.5834,37.8,55,100
2026-03-12 22:40:14,37.67,22.652,37.5715,37.7679,22.7176,22.5864,37.8,55,100
2026-03-12 22:40:14,37.71,22.687,37.6118,37.8082,22.7222,22.652,37.8,55,100
2026-03-12 22:40:14,37.64,22.667,37.5514,37.7276,22.7512,22.5818,37.8,55,100
2026-03-12 22:40:15,37.67,22.7,37.5917,37.7478,22.768,22.6322,37.8,55,100
2026-03-12 22:40:15,37.68,22.714,37.6118,37.7478,22.771,22.6566,37.8,55,100
2026-03-12 22:40:15,37.7,22.661,37.6118,37.7881,22.7588,22.5635,37.8,55,100
2026-03-12 22:40:15,37.71,22.65,37.6722,37.7478,22.7527,22.5467,37.8,55,100
2026-03-12 22:40:16,37.64,22.697,37.5312,37.7478,22.7741,22.62,37.8,55,100
2026-03-12 22:40:16,37.68,22.708,37.5917,37.7679,22.7558,22.6596,37.8,55,100
2026-03-12 22:40:16,37.67,22.682,37.5514,37.7881,22.7512,22.6123,37.8,55,100
2026-03-12 22:40:16,37.69,22.691,37.6118,37.7679,22.7588,22.623,37.8,55,100
2026-03-12 22:40:17,37.72,22.699,37.6521,37.7881,22.7863,22.6123,37.8,55,100
2026-03-12 22:40:17,37.64,22.654,37.5715,37.7075,22.7298,22.5788,37.8,55,100
2026-03-12 22:40:17,37.73,22.731,37.632,37.8283,22.8092,22.6535,37.8,55,100
2026-03-12 22:40:17,37.68,22.738,37.6118,37.7478,22.8077,22.6688,37.8,55,100
2026-03-12 22:40:18,37.67,22.694,37.6521,37.6873,22.7497,22.6383,37.8,55,100
2026-03-12 22:40:18,37.65,22.692,37.5312,37.7679,22.7497,22.6352,37.8,55,100
2026-03-12 22:40:18,37.7,22.703,37.6521,37.7478,22.7741,22.6322,37.8,55,100
2026-03-12 22:40:19,37.64,22.673,37.5917,37.6873,22.7436,22.6017,37.8,55,100
2026-03-12 22:40:19,37.7,22.691,37.6924,37.7075,22.7298,22.652,37.8,55,100
2026-03-12 22:40:19,37.72,22.663,37.6924,37.7478,22.7298,22.5956,37.8,55,100
2026-03-12 22:40:19,37.7,22.679,37.5917,37.8082,22.707,22.652,37.8,55,100
2026-03-12 22:40:20,37.68,22.64,37.6521,37.7075,22.7008,22.5788,37.8,55,100
2026-03-12 22:40:20,37.68,22.665,37.5917,37.7679,22.6703,22.6596,37.8,55,100
2026-03-12 22:40:20,37.66,22.657,37.5917,37.7276,22.6703,22.6429,37.8,55,100
2026-03-12 22:40:20,37.73,22.652,37.6924,37.7679,22.7054,22.5986,37.8,55,100
2026-03-12 22:40:21,37.72,22.688,37.6722,37.7679,22.7039,22.6719,37.8,55,100
2026-03-12 22:40:21,37.7,22.716,37.5917,37.8082,22.7192,22.7131,37.8,55,100
2026-03-12 22:40:21,37.73,22.652,37.6924,37.7679,22.7054,22.5986,37.8,55,100
2026-03-12 22:40:21,37.74,22.683,37.6924,37.7881,22.6932,22.6734,37.8,55,100
2026-03-12 22:40:22,37.71,22.656,37.7125,37.7075,22.6963,22.6154,37.8,55,100
2026-03-12 22:40:22,37.71,22.631,37.6521,37.7679,22.6398,22.623,37.8,55,100
2026-03-12 22:40:22,37.72,22.633,37.6118,37.8283,22.6246,22.6413,37.8,55,100
2026-03-12 22:40:22,37.67,22.609,37.6118,37.7276,22.6246,22.594,37.8,55,100
2026-03-12 22:40:23,37.74,22.635,37.7125,37.7679,22.6841,22.5864,37.8,55,100
2026-03-12 22:40:23,37.7,22.661,37.6722,37.7276,22.6795,22.6429,37.8,55,100
2026-03-12 22:40:23,37.76,22.631,37.7125,37.8082,22.6474,22.6154,37.8,55,100
2026-03-12 22:40:24,37.75,22.612,37.7327,37.7679,22.649,22.5742,37.8,55,100
2026-03-12 22:40:24,37.72,22.627,37.6722,37.7679,22.6062,22.6474,37.8,55,100
2026-03-12 22:40:24,37.74,22.616,37.7327,37.7478,22.6001,22.6322,37.8,55,100
2026-03-12 22:40:24,37.74,22.574,37.7125,37.7679,22.5742,22.5742,37.8,55,100
2026-03-12 22:40:25,37.77,22.614,37.7327,37.8082,22.5757,22.652,37.8,55,100
2026-03-12 22:40:25,37.75,22.63,37.7125,37.7881,22.6352,22.6246,37.8,55,100
2026-03-12 22:40:25,37.74,22.556,37.7125,37.7679,22.4765,22.6352,37.8,55,100
2026-03-12 22:40:25,37.72,22.565,37.7327,37.7075,22.5269,22.6032,37.8,55,100
2026-03-12 22:40:26,37.78,22.596,37.7931,37.7679,22.594,22.5986,37.8,55,100
2026-03-12 22:40:26,37.77,22.583,37.7931,37.7478,22.533,22.6322,37.8,55,100
2026-03-12 22:40:26,37.78,22.56,37.7528,37.8082,22.5422,22.5788,37.8,55,100
2026-03-12 22:40:26,37.811,22.575,37.7931,37.8283,22.5208,22.6291,37.8,55,95.47996859460672
2026-03-12 22:40:27,37.821,22.57,37.8334,37.8082,22.5254,22.6154,37.8,55,93.3682989055421
2026-03-12 22:40:27,37.78,22.56,37.8334,37.7276,22.5742,22.5452,37.8,55,100
2026-03-12 22:40:27,37.78,22.547,37.7729,37.7881,22.5315,22.5635,37.8,55,100
2026-03-12 22:40:27,37.791,22.531,37.7729,37.8082,22.5193,22.5422,37.8,55,100
2026-03-12 22:40:28,37.821,22.528,37.7528,37.8888,22.5055,22.5498,37.8,55,92.70265013442787
2026-03-12 22:40:28,37.821,22.534,37.8535,37.7881,22.4918,22.5757,37.8,55,93.60042301689978
2026-03-12 22:40:28,37.76,22.522,37.7125,37.8082,22.5132,22.5299,37.8,55,100
2026-03-12 22:40:29,37.821,22.515,37.8132,37.8283,22.5116,22.5193,37.8,55,91.24261871150027
2026-03-12 22:40:29,37.78,22.505,37.7931,37.7679,22.4842,22.5254,37.8,55,100
2026-03-12 22:40:29,37.78,22.523,37.7931,37.7679,22.4964,22.5498,37.8,55,100
2026-03-12 22:40:29,37.811,22.49,37.7931,37.8283,22.472,22.5071,37.8,55,95.47974140445491
2026-03-12 22:40:30,37.801,22.489,37.8535,37.7478,22.4552,22.5223,37.8,55,99.92792957261221
2026-03-12 22:40:30,37.821,22.54,37.8535,37.7881,22.5162,22.5635,37.8,55,92.88974215997678
2026-03-12 22:40:30,37.891,22.511,37.8938,37.8888,22.4842,22.5376,37.8,55,70.37387978664641
2026-03-12 22:40:30,37.831,22.498,37.7931,37.8686,22.4475,22.5483,37.8,55,91.21167222454957
2026-03-12 22:40:31,37.841,22.481,37.8737,37.8082,22.4201,22.5422,37.8,55,84.50206931355554
2026-03-12 22:40:31,37.871,22.502,37.8938,37.8485,22.4475,22.5574,37.8,55,74.20219364417689
2026-03-12 22:40:31,37.831,22.486,37.8535,37.8082,22.443,22.5299,37.8,55,87.10140219541913
2026-03-12 22:40:31,37.841,22.463,37.8737,37.8082,22.4201,22.5055,37.8,55,81.30411510656967
2026-03-12 22:40:32,37.841,22.469,37.8737,37.8082,22.4079,22.5299,37.8,55,80.84306701028653
2026-03-12 22:40:32,37.871,22.448,37.8938,37.8485,22.4231,22.472,37.8,55,70.08685925512626
2026-03-12 22:40:32,37.881,22.473,37.9341,37.8283,22.4399,22.5071,37.8,55,66.58745877687113
2026-03-12 22:40:32,37.942,22.431,37.9744,37.9089,22.3697,22.4918,37.8,55,45.225929795207705
2026-03-12 22:40:33,37.911,22.439,37.9744,37.8485,22.3575,22.5208,37.8,55,55.000504444442356
2026-03-12 22:40:33,37.962,22.433,37.9945,37.929,22.3362,22.5299,37.8,55,34.377054082560036
2026-03-12 22:40:33,37.891,22.377,37.9341,37.8485,22.2446,22.5086,37.8,55,56.365566401906186
2026-03-12 22:40:34,37.921,22.349,37.9744,37.8686,22.2232,22.475,37.8,55,41.25347844602092
2026-03-12 22:40:34,37.901,22.426,37.9542,37.8485,22.3072,22.5452,37.8,55,46.4765752509919
2026-03-12 22:40:34,37.881,22.364,37.8938,37.8686,22.2766,22.4506,37.8,55,49.86559437102791
2026-03-12 22:40:34,37.942,22.412,38.0146,37.8686,22.3255,22.4994,37.8,55,27.135428646288084
2026-03-12 22:40:35,37.901,22.383,37.9139,37.8888,22.3148,22.4521,37.8,55,40.18807525187208
2026-03-12 22:40:35,37.932,22.405,37.9744,37.8888,22.2843,22.5254,37.8,55,25.89291586769077
2026-03-12 22:40:35,37.891,22.377,37.9542,37.8283,22.2827,22.4704,37.8,55,37.799606344476395
2026-03-12 22:40:35,37.952,22.408,38.0348,37.8686,22.3407,22.475,37.8,55,13.88949773730931
2026-03-12 22:40:36,37.962,22.378,37.9542,37.9693,22.3072,22.4491,37.8,55,9.995815304624134
2026-03-12 22:40:36,37.952,22.407,38.0146,37.8888,22.2889,22.5254,37.8,55,10.112117920603483
2026-03-12 22:40:36,37.972,22.361,37.9945,37.9492,22.2751,22.4475,37.8,55,0
2026-03-12 22:40:36,37.932,22.338,37.9542,37.9089,22.2217,22.4552,37.8,55,9.888532073822136
2026-03-12 22:40:37,37.952,22.37,38.0549,37.8485,22.2568,22.4842,37.8,55,0
2026-03-12 22:40:37,37.972,22.38,38.0751,37.8686,22.2843,22.475,37.8,55,0
2026-03-12 22:40:37,38.022,22.361,38.0952,37.9492,22.2614,22.4598,37.8,55,0
2026-03-12 22:40:37,37.992,22.339,38.0751,37.9089,22.2232,22.4552,37.8,55,0
2026-03-12 22:40:38,37.972,22.318,38.0146,37.929,22.1912,22.4445,37.8,55,0
2026-03-12 22:40:38,37.992,22.32,38.0549,37.929,22.208,22.4323,37.8,55,0
2026-03-12 22:40:38,37.982,22.307,38.0348,37.929,22.182,22.4323,37.8,55,0
2026-03-12 22:40:39,38.012,22.292,38.1355,37.8888,22.1439,22.4399,37.8,55,0
2026-03-12 22:40:39,37.992,22.284,38.0751,37.9089,22.1866,22.3819,37.8,55,0
2026-03-12 22:40:39,38.052,22.29,38.1154,37.9895,22.1408,22.4399,37.8,55,0
2026-03-12 22:40:39,38.103,22.265,38.1556,38.0499,22.1454,22.385,37.8,55,0
2026-03-12 22:40:40,38.073,22.256,38.1556,37.9895,22.1088,22.4033,37.8,55,0
2026-03-12 22:40:40,38.062,22.279,38.1556,37.9693,22.121,22.4369,37.8,55,0
2026-03-12 22:40:40,38.042,22.277,38.1154,37.9693,22.1164,22.4369,37.8,55,0
2026-03-12 22:40:40,37.982,22.24,38.0348,37.929,22.1088,22.3713,37.8,55,0
2026-03-12 22:40:41,38.042,22.253,38.1355,37.9492,22.1195,22.3865,37.8,55,0
2026-03-12 22:40:41,38.123,22.243,38.1556,38.0902,22.1088,22.3774,37.8,55,0
2026-03-12 22:40:41,38.002,22.279,38.0549,37.9492,22.1592,22.3987,37.8,55,0
2026-03-12 22:40:41,38.062,22.23,38.1556,37.9693,22.121,22.3392,37.8,55,0
2026-03-12 22:40:42,38.073,22.25,38.1355,38.0096,22.1317,22.3682,37.8,55,0
2026-03-12 22:40:42,38.052,22.254,38.1758,37.929,22.1241,22.3835,37.8,55,0
2026-03-12 22:40:42,38.073,22.232,38.1355,38.0096,22.0951,22.3682,37.8,55,0
2026-03-12 22:40:42,38.052,22.248,38.1758,37.929,22.1241,22.3713,37.8,55,0
2026-03-12 22:40:43,38.073,22.213,38.1758,37.9693,22.0874,22.3392,37.8,55,0
2026-03-12 22:40:43,38.113,22.199,38.1959,38.0298,22.0768,22.3209,37.8,55,0
2026-03-12 22:40:43,38.113,22.193,38.1959,38.0298,22.0523,22.3331,37.8,55,0
2026-03-12 22:40:44,38.062,22.2,38.1758,37.9492,22.063,22.3377,37.8,55,0
2026-03-12 22:40:44,38.073,22.213,38.1355,38.0096,22.0706,22.356,37.8,55,0
2026-03-12 22:40:44,38.103,22.21,38.1758,38.0298,22.0508,22.3697,37.8,55,0
2026-03-12 22:40:44,38.042,22.168,38.1758,37.9089,22.0386,22.2965,37.8,55,0
2026-03-12 22:40:45,38.093,22.173,38.1758,38.0096,22.0264,22.3194,37.8,55,0
2026-03-12 22:40:45,38.123,22.17,38.2161,38.0298,22.031,22.3087,37.8,55,0
2026-03-12 22:40:45,38.113,22.162,38.1959,38.0298,22.0157,22.3087,37.8,55,0
2026-03-12 22:40:45,38.103,22.138,38.2161,37.9895,22.0188,22.2568,37.8,55,0
2026-03-12 22:40:46,38.143,22.166,38.2564,38.0298,22.0356,22.2965,37.8,55,0
2026-03-12 22:40:46,38.133,22.184,38.2161,38.0499,22.0188,22.3484,37.8,55,0
2026-03-12 22:40:46,38.143,22.166,38.2362,38.0499,22.0081,22.3239,37.8,55,0
2026-03-12 22:40:46,38.113,22.175,38.2765,37.9492,22.0249,22.3255,37.8,55,0
2026-03-12 22:40:47,38.133,22.14,38.2362,38.0298,21.9715,22.3087,37.8,55,0
2026-03-12 22:40:47,38.153,22.142,38.2765,38.0298,22.0127,22.2721,37.8,55,0
2026-03-12 22:40:47,38.183,22.146,38.2765,38.0902,21.9883,22.3041,37.8,55,0
2026-03-12 22:40:47,38.093,22.123,38.1556,38.0298,21.9745,22.2721,37.8,55,0
2026-03-12 22:40:48,38.103,22.161,38.1355,38.07,21.973,22.3499,37.8,55,0
2026-03-12 22:40:48,38.163,22.132,38.2765,38.0499,21.9638,22.2995,37.8,55,0
2026-03-12 22:40:48,38.133,22.104,38.2161,38.0499,21.9455,22.2629,37.8,55,0
2026-03-12 22:40:49,38.183,22.133,38.2966,38.07,21.9532,22.3133,37.8,55,0
2026-03-12 22:40:49,38.163,22.119,38.2765,38.0499,21.9516,22.2873,37.8,55,0
2026-03-12 22:40:49,38.123,22.122,38.2564,37.9895,21.9745,22.269,37.8,55,0
2026-03-12 22:40:49,38.183,22.103,38.3168,38.0499,21.9074,22.2995,37.8,55,0
2026-03-12 22:40:50,38.193,22.068,38.3369,38.0499,21.9211,22.2141,37.8,55,0
2026-03-12 22:40:50,38.203,22.099,38.2966,38.1103,21.9165,22.2812,37.8,55,0
2026-03-12 22:40:50,38.123,22.127,38.1959,38.0499,21.9669,22.2873,37.8,55,0
2026-03-12 22:40:50,38.183,22.085,38.2765,38.0902,21.915,22.2553,37.8,55,0
2026-03-12 22:40:51,38.133,22.092,38.1758,38.0902,21.9287,22.2553,37.8,55,0
2026-03-12 22:40:51,38.133,22.08,38.2161,38.0499,21.9333,22.2263,37.8,55,0
2026-03-12 22:40:51,38.133,22.103,38.1959,38.07,21.9425,22.2644,37.8,55,0
2026-03-12 22:40:51,38.153,22.075,38.2362,38.07,21.9104,22.24,37.8,55,0
2026-03-12 22:40:52,38.183,22.109,38.2966,38.07,21.9532,22.2644,37.8,55,0
2026-03-12 22:40:52,38.133,22.086,38.2161,38.0499,21.9211,22.2507,37.8,55,0
2026-03-12 22:40:52,38.163,22.083,38.2765,38.0499,21.9394,22.2263,37.8,55,0
2026-03-12 22:40:52,38.183,22.128,38.2564,38.1103,21.9379,22.3178,37.8,55,0
2026-03-12 22:40:53,38.163,22.071,38.2362,38.0902,21.8494,22.2919,37.8,55,0
2026-03-12 22:40:53,38.173,22.071,38.2765,38.07,21.8784,22.2644,37.8,55,0
2026-03-12 22:40:53,38.193,22.11,38.2966,38.0902,21.9165,22.3041,37.8,55,0
2026-03-12 22:40:54,38.183,22.091,38.2765,38.0902,21.915,22.2675,37.8,55,0
2026-03-12 22:40:54,38.173,22.09,38.2161,38.1305,21.9089,22.2721,37.8,55,0
2026-03-12 22:40:54,38.153,22.081,38.2362,38.07,21.9104,22.2522,37.8,55,0
2026-03-12 22:40:54,38.143,22.068,38.2362,38.0499,21.9348,22.2019,37.8,55,0
2026-03-12 22:40:55,38.203,22.087,38.2966,38.1103,21.9532,22.2202,37.8,55,0
2026-03-12 22:40:55,38.163,22.065,38.2765,38.0499,21.9272,22.2019,37.8,55,0
2026-03-12 22:40:55,38.123,22.066,38.2362,38.0096,21.9104,22.2217,37.8,55,0
2026-03-12 22:40:55,38.183,22.097,38.2564,38.1103,21.9257,22.269,37.8,55,0
2026-03-12 22:40:56,38.193,22.135,38.2765,38.1103,21.976,22.2934,37.8,55,0
2026-03-12 22:40:56,38.214,22.125,38.2966,38.1305,21.9776,22.2721,37.8,55,0
2026-03-12 22:40:56,38.153,22.113,38.2161,38.0902,21.9577,22.2675,37.8,55,0
2026-03-12 22:40:56,38.163,22.101,38.2362,38.0902,21.9715,22.2309,37.8,55,0
2026-03-12 22:40:57,38.163,22.119,38.2362,38.0902,21.9593,22.2797,37.8,55,0
2026-03-12 22:40:57,38.203,22.105,38.2966,38.1103,21.9409,22.269,37.8,55,0
2026-03-12 22:40:57,38.173,22.102,38.1959,38.1506,21.9547,22.2492,37.8,55,0
2026-03-12 22:40:57,38.163,22.071,38.2362,38.0902,21.9348,22.2065,37.8,55,0
2026-03-12 22:40:58,38.183,22.084,38.2966,38.07,21.9043,22.2644,37.8,55,0
2026-03-12 22:40:58,38.183,22.055,38.2564,38.1103,21.8891,22.2202,37.8,55,0
2026-03-12 22:40:58,38.173,22.071,38.2765,38.07,21.915,22.2278,37.8,55,0
2026-03-12 22:40:59,38.143,22.087,38.2161,38.07,21.9333,22.24,37.8,55,0
2026-03-12 22:40:59,38.143,22.074,38.1758,38.1103,21.9165,22.2324,37.8,55,0
2026-03-12 22:40:59,38.203,22.094,38.2765,38.1305,21.9516,22.2354,37.8,55,0
2026-03-12 22:40:59,38.193,22.068,38.2765,38.1103,21.9028,22.2324,37.8,55,0
2026-03-12 22:41:00,38.203,22.062,38.2966,38.1103,21.9287,22.1958,37.8,55,0
2026-03-12 22:41:00,38.173,22.029,38.2362,38.1103,21.9104,22.1469,37.8,55,0
2026-03-12 22:41:00,38.173,22.06,38.2161,38.1305,21.9455,22.1744,37.8,55,0
2026-03-12 22:41:00,38.163,22.034,38.2564,38.07,21.9013,22.1668,37.8,55,0
2026-03-12 22:41:01,38.163,22.058,38.2161,38.1103,21.9333,22.1836,37.8,55,0
2026-03-12 22:41:01,38.183,22.09,38.2966,38.07,21.9532,22.2278,37.8,55,0
2026-03-12 22:41:01,38.153,22.1,38.2564,38.0499,21.9623,22.2385,37.8,55,0
2026-03-12 22:41:01,38.143,22.068,38.1959,38.0902,21.9303,22.2065,37.8,55,0
2026-03-12 22:41:02,38.183,22.121,38.2966,38.07,21.9776,22.2644,37.8,55,0
2026-03-12 22:41:02,38.163,22.101,38.2362,38.0902,21.9471,22.2553,37.8,55,0
2026-03-12 22:41:02,38.193,22.098,38.3168,38.07,21.9684,22.2278,37.8,55,0
2026-03-12 22:41:02,38.143,22.087,38.2161,38.07,21.9333,22.24,37.8,55,0
2026-03-12 22:41:03,38.193,22.092,38.2362,38.1506,21.9471,22.237,37.8,55,0
2026-03-12 22:41:03,38.183,22.079,38.2362,38.1305,21.9471,22.211,37.8,55,0
2026-03-12 22:41:03,38.163,22.113,38.2362,38.0902,21.9593,22.2675,37.8,55,0
2026-03-12 22:41:04,38.163,22.071,38.1959,38.1305,21.9425,22.1988,37.8,55,0
2026-03-12 22:41:04,38.153,22.112,38.2765,38.0298,21.976,22.2477,37.8,55,0
2026-03-12 22:41:04,38.163,22.101,38.1959,38.1305,21.9791,22.2232,37.8,55,0
2026-03-12 22:41:04,38.183,22.11,38.2362,38.1305,21.9715,22.2477,37.8,55,0
2026-03-12 22:41:05,38.163,22.132,38.2564,38.07,21.9623,22.3011,37.8,55,0
2026-03-12 22:41:05,38.163,22.089,38.2161,38.1103,21.9699,22.208,37.8,55,0
2026-03-12 22:41:05,38.163,22.101,38.1758,38.1506,21.9654,22.237,37.8,55,0
2026-03-12 22:41:05,38.153,22.075,38.2362,38.07,21.9715,22.179,37.8,55,0
2026-03-12 22:41:06,38.173,22.047,38.1758,38.1707,21.9409,22.153,37.8,55,0
2026-03-12 22:41:06,38.093,22.033,38.0751,38.1103,21.8936,22.1714,37.8,55,0
2026-03-12 22:41:06,38.113,22.071,38.1758,38.0499,21.9409,22.2019,37.8,55,0
2026-03-12 22:41:06,38.143,22.074,38.1959,38.0902,21.9791,22.1698,37.8,55,0
2026-03-12 22:41:07,38.143,22.081,38.1758,38.1103,21.9654,22.1958,37.8,55,0
2026-03-12 22:41:07,38.133,22.067,38.1959,38.07,21.9425,22.1912,37.8,55,0
2026-03-12 22:41:07,38.133,22.104,38.1758,38.0902,21.9654,22.2431,37.8,55,0
2026-03-12 22:41:07,38.244,22.116,38.3168,38.1707,21.9928,22.2385,37.8,55,0
2026-03-12 22:41:08,38.173,22.084,38.1959,38.1506,21.9425,22.2248,37.8,55,0
2026-03-12 22:41:08,38.103,22.094,38.1355,38.07,21.9364,22.2522,37.8,55,0
2026-03-12 22:41:08,38.123,22.066,38.1556,38.0902,21.9623,22.1698,37.8,55,0
2026-03-12 22:41:09,38.173,22.084,38.2161,38.1305,21.9089,22.2599,37.8,55,0
2026-03-12 22:41:09,38.193,22.055,38.2161,38.1707,21.9577,22.153,37.8,55,0
2026-03-12 22:41:09,38.143,22.074,38.1556,38.1305,21.9745,22.1744,37.8,55,0
2026-03-12 22:41:09,38.133,22.092,38.1758,38.0902,21.9654,22.2187,37.8,55,0
2026-03-12 22:41:10,38.183,22.079,38.2161,38.1506,21.9944,22.1637,37.8,55,0
2026-03-12 22:41:10,38.133,22.097,38.1556,38.1103,21.9867,22.208,37.8,55,0
2026-03-12 22:41:10,38.163,22.107,38.2161,38.1103,21.9821,22.2324,37.8,55,0
2026-03-12 22:41:10,38.133,22.128,38.1959,38.07,22.0523,22.2034,37.8,55,0
2026-03-12 22:41:11,38.173,22.114,38.2362,38.1103,22.0203,22.208,37.8,55,0
2026-03-12 22:41:11,38.133,22.128,38.1556,38.1103,22.0356,22.2202,37.8,55,0
2026-03-12 22:41:11,38.173,22.133,38.2161,38.1305,22.031,22.2354,37.8,55,0
2026-03-12 22:41:11,38.133,22.134,38.1556,38.1103,22.0356,22.2324,37.8,55,0
2026-03-12 22:41:12,38.083,22.104,38.1355,38.0298,21.9852,22.2232,37.8,55,0
2026-03-12 22:41:12,38.143,22.142,38.1355,38.1506,21.9852,22.298,37.8,55,0
2026-03-12 22:41:12,38.133,22.164,38.1959,38.07,22.0401,22.2889,37.8,55,0
2026-03-12 22:41:12,38.153,22.13,38.1556,38.1506,22.0478,22.2126,37.8,55,0
2026-03-12 22:41:13,38.193,22.159,38.2362,38.1506,22.0813,22.237,37.8,55,0
2026-03-12 22:41:13,38.163,22.15,38.1959,38.1305,22.0523,22.2477,37.8,55,0
2026-03-12 22:41:13,38.093,22.136,38.0751,38.1103,22.0401,22.2324,37.8,55,0
2026-03-12 22:41:14,38.143,22.154,38.1556,38.1305,22.0722,22.2354,37.8,55,0
2026-03-12 22:41:14,38.093,22.197,38.1355,38.0499,22.1073,22.2873,37.8,55,0
2026-03-12 22:41:14,38.093,22.155,38.0751,38.1103,22.0645,22.2446,37.8,55,0
2026-03-12 22:41:14,38.093,22.178,38.1154,38.07,22.092,22.2644,37.8,55,0
2026-03-12 22:41:15,38.133,22.201,38.1556,38.1103,22.0478,22.3545,37.8,55,0
2026-03-12 22:41:15,38.153,22.18,38.1758,38.1305,22.0874,22.2721,37.8,55,0
2026-03-12 22:41:15,38.153,22.155,38.1758,38.1305,22.063,22.2477,37.8,55,0
2026-03-12 22:41:15,38.183,22.139,38.1959,38.1707,22.0645,22.2141,37.8,55,0
2026-03-12 22:41:16,38.123,22.158,38.1154,38.1305,22.0798,22.2354,37.8,55,0
2026-03-12 22:41:16,38.113,22.145,38.1355,38.0902,22.0829,22.2065,37.8,55,0
2026-03-12 22:41:16,38.113,22.145,38.1355,38.0902,22.0584,22.2309,37.8,55,0
2026-03-12 22:41:16,38.083,22.171,38.0549,38.1103,22.0981,22.2446,37.8,55,0
2026-03-12 22:41:17,38.123,22.152,38.1959,38.0499,22.0768,22.2263,37.8,55,0
2026-03-12 22:41:17,38.113,22.187,38.1154,38.1103,22.0798,22.2934,37.8,55,0
2026-03-12 22:41:17,38.113,22.169,38.1355,38.0902,22.0584,22.2797,37.8,55,0
2026-03-12 22:41:17,38.093,22.179,38.1355,38.0499,22.0584,22.2995,37.8,55,0
2026-03-12 22:41:18,38.103,22.174,38.1355,38.07,22.1073,22.24,37.8,55,0
2026-03-12 22:41:18,38.093,22.173,38.0952,38.0902,22.1027,22.2431,37.8,55,0
2026-03-12 22:41:18,38.073,22.134,38.0549,38.0902,22.0737,22.1942,37.8,55,0
2026-03-12 22:41:19,38.083,22.148,38.0751,38.0902,22.1012,22.1942,37.8,55,0
2026-03-12 22:41:19,38.123,22.145,38.1154,38.1305,22.1042,22.1866,37.8,55,0
2026-03-12 22:41:19,38.103,22.198,38.1355,38.07,22.1195,22.2766,37.8,55,0
2026-03-12 22:41:19,38.042,22.186,38.0348,38.0499,22.1088,22.2629,37.8,55,0
2026-03-12 22:41:20,38.083,22.159,38.0952,38.07,22.1271,22.1912,37.8,55,0
2026-03-12 22:41:20,38.062,22.151,38.0549,38.07,22.0981,22.2034,37.8,55,0
2026-03-12 22:41:20,38.062,22.163,38.0952,38.0298,22.0905,22.2354,37.8,55,0
2026-03-12 22:41:20,38.032,22.148,38.0549,38.0096,22.0737,22.2217,37.8,55,0
2026-03-12 22:41:21,38.083,22.165,38.0952,38.07,22.1027,22.2278,37.8,55,0
2026-03-12 22:41:21,38.093,22.166,38.1154,38.07,22.0798,22.2522,37.8,55,0
2026-03-12 22:41:21,38.073,22.195,38.0952,38.0499,22.1393,22.2507,37.8,55,0
2026-03-12 22:41:21,38.103,22.216,38.0952,38.1103,22.1271,22.3056,37.8,55,0
2026-03-12 22:41:22,38.113,22.175,38.0952,38.1305,22.1515,22.1988,37.8,55,0
2026-03-12 22:41:22,38.073,22.201,38.0751,38.07,22.1622,22.24,37.8,55,0
2026-03-12 22:41:22,38.093,22.197,38.0751,38.1103,22.1622,22.2324,37.8,55,0
2026-03-12 22:41:22,38.083,22.184,38.0751,38.0902,22.1622,22.2065,37.8,55,0
2026-03-12 22:41:23,38.012,22.17,38.0146,38.0096,22.1057,22.2339,37.8,55,0
2026-03-12 22:41:23,38.083,22.221,38.0751,38.0902,22.1866,22.2553,37.8,55,0
2026-03-12 22:41:23,38.062,22.181,38.0952,38.0298,22.1515,22.211,37.8,55,0
2026-03-12 22:41:24,38.062,22.193,38.0549,38.07,22.1592,22.2278,37.8,55,0
2026-03-12 22:41:24,38.052,22.205,38.0348,38.07,22.1576,22.2522,37.8,55,0
2026-03-12 22:41:24,38.073,22.189,38.0549,38.0902,22.1592,22.2187,37.8,55,0
2026-03-12 22:41:24,38.113,22.242,38.0751,38.1506,22.211,22.2736,37.8,55,0
2026-03-12 22:41:25,38.032,22.215,38.0348,38.0298,22.2065,22.2232,37.8,55,0
2026-03-12 22:41:25,38.032,22.209,38.0146,38.0499,22.179,22.2385,37.8,55,0
2026-03-12 22:41:25,38.052,22.211,38.0751,38.0298,22.211,22.211,37.8,55,0
2026-03-12 22:41:25,38.062,22.224,38.0146,38.1103,22.1912,22.2568,37.8,55,0
2026-03-12 22:41:26,38.052,22.199,38.0146,38.0902,22.1912,22.2065,37.8,55,0
2026-03-12 22:41:26,38.093,22.216,38.0952,38.0902,22.2004,22.2309,37.8,55,0
2026-03-12 22:41:26,38.022,22.22,38.0348,38.0096,22.182,22.2583,37.8,55,0
2026-03-12 22:41:26,38.042,22.229,38.0348,38.0499,22.2187,22.2385,37.8,55,0
2026-03-12 22:41:27,38.032,22.197,38.0348,38.0298,22.1454,22.2477,37.8,55,0
2026-03-12 22:41:27,38.052,22.193,38.0348,38.07,22.121,22.2644,37.8,55,0
2026-03-12 22:41:27,38.073,22.219,37.9945,38.1506,22.153,22.2858,37.8,55,0
2026-03-12 22:41:27,38.032,22.209,37.9744,38.0902,22.1622,22.2553,37.8,55,0
2026-03-12 22:41:28,38.042,22.197,38.0549,38.0298,22.1714,22.2232,37.8,55,0
2026-03-12 22:41:28,38.022,22.232,38.0146,38.0298,22.1912,22.2721,37.8,55,0
2026-03-12 22:41:28,38.042,22.246,38.0146,38.07,22.2278,22.2644,37.8,55,0
2026-03-12 22:41:29,38.042,22.253,38.0348,38.0499,22.2309,22.2751,37.8,55,0
2026-03-12 22:41:29,38.032,22.251,37.9945,38.07,22.2385,22.2644,37.8,55,0
2026-03-12 22:41:29,37.962,22.25,37.9139,38.0096,22.2416,22.2583,37.8,55,0
2026-03-12 22:41:29,37.952,22.286,38.0348,37.8686,22.2553,22.3163,37.8,55,0
2026-03-12 22:41:30,37.962,22.256,37.9945,37.929,22.2263,22.2858,37.8,55,0
2026-03-12 22:41:30,38.032,22.288,37.9744,38.0902,22.2721,22.3041,37.8,55,0
2026-03-12 22:41:30,37.982,22.252,37.9341,38.0298,22.2446,22.2599,37.8,55,0
2026-03-12 22:41:30,38.032,22.251,38.0348,38.0298,22.2553,22.2477,37.8,55,0
2026-03-12 22:41:31,37.952,22.285,37.8737,38.0298,22.2858,22.2843,37.8,55,0
2026-03-12 22:41:31,37.982,22.289,37.9139,38.0499,22.266,22.3117,37.8,55,0
2026-03-12 22:41:31,37.972,22.276,37.8938,38.0499,22.2522,22.2995,37.8,55,0
2026-03-12 22:41:31,38.032,22.288,37.9945,38.07,22.2751,22.3011,37.8,55,0
2026-03-12 22:41:32,38.002,22.309,37.9341,38.07,22.3056,22.3133,37.8,55,0
2026-03-12 22:41:32,37.932,22.32,37.9139,37.9492,22.3026,22.3377,37.8,55,0
2026-03-12 22:41:32,38.022,22.367,37.9542,38.0902,22.3438,22.3896,37.8,55,0
2026-03-12 22:41:32,38.002,22.316,37.9945,38.0096,22.2995,22.3316,37.8,55,0
2026-03-12 22:41:33,37.982,22.289,37.9341,38.0298,22.2812,22.2965,37.8,55,0
2026-03-12 22:41:33,37.942,22.303,37.8938,37.9895,22.3133,22.2934,37.8,55,0
2026-03-12 22:41:33,38.012,22.292,37.9945,38.0298,22.2873,22.2965,37.8,55,0
2026-03-12 22:41:34,38.002,22.285,38.0146,37.9895,22.3011,22.269,37.8,55,0
2026-03-12 22:41:34,37.972,22.27,37.9341,38.0096,22.2568,22.2827,37.8,55,0
2026-03-12 22:41:34,37.982,22.301,37.9744,37.9895,22.2965,22.3056,37.8,55,0
2026-03-12 22:41:34,37.921,22.337,37.9542,37.8888,22.3316,22.3423,37.8,55,0
2026-03-12 22:41:35,37.982,22.344,37.9744,37.9895,22.3697,22.3178,37.8,55,0
2026-03-12 22:41:35,38.002,22.199,37.9744,38.0298,22.1134,22.2843,37.8,55,0
2026-03-12 22:41:35,37.932,22.222,37.8938,37.9693,22.1546,22.2904,37.8,55,0
2026-03-12 22:41:35,37.942,22.242,37.8938,37.9895,22.2156,22.269,37.8,55,0
2026-03-12 22:41:36,37.932,22.265,37.9139,37.9492,22.2049,22.3255,37.8,55,0
2026-03-12 22:41:36,37.982,22.283,37.9341,38.0298,22.2568,22.3087,37.8,55,0
2026-03-12 22:41:36,37.962,22.318,37.9341,37.9895,22.3056,22.3301,37.8,55,0
2026-03-12 22:41:36,37.942,22.346,37.9341,37.9492,22.3423,22.3499,37.8,55,0
2026-03-12 22:41:37,37.921,22.319,37.8535,37.9895,22.3209,22.3178,37.8,55,0
2026-03-12 22:41:37,37.982,22.325,37.9341,38.0298,22.3301,22.3209,37.8,55,0
2026-03-12 22:41:37,37.942,22.315,37.9139,37.9693,22.327,22.3026,37.8,55,0
2026-03-12 22:41:37,37.891,22.322,37.8334,37.9492,22.3423,22.3011,37.8,55,0
2026-03-12 22:41:38,37.972,22.355,37.8938,38.0499,22.3499,22.3606,37.8,55,0
2026-03-12 22:41:38,37.901,22.316,37.8334,37.9693,22.3301,22.3026,37.8,55,0
2026-03-12 22:41:38,37.911,22.33,37.8334,37.9895,22.3667,22.2934,37.8,55,0
2026-03-12 22:41:39,37.891,22.358,37.8334,37.9492,22.3667,22.3499,37.8,55,0
2026-03-12 22:41:39,37.891,22.334,37.8334,37.9492,22.3789,22.2889,37.8,55,0
2026-03-12 22:41:39,37.952,22.377,37.9139,37.9895,22.3758,22.3789,37.8,55,0
2026-03-12 22:41:39,37.952,22.365,37.9139,37.9895,22.4002,22.3301,37.8,55,0
2026-03-12 22:41:40,37.911,22.348,37.8938,37.929,22.3743,22.3224,37.8,55,0
2026-03-12 22:41:40,37.972,22.349,37.9542,37.9895,22.3926,22.3056,37.8,55,0
2026-03-12 22:41:40,37.942,22.358,37.8938,37.9895,22.3499,22.3667,37.8,55,0
2026-03-12 22:41:40,37.911,22.354,37.7931,38.0298,22.3499,22.3575,37.8,55,0
2026-03-12 22:41:41,37.881,22.357,37.8334,37.929,22.3911,22.3224,37.8,55,0
2026-03-12 22:41:41,37.921,22.362,37.8535,37.9895,22.3941,22.3301,37.8,55,0
2026-03-12 22:41:41,37.921,22.367,37.8334,38.0096,22.3789,22.356,37.8,55,0
2026-03-12 22:41:41,37.841,22.383,37.7931,37.8888,22.3987,22.3667,37.8,55,0
2026-03-12 22:41:42,37.921,22.398,37.8334,38.0096,22.4277,22.3682,37.8,55,0
2026-03-12 22:41:42,37.851,22.372,37.7931,37.9089,22.4109,22.3331,37.8,55,0
2026-03-12 22:41:42,37.921,22.374,37.8535,37.9895,22.3941,22.3545,37.8,55,0
2026-03-12 22:41:42,37.881,22.369,37.8737,37.8888,22.4079,22.3301,37.8,55,0
2026-03-12 22:41:43,37.881,22.381,37.7931,37.9693,22.4231,22.3392,37.8,55,0
2026-03-12 22:41:43,37.901,22.384,37.8132,37.9895,22.4506,22.3178,37.8,55,0
2026-03-12 22:41:43,37.891,22.395,37.8334,37.9492,22.4277,22.3621,37.8,55,0
2026-03-12 22:41:44,37.831,22.37,37.7931,37.8686,22.4353,22.3041,37.8,55,0
2026-03-12 22:41:44,37.841,22.39,37.7729,37.9089,22.4216,22.3575,37.8,55,0
2026-03-12 22:41:44,37.831,22.382,37.7931,37.8686,22.4109,22.3529,37.8,55,0
2026-03-12 22:41:44,37.911,22.403,37.8535,37.9693,22.443,22.3636,37.8,55,0
2026-03-12 22:41:45,37.861,22.403,37.7931,37.929,22.4475,22.359,37.8,55,0
2026-03-12 22:41:45,37.911,22.391,37.8737,37.9492,22.4567,22.3255,37.8,55,0
2026-03-12 22:41:45,37.901,22.409,37.8535,37.9492,22.443,22.3743,37.8,55,0
2026-03-12 22:41:45,37.861,22.392,37.8132,37.9089,22.4628,22.3209,37.8,55,0
2026-03-12 22:41:46,37.861,22.354,37.7931,37.929,22.4231,22.2858,37.8,55,0
2026-03-12 22:41:46,37.851,22.415,37.7931,37.9089,22.472,22.3575,37.8,55,0
2026-03-12 22:41:46,37.801,22.379,37.7125,37.8888,22.4399,22.3178,37.8,55,2.0211613917351268
2026-03-12 22:41:46,37.841,22.402,37.7729,37.9089,22.446,22.3575,37.8,55,0
2026-03-12 22:41:47,37.831,22.412,37.7729,37.8888,22.4704,22.3545,37.8,55,0
2026-03-12 22:41:47,37.861,22.422,37.7931,37.929,22.4842,22.359,37.8,55,0
2026-03-12 22:41:47,37.811,22.422,37.7729,37.8485,22.446,22.3987,37.8,55,0
2026-03-12 22:41:47,37.861,22.428,37.7729,37.9492,22.4949,22.3621,37.8,55,0
2026-03-12 22:41:48,37.851,22.44,37.7528,37.9492,22.4689,22.4109,37.8,55,0
2026-03-12 22:41:48,37.811,22.453,37.7327,37.8888,22.5025,22.4033,37.8,55,0
2026-03-12 22:41:48,37.811,22.429,37.7528,37.8686,22.4933,22.3651,37.8,55,0
2026-03-12 22:41:49,37.831,22.449,37.7931,37.8686,22.5086,22.3896,37.8,55,0
2026-03-12 22:41:49,37.861,22.471,37.7729,37.9492,22.5315,22.4109,37.8,55,0
2026-03-12 22:41:49,37.801,22.489,37.7528,37.8485,22.5666,22.4109,37.8,55,2.4770630983024127
2026-03-12 22:41:49,37.851,22.457,37.8334,37.8686,22.5132,22.4018,37.8,55,0
2026-03-12 22:41:50,37.811,22.465,37.7327,37.8888,22.5269,22.4033,37.8,55,0
2026-03-12 22:41:50,37.811,22.477,37.7327,37.8888,22.5269,22.4277,37.8,55,0
2026-03-12 22:41:50,37.811,22.447,37.7327,37.8888,22.5147,22.3789,37.8,55,0
2026-03-12 22:41:50,37.831,22.437,37.7327,37.929,22.4781,22.3957,37.8,55,0
2026-03-12 22:41:51,37.78,22.456,37.7729,37.7881,22.5315,22.3804,37.8,55,7.973964359109408
2026-03-12 22:41:51,37.801,22.47,37.6924,37.9089,22.5223,22.4186,37.8,55,0
2026-03-12 22:41:51,37.821,22.43,37.6924,37.9492,22.4979,22.3621,37.8,55,0
2026-03-12 22:41:51,37.801,22.422,37.7327,37.8686,22.4659,22.3774,37.8,55,0.6519738310945898
2026-03-12 22:41:52,37.78,22.432,37.6722,37.8888,22.472,22.3911,37.8,55,6.6049160479112325
2026-03-12 22:41:52,37.811,22.435,37.6924,37.929,22.4979,22.3713,37.8,55,0
2026-03-12 22:41:52,37.801,22.464,37.7528,37.8485,22.5055,22.4231,37.8,55,0.3749067615794043
2026-03-12 22:41:52,37.831,22.467,37.7729,37.8888,22.5193,22.4155,37.8,55,0
2026-03-12 22:41:53,37.791,22.457,37.6924,37.8888,22.5223,22.3911,37.8,55,4.366144346767662
2026-03-12 22:41:53,37.77,22.431,37.6722,37.8686,22.4964,22.3651,37.8,55,9.630063122737651
2026-03-12 22:41:53,37.77,22.437,37.6722,37.8686,22.5086,22.3651,37.8,55,9.342455771563248
2026-03-12 22:41:54,37.77,22.467,37.6521,37.8888,22.5422,22.3911,37.8,55,10.013267247762176
2026-03-12 22:41:54,37.78,22.468,37.6722,37.8888,22.5452,22.3911,37.8,55,7.4040385649361395
2026-03-12 22:41:54,37.791,22.476,37.7125,37.8686,22.562,22.3896,37.8,55,4.6998228396412784
2026-03-12 22:41:54,37.75,22.471,37.6924,37.8082,22.5589,22.3835,37.8,55,18.849823514743807
2026-03-12 22:41:55,37.78,22.499,37.6722,37.8888,22.594,22.4033,37.8,55,8.260331034864917
2026-03-12 22:41:55,37.78,22.529,37.6722,37.8888,22.6184,22.4399,37.8,55,10.075135124033324
2026-03-12 22:41:55,37.78,22.517,37.6924,37.8686,22.5956,22.4384,37.8,55,10.522409933332831
2026-03-12 22:41:55,37.77,22.541,37.7528,37.7881,22.6642,22.417,37.8,55,14.24951706483966
2026-03-12 22:41:56,37.831,22.535,37.7125,37.9492,22.6352,22.4353,37.8,55,0
2026-03-12 22:41:56,37.75,22.507,37.6521,37.8485,22.6154,22.3987,37.8,55,23.11007784665339
2026-03-12 22:41:56,37.77,22.522,37.6722,37.8686,22.6062,22.4384,37.8,55,13.978110221704236
2026-03-12 22:41:56,37.75,22.526,37.6118,37.8888,22.6246,22.4277,37.8,55,22.120806090131286
2026-03-12 22:41:57,37.75,22.508,37.6722,37.8283,22.6062,22.4094,37.8,55,22.328296363410452
2026-03-12 22:41:57,37.78,22.523,37.7125,37.8485,22.6108,22.4353,37.8,55,13.606672125300392
2026-03-12 22:41:57,37.71,22.528,37.632,37.7881,22.6139,22.4414,37.8,55,38.38151833976135
2026-03-12 22:41:57,37.72,22.541,37.6118,37.8283,22.6123,22.4704,37.8,55,33.91995378103719
2026-03-12 22:41:58,37.74,22.525,37.6722,37.8082,22.6062,22.4445,37.8,55,29.60469545031507
2026-03-12 22:41:58,37.72,22.547,37.6118,37.8283,22.6246,22.4704,37.8,55,38.41848749308553
2026-03-12 22:41:58,37.76,22.564,37.7125,37.8082,22.6474,22.4811,37.8,55,26.17617492888047
2026-03-12 22:41:59,37.73,22.573,37.6118,37.8485,22.649,22.4964,37.8,55,38.73459589406272
2026-03-12 22:41:59,37.71,22.577,37.6118,37.8082,22.6612,22.4933,37.8,55,45.4927963178204
2026-03-12 22:41:59,37.7,22.575,37.6521,37.7478,22.652,22.4979,37.8,55,49.8742158245969
2026-03-12 22:41:59,37.7,22.557,37.5917,37.8082,22.6337,22.4811,37.8,55,51.65520393005948
2026-03-12 22:42:00,37.78,22.572,37.6722,37.8888,22.6429,22.501,37.8,55,27.653200447190812
2026-03-12 22:42:00,37.68,22.598,37.5514,37.8082,22.678,22.5177,37.8,55,64.54647058677484
2026-03-12 22:42:00,37.72,22.596,37.6521,37.7881,22.6764,22.5147,37.8,55,49.5531196301003
2026-03-12 22:42:00,37.76,22.594,37.6521,37.8686,22.6886,22.4994,37.8,55,40.04848344344477
2026-03-12 22:42:01,37.68,22.598,37.5514,37.8082,22.678,22.5177,37.8,55,69.00371042570501
2026-03-12 22:42:01,37.73,22.597,37.6521,37.8082,22.6764,22.5177,37.8,55,51.6421502777216
2026-03-12 22:42:01,37.68,22.598,37.5715,37.7881,22.6688,22.5269,37.8,55,71.88669122829921
2026-03-12 22:42:01,37.72,22.589,37.6521,37.7881,22.7008,22.4781,37.8,55,59.18156866092638
2026-03-12 22:42:02,37.69,22.624,37.6118,37.7679,22.7344,22.5132,37.8,55,72.62920352690179
2026-03-12 22:42:02,37.78,22.596,37.6924,37.8686,22.6688,22.5238,37.8,55,44.20304649864445
2026-03-12 22:42:02,37.72,22.621,37.632,37.8082,22.6871,22.5544,37.8,55,68.43380655573333
2026-03-12 22:42:02,37.7,22.618,37.5715,37.8283,22.7054,22.5315,37.8,55,74.04931709275465
2026-03-12 22:42:03,37.68,22.61,37.5514,37.8082,22.7146,22.5055,37.8,55,81.99455093367695
2026-03-12 22:42:03,37.66,22.638,37.5917,37.7276,22.7436,22.533,37.8,55,90.35303087288258
2026-03-12 22:42:03,37.67,22.615,37.5917,37.7478,22.7192,22.5101,37.8,55,89.28925470186958
2026-03-12 22:42:04,37.69,22.617,37.632,37.7478,22.7115,22.5223,37.8,55,86.0930324679008
2026-03-12 22:42:04,37.71,22.607,37.5917,37.8283,22.707,22.5071,37.8,55,82.90540037646889
2026-03-12 22:42:04,37.67,22.621,37.5715,37.7679,22.7298,22.5132,37.8,55,98.94916576043215
2026-03-12 22:42:04,37.65,22.601,37.5715,37.7276,22.7054,22.4964,37.8,55,100
2026-03-12 22:42:05,37.67,22.597,37.5715,37.7679,22.7176,22.4765,37.8,55,100
2026-03-12 22:42:05,37.7,22.612,37.5917,37.8082,22.7192,22.5055,37.8,55,96.4482774730368
2026-03-12 22:42:05,37.65,22.625,37.5514,37.7478,22.7634,22.4857,37.8,55,100
2026-03-12 22:42:05,37.66,22.638,37.5715,37.7478,22.7176,22.5589,37.8,55,100
2026-03-12 22:42:06,37.75,22.642,37.6722,37.8283,22.7405,22.5437,37.8,55,88.32897124821748
2026-03-12 22:42:06,37.7,22.661,37.6118,37.7881,22.7222,22.6001,37.8,55,100
2026-03-12 22:42:06,37.68,22.647,37.5715,37.7881,22.7298,22.5635,37.8,55,100
2026-03-12 22:42:06,37.68,22.628,37.5715,37.7881,22.742,22.5147,37.8,55,100
2026-03-12 22:42:07,37.65,22.643,37.5514,37.7478,22.739,22.5467,37.8,55,100
2026-03-12 22:42:07,37.67,22.621,37.5715,37.7679,22.7298,22.5132,37.8,55,100
2026-03-12 22:42:07,37.66,22.614,37.5917,37.7276,22.707,22.5208,37.8,55,100
2026-03-12 22:42:07,37.66,22.626,37.5715,37.7478,22.7176,22.5345,37.8,55,100
2026-03-12 22:42:08,37.65,22.618,37.5514,37.7478,22.7146,22.5223,37.8,55,100
2026-03-12 22:42:08,37.72,22.596,37.6118,37.8283,22.6978,22.4949,37.8,55,100
2026-03-12 22:42:08,37.69,22.611,37.5917,37.7881,22.707,22.5147,37.8,55,100
2026-03-12 22:42:09,37.67,22.602,37.5514,37.7881,22.7024,22.5025,37.8,55,100
2026-03-12 22:42:09,37.66,22.632,37.5715,37.7478,22.7298,22.5345,37.8,55,100
2026-03-12 22:42:09,37.68,22.592,37.5715,37.7881,22.7054,22.4781,37.8,55,100
2026-03-12 22:42:09,37.69,22.586,37.5917,37.7881,22.6825,22.4903,37.8,55,100
2026-03-12 22:42:10,37.71,22.576,37.5917,37.8283,22.6581,22.4949,37.8,55,100
2026-03-12 22:42:10,37.72,22.571,37.6521,37.7881,22.652,22.4903,37.8,55,100
2026-03-12 22:42:10,37.7,22.582,37.5917,37.8082,22.6703,22.4933,37.8,55,100
2026-03-12 22:42:10,37.72,22.584,37.632,37.8082,22.6871,22.4811,37.8,55,100
2026-03-12 22:42:11,37.67,22.596,37.5917,37.7478,22.707,22.4857,37.8,55,100
2026-03-12 22:42:11,37.7,22.6,37.632,37.7679,22.6871,22.5132,37.8,55,100
2026-03-12 22:42:11,37.7,22.599,37.6521,37.7478,22.6886,22.5101,37.8,55,100
2026-03-12 22:42:11,37.69,22.574,37.6521,37.7276,22.6642,22.4842,37.8,55,100
2026-03-12 22:42:12,37.72,22.584,37.632,37.8082,22.6627,22.5055,37.8,55,100
2026-03-12 22:42:12,37.73,22.603,37.6722,37.7881,22.6795,22.5269,37.8,55,100
2026-03-12 22:42:12,37.7,22.588,37.6118,37.7881,22.6734,22.5025,37.8,55,100
2026-03-12 22:42:12,37.73,22.615,37.6521,37.8082,22.7008,22.5299,37.8,55,100
2026-03-12 22:42:13,37.72,22.541,37.6118,37.8283,22.6001,22.4826,37.8,55,100
2026-03-12 22:42:13,37.69,22.563,37.6118,37.7679,22.6368,22.4887,37.8,55,100
2026-03-12 22:42:13,37.72,22.62,37.6521,37.7881,22.6398,22.6001,37.8,55,100
2026-03-12 22:42:14,37.7,22.564,37.6118,37.7881,22.649,22.4781,37.8,55,100
2026-03-12 22:42:14,37.72,22.577,37.6521,37.7881,22.6154,22.5391,37.8,55,100
2026-03-12 22:42:14,37.71,22.57,37.6521,37.7679,22.652,22.4887,37.8,55,100
2026-03-12 22:42:14,37.73,22.567,37.6722,37.7881,22.6429,22.4903,37.8,55,100
2026-03-12 22:42:15,37.7,22.582,37.632,37.7679,22.6261,22.5376,37.8,55,100
2026-03-12 22:42:15,37.75,22.563,37.632,37.8686,22.6139,22.5116,37.8,55,100
2026-03-12 22:42:15,37.72,22.511,37.6722,37.7679,22.4964,22.5254,37.8,55,100
2026-03-12 22:42:15,37.75,22.52,37.7125,37.7881,22.5254,22.5147,37.8,55,100
2026-03-12 22:42:16,37.68,22.531,37.6118,37.7478,22.5635,22.4979,37.8,55,100
2026-03-12 22:42:16,37.72,22.554,37.632,37.8082,22.565,22.5422,37.8,55,100
2026-03-12 22:42:16,37.69,22.556,37.632,37.7478,22.565,22.5467,37.8,55,100
2026-03-12 22:42:16,37.7,22.557,37.6521,37.7478,22.591,22.5223,37.8,55,100
2026-03-12 22:42:17,37.7,22.563,37.6521,37.7478,22.6154,22.5101,37.8,55,100
2026-03-12 22:42:17,37.7,22.582,37.5917,37.8082,22.5971,22.5666,37.8,55,100
2026-03-12 22:42:17,37.75,22.557,37.7327,37.7679,22.5757,22.5376,37.8,55,100
2026-03-12 22:42:17,37.71,22.515,37.6722,37.7478,22.5452,22.4857,37.8,55,100
2026-03-12 22:42:18,37.77,22.504,37.7528,37.7881,22.5055,22.5025,37.8,55,100
2026-03-12 22:42:18,37.811,22.514,37.7931,37.8283,22.5452,22.4826,37.8,55,95.0231476139461
2026-03-12 22:42:18,37.78,22.541,37.8132,37.7478,22.536,22.5467,37.8,55,100
2026-03-12 22:42:19,37.77,22.553,37.7729,37.7679,22.5437,22.562,37.8,55,100
2026-03-12 22:42:19,37.75,22.526,37.6924,37.8082,22.5589,22.4933,37.8,55,100
2026-03-12 22:42:19,37.75,22.557,37.7125,37.7881,22.5132,22.6001,37.8,55,100
2026-03-12 22:42:19,37.74,22.544,37.6722,37.8082,22.5574,22.5299,37.8,55,100
2026-03-12 22:42:20,37.72,22.554,37.6722,37.7679,22.5696,22.5376,37.8,55,100
2026-03-12 22:42:20,37.801,22.531,37.7327,37.8686,22.5147,22.5483,37.8,55,96.0231529805003
2026-03-12 22:42:20,37.77,22.546,37.7931,37.7478,22.533,22.5589,37.8,55,100
2026-03-12 22:42:20,37.801,22.544,37.7729,37.8283,22.5803,22.5071,37.8,55,98.31343984488629
2026-03-12 22:42:21,37.73,22.518,37.6722,37.7881,22.533,22.5025,37.8,55,100
2026-03-12 22:42:21,37.841,22.554,37.8132,37.8686,22.5605,22.5483,37.8,55,83.35893631646596
2026-03-12 22:42:21,37.76,22.521,37.7327,37.7881,22.5147,22.5269,37.8,55,100
2026-03-12 22:42:21,37.75,22.502,37.7327,37.7679,22.5147,22.4887,37.8,55,100
2026-03-12 22:42:22,37.791,22.488,37.7528,37.8283,22.5055,22.4704,37.8,55,100
2026-03-12 22:42:22,37.801,22.507,37.7931,37.8082,22.4842,22.5299,37.8,55,99.26227027271294
2026-03-12 22:42:22,37.861,22.49,37.8535,37.8686,22.4796,22.4994,37.8,55,80.01661929536783
2026-03-12 22:42:22,37.821,22.473,37.8334,37.8082,22.4643,22.4811,37.8,55,94.50929366469525
2026-03-12 22:42:23,37.801,22.452,37.7528,37.8485,22.4689,22.4353,37.8,55,98.77385104738886
2026-03-12 22:42:23,37.811,22.465,37.8334,37.7881,22.4521,22.4781,37.8,55,94.55967392870241
2026-03-12 22:42:23,37.811,22.466,37.8132,37.8082,22.4628,22.4689,37.8,55,94.76996407136065
2026-03-12 22:42:24,37.861,22.464,37.8334,37.8888,22.4521,22.4765,37.8,55,78.12554529240015
2026-03-12 22:42:24,37.821,22.43,37.8132,37.8283,22.3651,22.4949,37.8,55,92.16040639389476
2026-03-12 22:42:24,37.871,22.435,37.8938,37.8485,22.4109,22.4598,37.8,55,73.46759100451575
2026-03-12 22:42:24,37.861,22.416,37.8737,37.8485,22.4079,22.4231,37.8,55,77.43994785180642
2026-03-12 22:42:25,37.831,22.432,37.8535,37.8082,22.3941,22.4689,37.8,55,85.4596536881477
2026-03-12 22:42:25,37.891,22.407,37.9341,37.8485,22.3911,22.4231,37.8,55,63.71887171069912
2026-03-12 22:42:25,37.851,22.451,37.8334,37.8686,22.3911,22.5116,37.8,55,77.5426696832757
2026-03-12 22:42:25,37.911,22.458,37.8938,37.929,22.4598,22.4567,37.8,55,54.89769456322239
2026-03-12 22:42:26,37.871,22.448,37.8737,37.8686,22.4201,22.475,37.8,55,68.27635520974692
2026-03-12 22:42:26,37.891,22.419,37.9139,37.8686,22.4002,22.4384,37.8,55,58.30382283952162
2026-03-12 22:42:26,37.891,22.413,37.9341,37.8485,22.3911,22.4353,37.8,55,57.18280571304868
2026-03-12 22:42:26,37.881,22.375,37.8737,37.8888,22.3468,22.4033,37.8,55,58.42761815680127
2026-03-12 22:42:27,37.962,22.39,37.9945,37.929,22.3728,22.4079,37.8,55,29.594532841030524
2026-03-12 22:42:27,37.921,22.361,37.9139,37.929,22.3148,22.4079,37.8,55,43.08182197804784
2026-03-12 22:42:27,37.921,22.349,37.9945,37.8485,22.3239,22.3743,37.8,55,38.503131301980346
2026-03-12 22:42:27,37.921,22.374,37.9139,37.929,22.3026,22.4445,37.8,55,35.79732984648081
2026-03-12 22:42:28,37.911,22.312,37.9341,37.8888,22.2568,22.3667,37.8,55,36.37175050806431
2026-03-12 22:42:28,37.921,22.35,37.9341,37.9089,22.2812,22.4186,37.8,55,30.15412924932914
2026-03-12 22:42:28,37.952,22.346,38.0146,37.8888,22.3133,22.3789,37.8,55,17.737837226652932
2026-03-12 22:42:29,37.942,22.321,37.9744,37.9089,22.2477,22.3941,37.8,55,19.035418988821284
2026-03-12 22:42:29,37.962,22.305,37.9945,37.929,22.2385,22.3713,37.8,55,8.843182945031657
2026-03-12 22:42:29,37.962,22.335,37.9744,37.9492,22.2477,22.4231,37.8,55,6.13161007830908
2026-03-12 22:42:29,37.962,22.335,38.0146,37.9089,22.24,22.4308,37.8,55,2.507838617441813
2026-03-12 22:42:30,38.002,22.322,38.0146,37.9895,22.2644,22.3789,37.8,55,0
2026-03-12 22:42:30,37.992,22.326,38.0549,37.929,22.2568,22.3957,37.8,55,0
2026-03-12 22:42:30,37.972,22.312,38.0549,37.8888,22.2446,22.3789,37.8,55,0
2026-03-12 22:42:30,37.982,22.295,38.0348,37.929,22.2187,22.3713,37.8,55,0
2026-03-12 22:42:31,37.962,22.25,38.0348,37.8888,22.1454,22.3545,37.8,55,0
2026-03-12 22:42:31,37.972,22.258,37.9542,37.9895,22.1607,22.3545,37.8,55,0
2026-03-12 22:42:31,38.002,22.267,38.0952,37.9089,22.1759,22.3575,37.8,55,0
2026-03-12 22:42:31,38.002,22.255,38.0751,37.929,22.1378,22.3713,37.8,55,0
2026-03-12 22:42:32,38.042,22.284,38.0952,37.9895,22.1637,22.4033,37.8,55,0
2026-03-12 22:42:32,38.022,22.226,38.0348,38.0096,22.0722,22.3804,37.8,55,0
2026-03-12 22:42:32,38.062,22.236,38.1556,37.9693,22.1332,22.3392,37.8,55,0
2026-03-12 22:42:32,38.012,22.232,38.0751,37.9492,22.1256,22.3377,37.8,55,0
2026-03-12 22:42:33,37.942,22.229,37.9744,37.9089,22.1256,22.3331,37.8,55,0
2026-03-12 22:42:33,38.032,22.233,38.0952,37.9693,22.1271,22.3392,37.8,55,0
2026-03-12 22:42:33,38.052,22.266,38.1154,37.9895,22.1164,22.4155,37.8,55,0
2026-03-12 22:42:34,37.962,22.25,38.0348,37.8888,22.1088,22.3911,37.8,55,0
2026-03-12 22:42:34,38.052,22.223,38.1355,37.9693,22.0706,22.3758,37.8,55,0
2026-03-12 22:42:34,38.042,22.222,38.0751,38.0096,22.0768,22.3682,37.8,55,0
2026-03-12 22:42:34,38.052,22.235,38.1154,37.9895,22.1042,22.3667,37.8,55,0
2026-03-12 22:42:35,38.012,22.206,38.1154,37.9089,22.0554,22.3575,37.8,55,0
2026-03-12 22:42:35,37.992,22.222,38.1154,37.8686,22.092,22.3529,37.8,55,0
2026-03-12 22:42:35,38.042,22.204,38.1355,37.9492,22.0462,22.3621,37.8,55,0
2026-03-12 22:42:35,38.093,22.179,38.1959,37.9895,22.0768,22.2812,37.8,55,0
2026-03-12 22:42:36,38.083,22.171,38.1355,38.0298,22.0218,22.3209,37.8,55,0
2026-03-12 22:42:36,38.022,22.189,38.1154,37.929,22.0432,22.3346,37.8,55,0
2026-03-12 22:42:36,38.073,22.158,38.1959,37.9492,22.0035,22.3133,37.8,55,0
2026-03-12 22:42:36,38.103,22.149,38.1959,38.0096,22.0157,22.2827,37.8,55,0
2026-03-12 22:42:37,38.073,22.103,38.1758,37.9693,21.9287,22.2782,37.8,55,0
2026-03-12 22:42:37,38.123,22.103,38.1758,38.07,21.9043,22.3011,37.8,55,0
2026-03-12 22:42:37,38.103,22.088,38.1758,38.0298,21.9287,22.2477,37.8,55,0
2026-03-12 22:42:37,38.073,22.122,38.1355,38.0096,21.9608,22.2827,37.8,55,0
2026-03-12 22:42:38,38.093,22.1,38.1959,37.9895,21.9669,22.2324,37.8,55,0
2026-03-12 22:42:38,38.093,22.093,38.1556,38.0298,21.9379,22.2477,37.8,55,0
2026-03-12 22:42:38,38.123,22.084,38.1758,38.07,21.9532,22.2156,37.8,55,0
2026-03-12 22:42:39,38.083,22.08,38.1556,38.0096,21.9379,22.2217,37.8,55,0
2026-03-12 22:42:39,38.062,22.06,38.1758,37.9492,21.9165,22.2034,37.8,55,0
2026-03-12 22:42:39,38.113,22.096,38.1758,38.0499,21.9654,22.2263,37.8,55,0
2026-03-12 22:42:39,38.103,22.082,38.1556,38.0499,21.9379,22.2263,37.8,55,0
2026-03-12 22:42:40,38.093,22.093,38.1556,38.0298,21.9501,22.2354,37.8,55,0
2026-03-12 22:42:40,38.113,22.083,38.1959,38.0298,21.9303,22.2354,37.8,55,0
2026-03-12 22:42:40,38.103,22.052,38.2161,37.9895,21.9333,22.1714,37.8,55,0
2026-03-12 22:42:40,38.143,22.062,38.2362,38.0499,21.9104,22.2141,37.8,55,0
2026-03-12 22:42:41,38.073,22.072,38.1154,38.0298,21.9455,22.1988,37.8,55,0
2026-03-12 22:42:41,38.133,22.049,38.2161,38.0499,21.9211,22.1775,37.8,55,0
2026-03-12 22:42:41,38.113,22.096,38.1758,38.0499,21.9409,22.2507,37.8,55,0
2026-03-12 22:42:41,38.113,22.084,38.2161,38.0096,21.9333,22.2339,37.8,55,0
2026-03-12 22:42:42,38.163,22.095,38.2564,38.07,21.9867,22.2034,37.8,55,0
2026-03-12 22:42:42,38.163,22.071,38.2362,38.0902,21.9471,22.1942,37.8,55,0
2026-03-12 22:42:42,38.133,22.061,38.1959,38.07,21.9181,22.2034,37.8,55,0
2026-03-12 22:42:43,38.133,22.049,38.2161,38.0499,21.8845,22.2141,37.8,55,0
2026-03-12 22:42:43,38.103,22.033,38.2765,37.929,21.8906,22.1759,37.8,55,0
2026-03-12 22:42:43,38.123,22.029,38.1959,38.0499,21.8936,22.1653,37.8,55,0
2026-03-12 22:42:43,38.062,22.035,38.1959,37.929,21.9059,22.1637,37.8,55,0
2026-03-12 22:42:44,38.163,22.052,38.2765,38.0499,21.9272,22.1775,37.8,55,0
2026-03-12 22:42:44,38.093,22.051,38.1758,38.0096,21.9409,22.1607,37.8,55,0
2026-03-12 22:42:44,38.224,22.078,38.2564,38.1909,21.9379,22.2171,37.8,55,0
2026-03-12 22:42:44,38.193,22.068,38.2966,38.0902,21.9287,22.2065,37.8,55,0
2026-03-12 22:42:45,38.143,22.044,38.2362,38.0499,21.886,22.2019,37.8,55,0
2026-03-12 22:42:45,38.133,22.049,38.2161,38.0499,21.8967,22.2019,37.8,55,0
2026-03-12 22:42:45,38.143,22.044,38.2564,38.0298,21.8891,22.1988,37.8,55,0
2026-03-12 22:42:45,38.133,22.074,38.1758,38.0902,21.9409,22.2065,37.8,55,0
2026-03-12 22:42:46,38.133,22.086,38.2161,38.0499,21.9577,22.2141,37.8,55,0
2026-03-12 22:42:46,38.123,22.09,38.1959,38.0499,21.9669,22.2141,37.8,55,0
2026-03-12 22:42:46,38.123,22.054,38.1959,38.0499,21.9181,22.1897,37.8,55,0
2026-03-12 22:42:46,38.153,22.07,38.2564,38.0499,21.9135,22.2263,37.8,55,0
2026-03-12 22:42:47,38.163,22.077,38.2765,38.0499,21.9394,22.2141,37.8,55,0
2026-03-12 22:42:47,38.193,22.068,38.2362,38.1506,21.9104,22.2248,37.8,55,0
2026-03-12 22:42:47,38.103,22.058,38.1556,38.0499,21.9135,22.2019,37.8,55,0
2026-03-12 22:42:48,38.113,22.065,38.2161,38.0096,21.9333,22.1973,37.8,55,0
2026-03-12 22:42:48,38.163,22.083,38.2564,38.07,21.9501,22.2156,37.8,55,0
2026-03-12 22:42:48,38.163,22.095,38.2765,38.0499,21.976,22.2141,37.8,55,0
2026-03-12 22:42:48,38.153,22.052,38.2161,38.0902,21.9211,22.182,37.8,55,0
2026-03-12 22:42:49,38.133,22.08,38.2161,38.0499,21.9333,22.2263,37.8,55,0
2026-03-12 22:42:49,38.153,22.052,38.1758,38.1305,21.9043,22.1988,37.8,55,0
2026-03-12 22:42:49,38.143,22.056,38.1959,38.0902,21.8814,22.2309,37.8,55,0
2026-03-12 22:42:49,38.203,22.014,38.2564,38.1506,21.8402,22.1881,37.8,55,0
2026-03-12 22:42:50,38.153,22.015,38.2161,38.0902,21.8723,22.1576,37.8,55,0
2026-03-12 22:42:50,38.163,22.022,38.2161,38.1103,21.8723,22.1714,37.8,55,0
2026-03-12 22:42:50,38.113,22.071,38.1556,38.07,21.9013,22.24,37.8,55,0
2026-03-12 22:42:50,38.224,22.022,38.3369,38.1103,21.8845,22.1592,37.8,55,0
2026-03-12 22:42:51,38.143,22.044,38.1959,38.0902,21.8936,22.1942,37.8,55,0
2026-03-12 22:42:51,38.173,22.065,38.2765,38.07,21.915,22.2156,37.8,55,0
2026-03-12 22:42:51,38.133,22.019,38.1758,38.0902,21.8921,22.1454,37.8,55,0
2026-03-12 22:42:51,38.153,22.058,38.2161,38.0902,21.9089,22.2065,37.8,55,0
2026-03-12 22:42:52,38.143,22.044,38.1758,38.1103,21.9043,22.1836,37.8,55,0
2026-03-12 22:42:52,38.133,22.042,38.1959,38.07,21.9181,22.1668,37.8,55,0
2026-03-12 22:42:52,38.193,22.025,38.2362,38.1506,21.8494,22.2004,37.8,55,0
2026-03-12 22:42:52,38.163,22.028,38.2362,38.0902,21.886,22.1698,37.8,55,0
2026-03-12 22:42:53,38.143,22.032,38.1758,38.1103,21.8921,22.1714,37.8,55,0
2026-03-12 22:42:53,38.133,21.982,38.2161,38.0499,21.8601,22.1042,37.8,55,0
2026-03-12 22:42:53,38.153,22.064,38.2161,38.0902,21.9089,22.2187,37.8,55,0
2026-03-12 22:42:54,38.133,22.031,38.1758,38.0902,21.9043,22.1576,37.8,55,0
2026-03-12 22:42:54,38.183,22.012,38.2765,38.0902,21.8784,22.1454,37.8,55,0
2026-03-12 22:42:54,38.143,22.001,38.2161,38.07,21.8845,22.118,37.8,55,0
2026-03-12 22:42:54,38.173,22.048,38.2161,38.1305,21.9089,22.1866,37.8,55,0
2026-03-12 22:42:55,38.163,22.01,38.1758,38.1506,21.8799,22.1393,37.8,55,0
2026-03-12 22:42:55,38.143,22.056,38.1556,38.1305,21.9379,22.1744,37.8,55,0
2026-03-12 22:42:55,38.103,22.027,38.1758,38.0298,21.9165,22.1378,37.8,55,0
2026-03-12 22:42:55,38.163,22.052,38.1959,38.1305,21.9181,22.1866,37.8,55,0
2026-03-12 22:42:56,38.123,22.054,38.1758,38.07,21.9043,22.2034,37.8,55,0
2026-03-12 22:42:56,38.123,22.048,38.1959,38.0499,21.9303,22.1653,37.8,55,0
2026-03-12 22:42:56,38.143,22.068,38.1758,38.1103,21.9532,22.1836,37.8,55,0
2026-03-12 22:42:56,38.083,22.055,38.1154,38.0499,21.9333,22.1775,37.8,55,0
2026-03-12 22:42:57,38.173,22.054,38.2161,38.1305,21.9333,22.1744,37.8,55,0
2026-03-12 22:42:57,38.163,22.028,38.2161,38.1103,21.9089,22.1469,37.8,55,0
2026-03-12 22:42:57,38.193,22.02,38.2564,38.1305,21.9135,22.1256,37.8,55,0
2026-03-12 22:42:58,38.163,22.077,38.2161,38.1103,21.9699,22.1836,37.8,55,0
2026-03-12 22:42:58,38.143,22.081,38.2161,38.07,21.9821,22.179,37.8,55,0
2026-03-12 22:42:58,38.183,22.049,38.2564,38.1103,21.9623,22.1347,37.8,55,0
2026-03-12 22:42:58,38.163,22.071,38.2161,38.1103,21.9577,22.1836,37.8,55,0
2026-03-12 22:42:59,38.133,22.036,38.1959,38.07,21.9669,22.1057,37.8,55,0
2026-03-12 22:42:59,38.143,22.05,38.1959,38.0902,21.9547,22.1454,37.8,55,0
2026-03-12 22:42:59,38.103,22.064,38.1154,38.0902,21.9699,22.1576,37.8,55,0
2026-03-12 22:42:59,38.123,22.054,38.1758,38.07,21.9776,22.1302,37.8,55,0
2026-03-12 22:43:00,38.183,22.024,38.2161,38.1506,21.9333,22.1149,37.8,55,0
2026-03-12 22:43:00,38.133,22.043,38.1758,38.0902,21.9532,22.1332,37.8,55,0
2026-03-12 22:43:00,38.153,22.033,38.2161,38.0902,21.9699,22.0966,37.8,55,0
2026-03-12 22:43:00,38.163,22.033,38.1556,38.1707,21.9501,22.1164,37.8,55,0
2026-03-12 22:43:01,38.123,22.029,38.1154,38.1305,21.9577,22.1012,37.8,55,0
2026-03-12 22:43:01,38.103,22.045,38.1758,38.0298,21.9654,22.1256,37.8,55,0
2026-03-12 22:43:01,38.143,22.056,38.1959,38.0902,22.0035,22.1088,37.8,55,0
2026-03-12 22:43:01,38.123,22.078,38.1758,38.07,21.9776,22.179,37.8,55,0
2026-03-12 22:43:02,38.143,22.056,38.1959,38.0902,21.9669,22.1454,37.8,55,0
2026-03-12 22:43:02,38.173,22.084,38.1556,38.1909,21.9989,22.1683,37.8,55,0
2026-03-12 22:43:02,38.113,22.078,38.1355,38.0902,21.9974,22.1576,37.8,55,0
2026-03-12 22:43:02,38.113,22.053,38.1758,38.0499,21.9898,22.1164,37.8,55,0
2026-03-12 22:43:03,38.143,22.056,38.1959,38.0902,21.9913,22.121,37.8,55,0
2026-03-12 22:43:03,38.163,22.077,38.1959,38.1305,22.0035,22.15,37.8,55,0
2026-03-12 22:43:03,38.123,22.06,38.1355,38.1103,21.973,22.1469,37.8,55,0
2026-03-12 22:43:04,38.123,22.066,38.1355,38.1103,21.973,22.1592,37.8,55,0
2026-03-12 22:43:04,38.123,22.042,38.1556,38.0902,21.9745,22.1088,37.8,55,0
2026-03-12 22:43:04,38.133,22.068,38.1758,38.0902,21.9776,22.1576,37.8,55,0
2026-03-12 22:43:04,38.143,22.081,38.1959,38.0902,22.0157,22.1454,37.8,55,0
2026-03-12 22:43:05,38.103,22.045,38.1355,38.07,21.9608,22.1302,37.8,55,0
2026-03-12 22:43:05,38.153,22.052,38.1758,38.1305,21.9654,22.1378,37.8,55,0
2026-03-12 22:43:05,38.103,22.058,38.0952,38.1103,21.9684,22.1469,37.8,55,0
2026-03-12 22:43:05,38.143,22.068,38.1959,38.0902,22.0279,22.1088,37.8,55,0
2026-03-12 22:43:06,38.083,22.038,38.0751,38.0902,21.9791,22.0966,37.8,55,0
2026-03-12 22:43:06,38.052,22.083,38.0549,38.0499,22.0127,22.153,37.8,55,0
2026-03-12 22:43:06,38.113,22.071,38.0952,38.1305,21.9806,22.1622,37.8,55,0
2026-03-12 22:43:06,38.123,22.036,38.1758,38.07,21.9654,22.1057,37.8,55,0
2026-03-12 22:43:07,38.133,22.055,38.1355,38.1305,21.9852,22.1256,37.8,55,0
2026-03-12 22:43:07,38.113,22.029,38.1355,38.0902,21.973,22.0844,37.8,55,0
2026-03-12 22:43:07,38.113,22.04,38.1154,38.1103,21.9699,22.1103,37.8,55,0
2026-03-12 22:43:07,38.042,22.027,38.0751,38.0096,21.9669,22.0874,37.8,55,0
2026-03-12 22:43:08,38.062,22.035,38.0549,38.07,21.9883,22.0813,37.8,55,0
2026-03-12 22:43:08,38.083,22.074,38.1154,38.0499,22.0188,22.1286,37.8,55,0
2026-03-12 22:43:08,38.093,22.081,38.0952,38.0902,22.0172,22.1454,37.8,55,0
2026-03-12 22:43:09,38.113,22.084,38.0952,38.1305,21.9806,22.1866,37.8,55,0
2026-03-12 22:43:09,38.093,22.093,38.1154,38.07,22.0066,22.179,37.8,55,0
2026-03-12 22:43:09,38.103,22.094,38.0549,38.1506,22.0127,22.1759,37.8,55,0
2026-03-12 22:43:09,38.103,22.052,38.0549,38.1506,21.9638,22.1393,37.8,55,0
2026-03-12 22:43:10,38.093,22.075,38.0952,38.0902,22.0294,22.121,37.8,55,0
2026-03-12 22:43:10,38.133,22.104,38.1758,38.0902,22.0142,22.1942,37.8,55,0
2026-03-12 22:43:10,38.093,22.068,38.1154,38.07,22.0066,22.1302,37.8,55,0
2026-03-12 22:43:10,38.093,22.087,38.0952,38.0902,21.9806,22.1942,37.8,55,0
2026-03-12 22:43:11,38.062,22.102,38.0146,38.1103,21.9837,22.2202,37.8,55,0
2026-03-12 22:43:11,38.073,22.073,38.0952,38.0499,22.0294,22.1164,37.8,55,0
2026-03-12 22:43:11,38.022,22.092,37.9945,38.0499,22.0188,22.1653,37.8,55,0
2026-03-12 22:43:11,38.073,22.097,38.0952,38.0499,22.0417,22.153,37.8,55,0
2026-03-12 22:43:12,38.093,22.13,38.0952,38.0902,22.0783,22.182,37.8,55,0
2026-03-12 22:43:12,38.022,22.147,38.0348,38.0096,22.121,22.1729,37.8,55,0
2026-03-12 22:43:12,38.042,22.118,38.0549,38.0298,22.0859,22.15,37.8,55,0
2026-03-12 22:43:12,38.073,22.134,38.0549,38.0902,22.0859,22.182,37.8,55,0
2026-03-12 22:43:13,38.093,22.112,38.0751,38.1103,22.0523,22.1714,37.8,55,0
2026-03-12 22:43:13,38.062,22.084,38.0549,38.07,22.0249,22.1424,37.8,55,0
2026-03-12 22:43:13,38.052,22.107,38.0751,38.0298,22.0401,22.1744,37.8,55,0
2026-03-12 22:43:14,38.052,22.126,37.9945,38.1103,22.0798,22.1714,37.8,55,0
2026-03-12 22:43:14,38.022,22.092,38.0348,38.0096,22.0478,22.1363,37.8,55,0
2026-03-12 22:43:14,38.052,22.126,38.0751,38.0298,22.0768,22.1744,37.8,55,0
2026-03-12 22:43:14,38.062,22.145,38.0751,38.0499,22.1012,22.1897,37.8,55,0
2026-03-12 22:43:15,38.052,22.132,38.0751,38.0298,22.0768,22.1866,37.8,55,0
2026-03-12 22:43:15,38.022,22.159,38.0751,37.9693,22.1256,22.1927,37.8,55,0
2026-03-12 22:43:15,38.073,22.164,38.0549,38.0902,22.1225,22.2065,37.8,55,0
2026-03-12 22:43:15,38.042,22.137,38.0348,38.0499,22.0844,22.1897,37.8,55,0
2026-03-12 22:43:16,38.083,22.153,38.0952,38.07,22.1515,22.1546,37.8,55,0
2026-03-12 22:43:16,37.982,22.124,37.9542,38.0096,22.0996,22.1485,37.8,55,0
2026-03-12 22:43:16,38.042,22.112,38.0549,38.0298,22.0737,22.15,37.8,55,0
2026-03-12 22:43:16,38.073,22.14,38.0751,38.07,22.1012,22.179,37.8,55,0
2026-03-12 22:43:17,38.032,22.142,38.0146,38.0499,22.0813,22.2019,37.8,55,0
2026-03-12 22:43:17,38.083,22.197,38.0348,38.1305,22.1698,22.2232,37.8,55,0
2026-03-12 22:43:17,38.032,22.129,38.0146,38.0499,22.1057,22.153,37.8,55,0
2026-03-12 22:43:17,38.032,22.173,38.0751,37.9895,22.1378,22.208,37.8,55,0
2026-03-12 22:43:18,38.052,22.174,38.0549,38.0499,22.1592,22.1897,37.8,55,0
2026-03-12 22:43:18,38.042,22.149,37.9945,38.0902,22.1408,22.1576,37.8,55,0
2026-03-12 22:43:18,38.032,22.05,38.0348,38.0298,21.9013,22.1988,37.8,55,0
2026-03-12 22:43:19,38.022,22.128,37.9744,38.07,22.0035,22.2522,37.8,55,0
2026-03-12 22:43:19,38.042,22.118,38.0146,38.07,22.0447,22.1912,37.8,55,0
2026-03-12 22:43:19,38.002,22.145,37.9945,38.0096,22.0798,22.2095,37.8,55,0
2026-03-12 22:43:19,38.022,22.153,37.9945,38.0499,22.1042,22.2019,37.8,55,0
2026-03-12 22:43:20,37.982,22.197,37.9744,37.9895,22.1256,22.269,37.8,55,0
2026-03-12 22:43:20,38.022,22.159,37.9542,38.0902,22.0874,22.2309,37.8,55,0
2026-03-12 22:43:20,37.982,22.197,37.9341,38.0298,22.1958,22.1988,37.8,55,0
2026-03-12 22:43:20,38.002,22.205,37.9744,38.0298,22.15,22.2599,37.8,55,0
2026-03-12 22:43:21,37.921,22.179,37.8938,37.9492,22.1302,22.2278,37.8,55,0
2026-03-12 22:43:21,38.002,22.187,37.9744,38.0298,22.1744,22.1988,37.8,55,0
2026-03-12 22:43:21,37.972,22.184,37.9542,37.9895,22.1729,22.1958,37.8,55,0
2026-03-12 22:43:21,38.022,22.164,37.9744,38.07,22.1744,22.1546,37.8,55,0
2026-03-12 22:43:22,38.032,22.227,38.0146,38.0499,22.1668,22.2873,37.8,55,0
2026-03-12 22:43:22,37.992,22.211,37.9341,38.0499,22.208,22.2141,37.8,55,0
2026-03-12 22:43:22,38.032,22.184,38.0348,38.0298,22.2065,22.1622,37.8,55,0
2026-03-12 22:43:22,38.002,22.212,37.9542,38.0499,22.2217,22.2019,37.8,55,0
2026-03-12 22:43:23,37.952,22.2,37.9139,37.9895,22.2049,22.1958,37.8,55,0
2026-03-12 22:43:23,37.952,22.213,37.8938,38.0096,22.2156,22.2095,37.8,55,0
2026-03-12 22:43:23,37.982,22.191,37.9542,38.0096,22.2217,22.1607,37.8,55,0
2026-03-12 22:43:24,37.952,22.176,37.9139,37.9895,22.1683,22.1836,37.8,55,0
2026-03-12 22:43:24,37.962,22.207,37.8938,38.0298,22.2156,22.1988,37.8,55,0
2026-03-12 22:43:24,38.032,22.245,38.0348,38.0298,22.2187,22.2721,37.8,55,0
2026-03-12 22:43:24,37.952,22.2,37.8938,38.0096,22.2156,22.1851,37.8,55,0
2026-03-12 22:43:25,38.032,22.264,37.9945,38.07,22.2507,22.2766,37.8,55,0
2026-03-12 22:43:25,37.982,22.246,37.9341,38.0298,22.269,22.2232,37.8,55,0
2026-03-12 22:43:25,38.002,22.26,37.9744,38.0298,22.2843,22.2354,37.8,55,0
2026-03-12 22:43:25,37.982,22.246,37.9341,38.0298,22.2568,22.2354,37.8,55,0
2026-03-12 22:43:26,37.921,22.271,37.8938,37.9492,22.2644,22.2766,37.8,55,0
2026-03-12 22:43:26,37.992,22.265,37.9542,38.0298,22.2583,22.2721,37.8,55,0
2026-03-12 22:43:26,37.962,22.274,37.8938,38.0298,22.2766,22.2721,37.8,55,0
2026-03-12 22:43:26,37.932,22.271,37.8737,37.9895,22.2736,22.269,37.8,55,0
2026-03-12 22:43:27,37.962,22.287,37.8938,38.0298,22.2889,22.2843,37.8,55,0
2026-03-12 22:43:27,37.952,22.261,37.8737,38.0298,22.2492,22.2721,37.8,55,0
2026-03-12 22:43:27,37.952,22.261,37.8737,38.0298,22.2492,22.2721,37.8,55,0
2026-03-12 22:43:27,37.932,22.277,37.8737,37.9895,22.2736,22.2812,37.8,55,0
2026-03-12 22:43:28,37.942,22.267,37.9341,37.9492,22.2812,22.2522,37.8,55,0
2026-03-12 22:43:28,38.002,22.242,37.9341,38.07,22.2446,22.24,37.8,55,0
2026-03-12 22:43:28,37.901,22.207,37.8535,37.9492,22.1866,22.2278,37.8,55,0
2026-03-12 22:43:29,37.911,22.238,37.8334,37.9895,22.208,22.269,37.8,55,0
2026-03-12 22:43:29,37.932,22.252,37.8334,38.0298,22.2446,22.2599,37.8,55,0
2026-03-12 22:43:29,37.921,22.251,37.8334,38.0096,22.269,22.2339,37.8,55,0
2026-03-12 22:43:29,37.932,22.235,37.9341,37.929,22.2568,22.2126,37.8,55,0
2026-03-12 22:43:30,37.952,22.231,37.9139,37.9895,22.2538,22.208,37.8,55,0
2026-03-12 22:43:30,37.901,22.261,37.9139,37.8888,22.2904,22.2324,37.8,55,0
2026-03-12 22:43:30,37.942,22.235,37.8535,38.0298,22.2843,22.1866,37.8,55,0
2026-03-12 22:43:30,37.962,22.226,37.8938,38.0298,22.2522,22.1988,37.8,55,0
2026-03-12 22:43:31,37.881,22.254,37.8132,37.9492,22.3041,22.2034,37.8,55,0
2026-03-12 22:43:31,37.871,22.264,37.7931,37.9492,22.2766,22.2522,37.8,55,0
2026-03-12 22:43:31,37.901,22.261,37.8334,37.9693,22.3056,22.2171,37.8,55,0
2026-03-12 22:43:31,37.992,22.308,37.9139,38.07,22.3392,22.2766,37.8,55,0
2026-03-12 22:43:32,37.901,22.293,37.8535,37.9492,22.3331,22.2522,37.8,55,0
2026-03-12 22:43:32,37.881,22.284,37.7931,37.9693,22.3133,22.2538,37.8,55,0
2026-03-12 22:43:32,37.932,22.296,37.8535,38.0096,22.3331,22.2583,37.8,55,0
2026-03-12 22:43:32,37.851,22.293,37.8334,37.8686,22.3423,22.2431,37.8,55,0
2026-03-12 22:43:33,37.871,22.307,37.8132,37.929,22.3407,22.2736,37.8,55,0
2026-03-12 22:43:33,37.942,22.297,37.9341,37.9492,22.3301,22.2644,37.8,55,0
2026-03-12 22:43:33,37.911,22.306,37.8132,38.0096,22.3529,22.2583,37.8,55,0
2026-03-12 22:43:34,37.942,22.291,37.8938,37.9895,22.3377,22.2446,37.8,55,0
2026-03-12 22:43:34,37.901,22.311,37.8535,37.9492,22.3453,22.2766,37.8,55,0
2026-03-12 22:43:34,37.921,22.264,37.8334,38.0096,22.3056,22.2217,37.8,55,0
2026-03-12 22:43:34,37.851,22.287,37.7931,37.9089,22.3377,22.2354,37.8,55,0
2026-03-12 22:43:35,37.881,22.302,37.8334,37.929,22.3667,22.237,37.8,55,0
2026-03-12 22:43:35,37.891,22.297,37.8535,37.929,22.3331,22.2614,37.8,55,0
2026-03-12 22:43:35,37.942,22.322,37.8938,37.9895,22.3743,22.269,37.8,55,0
2026-03-12 22:43:35,37.881,22.321,37.8132,37.9492,22.3896,22.2522,37.8,55,0
2026-03-12 22:43:36,37.891,22.303,37.8132,37.9693,22.3407,22.266,37.8,55,0
2026-03-12 22:43:36,37.891,22.334,37.8334,37.9492,22.3789,22.2889,37.8,55,0
2026-03-12 22:43:36,37.871,22.356,37.8334,37.9089,22.4155,22.2965,37.8,55,0
2026-03-12 22:43:36,37.891,22.334,37.7729,38.0096,22.3728,22.295,37.8,55,0
2026-03-12 22:43:37,37.871,22.325,37.7931,37.9492,22.3743,22.2766,37.8,55,0
2026-03-12 22:43:37,37.881,22.332,37.8334,37.929,22.3789,22.2858,37.8,55,0
2026-03-12 22:43:37,37.791,22.335,37.7729,37.8082,22.3972,22.2736,37.8,55,6.6506317847309155
2026-03-12 22:43:37,37.841,22.335,37.8132,37.8686,22.3651,22.3041,37.8,55,0
2026-03-12 22:43:38,37.891,22.328,37.8334,37.9492,22.3667,22.2889,37.8,55,0
2026-03-12 22:43:38,37.791,22.372,37.7528,37.8283,22.4201,22.3239,37.8,55,7.103455962237362
2026-03-12 22:43:38,37.891,22.37,37.8132,37.9693,22.4018,22.3392,37.8,55,0
2026-03-12 22:43:39,37.821,22.374,37.7931,37.8485,22.4353,22.3133,37.8,55,0
2026-03-12 22:43:39,37.871,22.362,37.8132,37.929,22.414,22.3102,37.8,55,0
2026-03-12 22:43:39,37.891,22.389,37.8132,37.9693,22.4384,22.3392,37.8,55,0
2026-03-12 22:43:39,37.861,22.354,37.7931,37.929,22.3987,22.3102,37.8,55,0
2026-03-12 22:43:40,37.871,22.344,37.7931,37.9492,22.4231,22.2644,37.8,55,0
2026-03-12 22:43:40,37.861,22.367,37.7729,37.9492,22.446,22.2889,37.8,55,0
2026-03-12 22:43:40,37.841,22.365,37.7327,37.9492,22.4414,22.2889,37.8,55,0
2026-03-12 22:43:40,37.871,22.393,37.8132,37.929,22.4506,22.3346,37.8,55,0
2026-03-12 22:43:41,37.811,22.393,37.7125,37.9089,22.4033,22.3819,37.8,55,0
2026-03-12 22:43:41,37.831,22.395,37.7125,37.9492,22.4277,22.3621,37.8,55,0
2026-03-12 22:43:41,37.861,22.392,37.7528,37.9693,22.4567,22.327,37.8,55,0
2026-03-12 22:43:41,37.841,22.377,37.7729,37.9089,22.4582,22.2965,37.8,55,0
2026-03-12 22:43:42,37.861,22.398,37.7729,37.9492,22.4582,22.3377,37.8,55,0
2026-03-12 22:43:42,37.831,22.388,37.7729,37.8888,22.4582,22.3178,37.8,55,0
2026-03-12 22:43:42,37.801,22.354,37.7125,37.8888,22.4033,22.3056,37.8,55,1.108719450680308
2026-03-12 22:43:42,37.821,22.369,37.7125,37.929,22.4521,22.2858,37.8,55,0
2026-03-12 22:43:43,37.821,22.381,37.7729,37.8686,22.446,22.3163,37.8,55,0
2026-03-12 22:43:43,37.821,22.375,37.7125,37.929,22.4399,22.3102,37.8,55,0
2026-03-12 22:43:43,37.801,22.409,37.7125,37.8888,22.4521,22.3667,37.8,55,0.6525426569964959
2026-03-12 22:43:44,37.791,22.427,37.7125,37.8686,22.4643,22.3896,37.8,55,2.9974480069727383
2026-03-12 22:43:44,37.831,22.394,37.7327,37.929,22.4537,22.3346,37.8,55,0
2026-03-12 22:43:44,37.851,22.409,37.8535,37.8485,22.4552,22.3621,37.8,55,0
2026-03-12 22:43:44,37.74,22.427,37.632,37.8485,22.4552,22.3987,37.8,55,22.002715568056242
2026-03-12 22:43:45,37.78,22.432,37.6924,37.8686,22.4735,22.3896,37.8,55,5.164697809976751
2026-03-12 22:43:45,37.801,22.464,37.7528,37.8485,22.5055,22.4231,37.8,55,0.5576612282565813
2026-03-12 22:43:45,37.77,22.473,37.6722,37.8686,22.4964,22.4506,37.8,55,11.652077863340581
2026-03-12 22:43:45,37.77,22.406,37.6722,37.8686,22.472,22.3407,37.8,55,10.908819678855279
2026-03-12 22:43:46,37.76,22.435,37.6924,37.8283,22.4979,22.3728,37.8,55,14.859435305782778
2026-03-12 22:43:46,37.78,22.45,37.6924,37.8686,22.5101,22.3896,37.8,55,8.73822115787297
2026-03-12 22:43:46,37.78,22.48,37.6924,37.8686,22.5101,22.4506,37.8,55,10.097727014955655
2026-03-12 22:43:46,37.71,22.467,37.6118,37.8082,22.5391,22.3957,37.8,55,33.50339312444252
2026-03-12 22:43:47,37.78,22.45,37.6924,37.8686,22.5345,22.3651,37.8,55,9.361156406532821
2026-03-12 22:43:47,37.78,22.456,37.6722,37.8888,22.4964,22.4155,37.8,55,13.003949246252109
2026-03-12 22:43:47,37.71,22.436,37.5917,37.8283,22.5116,22.3606,37.8,55,36.410543001688495
2026-03-12 22:43:47,37.801,22.416,37.7125,37.8888,22.4887,22.3423,37.8,55,5.378312269737382
2026-03-12 22:43:48,37.73,22.432,37.6118,37.8485,22.4903,22.3743,37.8,55,32.79507648128865
2026-03-12 22:43:48,37.69,22.422,37.6118,37.7679,22.4781,22.3667,37.8,55,44.24284537477998
2026-03-12 22:43:48,37.73,22.438,37.6722,37.7881,22.5208,22.356,37.8,55,31.75703716409016
2026-03-12 22:43:49,37.74,22.421,37.632,37.8485,22.504,22.3377,37.8,55,31.86653465361976
2026-03-12 22:43:49,37.75,22.435,37.7125,37.7881,22.5254,22.3438,37.8,55,30.38389061077859
2026-03-12 22:43:49,37.74,22.47,37.6521,37.8283,22.5177,22.4216,37.8,55,35.23760053146469
2026-03-12 22:43:49,37.73,22.432,37.6521,37.8082,22.4933,22.3713,37.8,55,39.40204218795271
2026-03-12 22:43:50,37.78,22.462,37.7125,37.8485,22.5376,22.3865,37.8,55,24.128165376821777
2026-03-12 22:43:50,37.7,22.448,37.6118,37.7881,22.5269,22.3682,37.8,55,53.082049029318995
2026-03-12 22:43:50,37.75,22.471,37.6924,37.8082,22.5223,22.4201,37.8,55,35.26532875568786
2026-03-12 22:43:50,37.72,22.48,37.632,37.8082,22.5528,22.4079,37.8,55,48.504338670299596
2026-03-12 22:43:51,37.74,22.476,37.6521,37.8283,22.5544,22.3972,37.8,55,42.36382871746016
2026-03-12 22:43:51,37.72,22.456,37.632,37.8082,22.5406,22.3713,37.8,55,51.177271212121475
2026-03-12 22:43:51,37.73,22.463,37.6722,37.7881,22.5574,22.3682,37.8,55,48.77303473217106
2026-03-12 22:43:51,37.75,22.471,37.5917,37.9089,22.5238,22.4186,37.8,55,44.23378097144026
2026-03-12 22:43:52,37.75,22.483,37.632,37.8686,22.5528,22.414,37.8,55,46.26453128046707
2026-03-12 22:43:52,37.7,22.435,37.6521,37.7478,22.5055,22.3636,37.8,55,63.781386790603904
2026-03-12 22:43:52,37.72,22.431,37.5917,37.8485,22.4994,22.3621,37.8,55,57.17633020401027
2026-03-12 22:43:52,37.75,22.477,37.7125,37.7881,22.5742,22.3804,37.8,55,50.03807461033757
2026-03-12 22:43:53,37.78,22.505,37.632,37.929,22.5772,22.4323,37.8,55,42.68528181476314
2026-03-12 22:43:53,37.71,22.473,37.6118,37.8082,22.5391,22.4079,37.8,55,67.45951044879774
2026-03-12 22:43:53,37.75,22.471,37.6722,37.8283,22.5574,22.385,37.8,55,53.15840060665378
2026-03-12 22:43:54,37.68,22.47,37.5917,37.7679,22.536,22.4033,37.8,55,79.06047293619677
2026-03-12 22:43:54,37.71,22.467,37.632,37.7881,22.565,22.3682,37.8,55,68.70869444300826
2026-03-12 22:43:54,37.74,22.477,37.6118,37.8686,22.5513,22.4018,37.8,55,62.250037787302794
2026-03-12 22:43:54,37.74,22.512,37.632,37.8485,22.5895,22.4353,37.8,55,64.95994543901529
2026-03-12 22:43:55,37.72,22.486,37.6521,37.7881,22.5666,22.4048,37.8,55,72.86080385982557
2026-03-12 22:43:55,37.74,22.47,37.632,37.8485,22.5284,22.4109,37.8,55,67.1767289868517
2026-03-12 22:43:55,37.74,22.311,37.6521,37.8283,22.2492,22.3728,37.8,55,69.43088104641434
2026-03-12 22:43:55,37.67,22.365,37.5715,37.7679,22.327,22.4033,37.8,55,93.73073800176319
2026-03-12 22:43:56,37.71,22.449,37.6118,37.8082,22.4292,22.4689,37.8,55,80.32672689602622
2026-03-12 22:43:56,37.69,22.441,37.6118,37.7679,22.4659,22.4155,37.8,55,90.72387302662477
2026-03-12 22:43:56,37.68,22.476,37.5715,37.7881,22.4979,22.4537,37.8,55,95.55153916319236
2026-03-12 22:43:56,37.7,22.49,37.5715,37.8283,22.5223,22.4582,37.8,55,91.21916552824871
2026-03-12 22:43:57,37.69,22.471,37.5715,37.8082,22.4979,22.4445,37.8,55,97.64660943862856
2026-03-12 22:43:57,37.66,22.504,37.5514,37.7679,22.5315,22.4765,37.8,55,100
2026-03-12 22:43:57,37.64,22.483,37.5111,37.7679,22.5269,22.4399,37.8,55,100
2026-03-12 22:43:57,37.69,22.496,37.5715,37.8082,22.5711,22.4201,37.8,55,100
2026-03-12 22:43:58,37.73,22.53,37.6521,37.8082,22.6276,22.4323,37.8,55,95.69612775363083
2026-03-12 22:43:58,37.66,22.498,37.5312,37.7881,22.5788,22.417,37.8,55,100
2026-03-12 22:43:58,37.68,22.5,37.5715,37.7881,22.5956,22.4048,37.8,55,100
2026-03-12 22:43:59,37.66,22.504,37.5715,37.7478,22.5711,22.4369,37.8,55,100
2026-03-12 22:43:59,37.68,22.512,37.6118,37.7478,22.5757,22.4491,37.8,55,100
2026-03-12 22:43:59,37.69,22.502,37.5715,37.8082,22.5711,22.4323,37.8,55,100
2026-03-12 22:43:59,37.64,22.532,37.5111,37.7679,22.5757,22.4887,37.8,55,100
2026-03-12 22:44:00,37.71,22.504,37.6118,37.8082,22.6123,22.3957,37.8,55,100
2026-03-12 22:44:00,37.69,22.544,37.6118,37.7679,22.6246,22.4643,37.8,55,100
2026-03-12 22:44:00,37.69,22.52,37.6118,37.7679,22.6001,22.4399,37.8,55,100
2026-03-12 22:44:00,37.71,22.515,37.632,37.7881,22.6261,22.4048,37.8,55,100
2026-03-12 22:44:01,37.65,22.503,37.5312,37.7679,22.5788,22.4277,37.8,55,100
2026-03-12 22:44:01,37.7,22.527,37.632,37.7679,22.5895,22.4643,37.8,55,100
2026-03-12 22:44:01,37.73,22.506,37.6118,37.8485,22.5513,22.4598,37.8,55,100
2026-03-12 22:44:01,37.68,22.482,37.6118,37.7478,22.5879,22.3758,37.8,55,100
2026-03-12 22:44:02,37.66,22.449,37.5917,37.7276,22.5238,22.3743,37.8,55,100
2026-03-12 22:44:02,37.66,22.486,37.5312,37.7881,22.5422,22.4292,37.8,55,100
2026-03-12 22:44:02,37.71,22.491,37.6521,37.7679,22.5788,22.4033,37.8,55,100
2026-03-12 22:44:02,37.71,22.528,37.6521,37.7679,22.5788,22.4765,37.8,55,100
2026-03-12 22:44:03,37.71,22.503,37.632,37.7881,22.565,22.4414,37.8,55,100
2026-03-12 22:44:03,37.68,22.5,37.5917,37.7679,22.5483,22.4521,37.8,55,100
2026-03-12 22:44:03,37.64,22.52,37.5715,37.7075,22.5956,22.4445,37.8,55,100
2026-03-12 22:44:04,37.74,22.525,37.6924,37.7881,22.5956,22.4537,37.8,55,100
2026-03-12 22:44:04,37.7,22.515,37.6118,37.7881,22.6001,22.4292,37.8,55,100
2026-03-12 22:44:04,37.72,22.498,37.6521,37.7881,22.5666,22.4292,37.8,55,100
2026-03-12 22:44:04,37.71,22.528,37.5917,37.8283,22.5727,22.4826,37.8,55,100
2026-03-12 22:44:05,37.72,22.505,37.6722,37.7679,22.5452,22.4643,37.8,55,100
2026-03-12 22:44:05,37.74,22.531,37.6722,37.8082,22.5818,22.4811,37.8,55,100
2026-03-12 22:44:05,37.69,22.508,37.6118,37.7679,22.5635,22.4521,37.8,55,100
2026-03-12 22:44:05,37.72,22.499,37.632,37.8082,22.5406,22.4567,37.8,55,100
2026-03-12 22:44:06,37.69,22.519,37.632,37.7478,22.5772,22.4613,37.8,55,100
2026-03-12 22:44:06,37.71,22.528,37.632,37.7881,22.565,22.4903,37.8,55,100
2026-03-12 22:44:06,37.72,22.528,37.6521,37.7881,22.5788,22.4781,37.8,55,100
2026-03-12 22:44:06,37.74,22.494,37.7327,37.7478,22.5757,22.4125,37.8,55,100
2026-03-12 22:44:07,37.74,22.494,37.632,37.8485,22.5162,22.472,37.8,55,100
2026-03-12 22:44:07,37.72,22.499,37.6118,37.8283,22.5147,22.4826,37.8,55,100
2026-03-12 22:44:07,37.75,22.502,37.7327,37.7679,22.5025,22.501,37.8,55,100
2026-03-12 22:44:07,37.76,22.484,37.7729,37.7478,22.5193,22.4491,37.8,55,100
2026-03-12 22:44:08,37.73,22.469,37.6722,37.7881,22.5086,22.4292,37.8,55,100
2026-03-12 22:44:08,37.68,22.476,37.6118,37.7478,22.5269,22.4247,37.8,55,100
2026-03-12 22:44:08,37.76,22.467,37.7528,37.7679,22.5422,22.3911,37.8,55,100
2026-03-12 22:44:09,37.72,22.486,37.6924,37.7478,22.5101,22.4613,37.8,55,100
2026-03-12 22:44:09,37.74,22.458,37.7125,37.7679,22.501,22.4155,37.8,55,100
2026-03-12 22:44:09,37.78,22.499,37.7125,37.8485,22.4887,22.5086,37.8,55,100
2026-03-12 22:44:09,37.78,22.432,37.7528,37.8082,22.4811,22.3835,37.8,55,100
2026-03-12 22:44:10,37.76,22.461,37.7125,37.8082,22.4765,22.4445,37.8,55,100
2026-03-12 22:44:10,37.74,22.457,37.6924,37.7881,22.4613,22.4537,37.8,55,100
2026-03-12 22:44:10,37.78,22.456,37.7729,37.7881,22.4826,22.4292,37.8,55,100
2026-03-12 22:44:10,37.76,22.461,37.7125,37.8082,22.4521,22.4689,37.8,55,100
2026-03-12 22:44:11,37.791,22.451,37.7528,37.8283,22.4323,22.4704,37.8,55,100
2026-03-12 22:44:11,37.791,22.409,37.7729,37.8082,22.4094,22.4079,37.8,55,100
2026-03-12 22:44:11,37.801,22.409,37.7931,37.8082,22.4231,22.3957,37.8,55,99.26127409757099
2026-03-12 22:44:11,37.74,22.434,37.7528,37.7276,22.4201,22.4475,37.8,55,100
2026-03-12 22:44:12,37.821,22.454,37.8535,37.7881,22.443,22.4659,37.8,55,90.3738906884742
2026-03-12 22:44:12,37.801,22.428,37.8132,37.7881,22.4384,22.417,37.8,55,100
2026-03-12 22:44:12,37.801,22.428,37.7931,37.8082,22.4231,22.4323,37.8,55,99.22594090217875
2026-03-12 22:44:12,37.811,22.435,37.7729,37.8485,22.4338,22.4353,37.8,55,95.92369649608223
2026-03-12 22:44:13,37.871,22.429,37.8535,37.8888,22.4063,22.4521,37.8,55,76.45481431700244
2026-03-12 22:44:13,37.851,22.39,37.8737,37.8283,22.3835,22.3972,37.8,55,84.16624223677793
2026-03-12 22:44:13,37.801,22.416,37.7931,37.8082,22.4109,22.4201,37.8,55,98.51349541243945
2026-03-12 22:44:14,37.841,22.407,37.8334,37.8485,22.3667,22.4475,37.8,55,83.08906984395666
2026-03-12 22:44:14,37.811,22.399,37.8132,37.8082,22.3529,22.4445,37.8,55,93.83895125066414
2026-03-12 22:44:14,37.811,22.349,37.8334,37.7881,22.3423,22.356,37.8,55,92.22358108639712
2026-03-12 22:44:14,37.811,22.361,37.8334,37.7881,22.3423,22.3804,37.8,55,91.97775965202236
2026-03-12 22:44:15,37.851,22.384,37.8737,37.8283,22.359,22.4094,37.8,55,78.61250439065026
2026-03-12 22:44:15,37.911,22.342,37.9341,37.8888,22.3301,22.3545,37.8,55,59.618606156203384
2026-03-12 22:44:15,37.841,22.371,37.8737,37.8082,22.3468,22.3957,37.8,55,82.83474001354426
2026-03-12 22:44:15,37.851,22.391,37.8938,37.8082,22.3133,22.4689,37.8,55,75.44473396743706
2026-03-12 22:44:16,37.831,22.37,37.8737,37.7881,22.3346,22.4048,37.8,55,81.32131339918764
2026-03-12 22:44:16,37.841,22.352,37.8334,37.8485,22.3178,22.3865,37.8,55,76.43563425538066
2026-03-12 22:44:16,37.851,22.403,37.9139,37.7881,22.327,22.4781,37.8,55,72.69505676648774
2026-03-12 22:44:16,37.861,22.367,37.8938,37.8283,22.3011,22.4338,37.8,55,68.73092324892254
2026-03-12 22:44:17,37.861,22.343,37.8535,37.8686,22.2721,22.414,37.8,55,67.82261331123499
2026-03-12 22:44:17,37.901,22.329,37.9139,37.8888,22.2538,22.4033,37.8,55,53.33746632240422
2026-03-12 22:44:17,37.871,22.332,37.8938,37.8485,22.2889,22.3743,37.8,55,62.73395103029028
2026-03-12 22:44:17,37.871,22.313,37.8938,37.8485,22.2644,22.3621,37.8,55,59.77848391331334
2026-03-12 22:44:18,37.811,22.337,37.8334,37.7881,22.2812,22.3926,37.8,55,77.87055912856448
2026-03-12 22:44:18,37.901,22.377,37.8737,37.929,22.3346,22.4201,37.8,55,45.36934748274147
2026-03-12 22:44:18,37.901,22.347,37.9542,37.8485,22.3194,22.3743,37.8,55,47.21603967167633
2026-03-12 22:44:19,37.881,22.327,37.8535,37.9089,22.2843,22.3697,37.8,55,51.51812885425801
2026-03-12 22:44:19,37.851,22.305,37.9139,37.7881,22.2538,22.356,37.8,55,58.63444905500197
2026-03-12 22:44:19,37.881,22.321,37.9341,37.8283,22.2568,22.385,37.8,55,46.28600463020464
2026-03-12 22:44:19,37.911,22.318,37.9341,37.8888,22.2446,22.3911,37.8,55,36.00551240521767
2026-03-12 22:44:20,37.942,22.321,37.9744,37.9089,22.2354,22.4063,37.8,55,24.72684537312518
2026-03-12 22:44:20,37.962,22.329,38.0348,37.8888,22.2309,22.4277,37.8,55,16.408352500419603
2026-03-12 22:44:20,37.992,22.332,38.0549,37.929,22.2324,22.4323,37.8,55,3.8599124321708054
2026-03-12 22:44:20,37.901,22.25,37.9341,37.8686,22.1592,22.3407,37.8,55,30.78615659048738
2026-03-12 22:44:21,37.972,22.264,37.9945,37.9492,22.1775,22.3499,37.8,55,1.0877740334188144
2026-03-12 22:44:21,37.992,22.26,37.9945,37.9895,22.153,22.3667,37.8,55,0
2026-03-12 22:44:21,37.972,22.263,38.0146,37.929,22.179,22.3468,37.8,55,0
2026-03-12 22:44:21,37.921,22.233,37.9744,37.8686,22.15,22.3163,37.8,55,9.08266803372084
2026-03-12 22:44:22,38.032,22.245,38.1154,37.9492,22.1408,22.3499,37.8,55,0
2026-03-12 22:44:22,37.932,22.198,37.9945,37.8686,22.092,22.3041,37.8,55,0.31336924719169534
2026-03-12 22:44:22,37.972,22.196,38.0146,37.929,22.1057,22.2858,37.8,55,0
2026-03-12 22:44:22,37.952,22.188,38.0751,37.8283,22.0645,22.3117,37.8,55,0
2026-03-12 22:44:23,37.992,22.174,38.0549,37.929,22.0127,22.3346,37.8,55,0
2026-03-12 22:44:23,37.972,22.197,38.0348,37.9089,22.0478,22.3453,37.8,55,0
2026-03-12 22:44:23,37.982,22.148,38.0146,37.9492,22.0203,22.2766,37.8,55,0
2026-03-12 22:44:24,38.012,22.164,38.1154,37.9089,22.0066,22.3209,37.8,55,0
2026-03-12 22:44:24,38.032,22.184,38.1355,37.929,22.0706,22.298,37.8,55,0
2026-03-12 22:44:24,38.073,22.158,38.1556,37.9895,22.0233,22.2934,37.8,55,0
2026-03-12 22:44:24,38.002,22.059,38.0348,37.9693,21.9013,22.2171,37.8,55,0
2026-03-12 22:44:25,38.032,22.074,38.1154,37.9492,21.9211,22.2278,37.8,55,0
2026-03-12 22:44:25,38.032,22.074,38.0952,37.9693,21.9318,22.2171,37.8,55,0
2026-03-12 22:44:25,38.062,22.127,38.1355,37.9895,21.9364,22.3178,37.8,55,0
2026-03-12 22:44:25,38.032,22.093,38.0549,38.0096,21.9394,22.2461,37.8,55,0
2026-03-12 22:44:26,38.073,22.09,38.1154,38.0298,21.9699,22.211,37.8,55,0
2026-03-12 22:44:26,38.032,22.112,38.0751,37.9895,21.9791,22.2446,37.8,55,0
2026-03-12 22:44:26,38.052,22.089,38.0952,38.0096,21.9318,22.2461,37.8,55,0
2026-03-12 22:44:26,38.042,22.076,38.0952,37.9895,21.944,22.208,37.8,55,0
2026-03-12 22:44:27,38.032,22.099,38.1355,37.929,21.9608,22.237,37.8,55,0
2026-03-12 22:44:27,38.073,22.103,38.1959,37.9492,21.9181,22.2889,37.8,55,0
2026-03-12 22:44:27,37.992,22.113,38.0952,37.8888,21.9074,22.3178,37.8,55,0
2026-03-12 22:44:27,38.002,22.029,38.0549,37.9492,21.854,22.2034,37.8,55,0
2026-03-12 22:44:28,38.083,22.068,38.1959,37.9693,21.9059,22.2293,37.8,55,0
2026-03-12 22:44:28,38.073,22.061,38.1556,37.9895,21.8891,22.2324,37.8,55,0
2026-03-12 22:44:28,38.093,22.057,38.1758,38.0096,21.9287,22.1851,37.8,55,0
2026-03-12 22:44:29,38.073,22.055,38.1556,37.9895,21.9135,22.1958,37.8,55,0
2026-03-12 22:44:29,38.103,22.07,38.1959,38.0096,21.9181,22.2217,37.8,55,0
2026-03-12 22:44:29,38.022,22.061,38.0952,37.9492,21.8952,22.2278,37.8,55,0
2026-03-12 22:44:29,38.093,22.056,38.1556,38.0298,21.9013,22.211,37.8,55,0
2026-03-12 22:44:30,38.093,22.1,38.2161,37.9693,21.9333,22.266,37.8,55,0
2026-03-12 22:44:30,38.073,22.061,38.1758,37.9693,21.8799,22.2416,37.8,55,0
2026-03-12 22:44:30,38.073,22.06,38.1154,38.0298,21.8967,22.2232,37.8,55,0
2026-03-12 22:44:30,38.123,22.036,38.1758,38.07,21.8799,22.1912,37.8,55,0
2026-03-12 22:44:31,38.113,22.065,38.2362,37.9895,21.886,22.2446,37.8,55,0
2026-03-12 22:44:31,38.093,22.117,38.1556,38.0298,21.9379,22.2965,37.8,55,0
2026-03-12 22:44:31,38.093,22.075,38.1959,37.9895,21.8936,22.2568,37.8,55,0
2026-03-12 22:44:31,38.093,22.105,38.1556,38.0298,21.9257,22.2843,37.8,55,0
2026-03-12 22:44:32,38.093,22.142,38.1959,37.9895,21.9669,22.3178,37.8,55,0
2026-03-12 22:44:32,38.093,22.081,38.1556,38.0298,21.9013,22.2599,37.8,55,0
2026-03-12 22:44:32,38.113,22.119,38.1959,38.0298,21.9425,22.2965,37.8,55,0
2026-03-12 22:44:32,38.062,22.053,38.1556,37.9693,21.9013,22.2049,37.8,55,0
2026-03-12 22:44:33,38.113,22.065,38.2161,38.0096,21.9089,22.2217,37.8,55,0
2026-03-12 22:44:33,38.062,22.078,38.0952,38.0298,21.9196,22.2354,37.8,55,0
2026-03-12 22:44:33,38.163,22.065,38.2161,38.1103,21.9089,22.2202,37.8,55,0
2026-03-12 22:44:34,38.113,22.022,38.1556,38.07,21.8402,22.2034,37.8,55,0
2026-03-12 22:44:34,38.042,22.064,38.0952,37.9895,21.883,22.2446,37.8,55,0
2026-03-12 22:44:34,38.113,22.102,38.2161,38.0096,21.9455,22.2583,37.8,55,0
2026-03-12 22:44:34,38.083,22.068,38.1556,38.0096,21.8647,22.2705,37.8,55,0
2026-03-12 22:44:35,38.083,22.061,38.1959,37.9693,21.9181,22.2049,37.8,55,0
2026-03-12 22:44:35,38.093,22.039,38.2161,37.9693,21.8845,22.1927,37.8,55,0
2026-03-12 22:44:35,38.103,22.015,38.1959,38.0096,21.8204,22.2095,37.8,55,0
2026-03-12 22:44:35,38.153,22.052,38.2161,38.0902,21.8601,22.2431,37.8,55,0
2026-03-12 22:44:36,38.133,22.055,38.1959,38.07,21.8692,22.24,37.8,55,0
2026-03-12 22:44:36,38.133,22.079,38.1959,38.07,21.9181,22.24,37.8,55,0
2026-03-12 22:44:36,38.103,22.064,38.1959,38.0096,21.8814,22.2461,37.8,55,0
2026-03-12 22:44:36,38.133,22.074,38.1758,38.0902,21.9043,22.2431,37.8,55,0
2026-03-12 22:44:37,38.113,22.077,38.1959,38.0298,21.8814,22.2721,37.8,55,0
2026-03-12 22:44:37,38.103,22.052,38.2161,37.9895,21.8967,22.208,37.8,55,0
2026-03-12 22:44:37,38.123,22.042,38.1758,38.07,21.8921,22.1912,37.8,55,0
2026-03-12 22:44:37,38.103,22.009,38.1959,38.0096,21.8692,22.1485,37.8,55,0
2026-03-12 22:44:38,38.103,22.003,38.1959,38.0096,21.857,22.1485,37.8,55,0
2026-03-12 22:44:38,38.133,22.055,38.2161,38.0499,21.8967,22.2141,37.8,55,0
2026-03-12 22:44:38,38.113,22.04,38.1959,38.0298,21.857,22.2232,37.8,55,0
2026-03-12 22:44:39,38.203,21.965,38.2765,38.1305,21.7807,22.15,37.8,55,0
2026-03-12 22:44:39,38.093,22.026,38.1959,37.9895,21.796,22.2568,37.8,55,0
2026-03-12 22:44:39,38.123,22.011,38.2161,38.0298,21.799,22.2232,37.8,55,0
2026-03-12 22:44:39,38.153,21.997,38.2161,38.0902,21.799,22.1942,37.8,55,0
2026-03-12 22:44:40,38.103,21.991,38.1758,38.0298,21.8189,22.1622,37.8,55,0
2026-03-12 22:44:40,38.103,21.979,38.2161,37.9895,21.8112,22.1469,37.8,55,0
2026-03-12 22:44:40,38.083,21.958,38.1959,37.9693,21.8448,22.0706,37.8,55,0
2026-03-12 22:44:40,38.153,21.971,38.2362,38.07,21.8372,22.1057,37.8,55,0
2026-03-12 22:44:41,38.133,22.013,38.1758,38.0902,21.8555,22.1698,37.8,55,0
2026-03-12 22:44:41,38.133,21.988,38.2161,38.0499,21.8479,22.1286,37.8,55,0
2026-03-12 22:44:41,38.183,22.0,38.2564,38.1103,21.8769,22.1225,37.8,55,0
2026-03-12 22:44:41,38.193,21.982,38.2765,38.1103,21.8296,22.1347,37.8,55,0
2026-03-12 22:44:42,38.093,21.984,38.2161,37.9693,21.8723,22.0951,37.8,55,0
2026-03-12 22:44:42,38.143,21.995,38.2362,38.0499,21.8616,22.1286,37.8,55,0
2026-03-12 22:44:42,38.153,21.978,38.2564,38.0499,21.8769,22.0798,37.8,55,0
2026-03-12 22:44:42,38.113,21.992,38.1758,38.0499,21.8555,22.1286,37.8,55,0
2026-03-12 22:44:43,38.173,21.968,38.2765,38.07,21.8296,22.1057,37.8,55,0
2026-03-12 22:44:43,38.123,21.993,38.1758,38.07,21.8555,22.1302,37.8,55,0
2026-03-12 22:44:43,38.133,21.952,38.2161,38.0499,21.8112,22.092,37.8,55,0
2026-03-12 22:44:44,38.123,21.962,38.1556,38.0902,21.8158,22.1088,37.8,55,0
2026-03-12 22:44:44,38.103,21.948,38.1959,38.0096,21.8326,22.063,37.8,55,0
2026-03-12 22:44:44,38.153,21.971,38.2362,38.07,21.8738,22.0691,37.8,55,0
2026-03-12 22:44:44,38.093,21.947,38.1355,38.0499,21.8143,22.0798,37.8,55,0
2026-03-12 22:44:45,38.133,21.946,38.1758,38.0902,21.8311,22.06,37.8,55,0
2026-03-12 22:44:45,38.123,21.993,38.2161,38.0298,21.9089,22.0768,37.8,55,0
2026-03-12 22:44:45,38.133,21.994,38.1758,38.0902,21.8433,22.1454,37.8,55,0
2026-03-12 22:44:45,38.143,22.001,38.1556,38.1305,21.8524,22.15,37.8,55,0
2026-03-12 22:44:46,38.103,21.985,38.2161,37.9895,21.8845,22.0859,37.8,55,0
2026-03-12 22:44:46,38.163,21.985,38.2564,38.07,21.8647,22.1057,37.8,55,0
2026-03-12 22:44:46,38.093,21.953,38.2161,37.9693,21.8601,22.0462,37.8,55,0
2026-03-12 22:44:46,38.113,21.98,38.1355,38.0902,21.8753,22.0844,37.8,55,0
2026-03-12 22:44:47,38.103,21.978,38.1154,38.0902,21.8357,22.121,37.8,55,0
2026-03-12 22:44:47,38.173,21.987,38.2161,38.1305,21.8479,22.1256,37.8,55,0
2026-03-12 22:44:47,38.173,21.993,38.2564,38.0902,21.8647,22.121,37.8,55,0
2026-03-12 22:44:47,38.113,21.998,38.2161,38.0096,21.8479,22.1485,37.8,55,0
2026-03-12 22:44:48,38.123,21.944,38.1758,38.07,21.8555,22.0325,37.8,55,0
2026-03-12 22:44:48,38.143,21.989,38.1959,38.0902,21.8692,22.1088,37.8,55,0
2026-03-12 22:44:48,38.143,21.977,38.1758,38.1103,21.8677,22.0859,37.8,55,0
2026-03-12 22:44:49,38.113,21.961,38.1556,38.07,21.8158,22.1057,37.8,55,0
2026-03-12 22:44:49,38.123,21.981,38.1959,38.0499,21.8814,22.0798,37.8,55,0
2026-03-12 22:44:49,38.123,21.999,38.1556,38.0902,21.8647,22.1332,37.8,55,0
2026-03-12 22:44:49,38.163,21.979,38.2161,38.1103,21.8967,22.0615,37.8,55,0
2026-03-12 22:44:50,38.083,21.982,38.0952,38.07,21.8585,22.1057,37.8,55,0
2026-03-12 22:44:50,38.143,22.001,38.1959,38.0902,21.8814,22.121,37.8,55,0
2026-03-12 22:44:50,38.113,21.979,38.1556,38.07,21.9135,22.0447,37.8,55,0
2026-03-12 22:44:50,38.123,21.987,38.1758,38.07,21.8677,22.1057,37.8,55,0
2026-03-12 22:44:51,38.143,22.001,38.1758,38.1103,21.8799,22.1225,37.8,55,0
2026-03-12 22:44:51,38.133,22.043,38.1758,38.0902,21.9165,22.1698,37.8,55,0
2026-03-12 22:44:51,38.133,22.049,38.1758,38.0902,21.9532,22.1454,37.8,55,0
2026-03-12 22:44:51,38.143,22.05,38.1959,38.0902,21.9181,22.182,37.8,55,0
2026-03-12 22:44:52,38.133,22.055,38.1959,38.07,21.9303,22.179,37.8,55,0
2026-03-12 22:44:52,38.103,22.015,38.0952,38.1103,21.9318,22.0981,37.8,55,0
2026-03-12 22:44:52,38.083,22.019,38.1154,38.0499,21.9089,22.1286,37.8,55,0
2026-03-12 22:44:52,38.163,22.016,38.2362,38.0902,21.9348,22.0966,37.8,55,0
2026-03-12 22:44:53,38.113,22.01,38.1758,38.0499,21.9043,22.1164,37.8,55,0
2026-03-12 22:44:53,38.133,22.042,38.1556,38.1103,21.9135,22.1714,37.8,55,0
2026-03-12 22:44:53,38.123,22.011,38.1758,38.07,21.9165,22.1057,37.8,55,0
2026-03-12 22:44:54,38.133,22.012,38.1959,38.07,21.9181,22.1057,37.8,55,0
2026-03-12 22:44:54,38.123,22.017,38.1556,38.0902,21.9135,22.121,37.8,55,0
2026-03-12 22:44:54,38.093,21.99,38.1758,38.0096,21.9165,22.063,37.8,55,0
2026-03-12 22:44:54,38.123,21.981,38.1556,38.0902,21.8891,22.0722,37.8,55,0
2026-03-12 22:44:55,38.083,21.97,38.1355,38.0298,21.8753,22.0645,37.8,55,0
2026-03-12 22:44:55,38.073,21.981,38.0952,38.0499,21.8952,22.0676,37.8,55,0
2026-03-12 22:44:55,38.163,22.022,38.2564,38.07,21.9501,22.0935,37.8,55,0
2026-03-12 22:44:55,38.103,22.015,38.1355,38.07,21.9364,22.0935,37.8,55,0
2026-03-12 22:44:56,38.123,22.036,38.1154,38.1305,21.9455,22.1256,37.8,55,0
2026-03-12 22:44:56,38.073,22.024,38.0549,38.0902,21.9028,22.1454,37.8,55,0
2026-03-12 22:44:56,38.113,22.016,38.1758,38.0499,21.9409,22.092,37.8,55,0
2026-03-12 22:44:56,38.113,22.004,38.1154,38.1103,21.9211,22.0859,37.8,55,0
2026-03-12 22:44:57,38.083,21.933,38.0549,38.1103,21.8173,22.0493,37.8,55,0
2026-03-12 22:44:57,38.123,21.981,38.1355,38.1103,21.8753,22.0859,37.8,55,0
2026-03-12 22:44:57,38.093,22.007,38.1154,38.07,21.8845,22.1302,37.8,55,0
2026-03-12 22:44:57,38.073,22.005,38.1154,38.0298,21.8479,22.1622,37.8,55,0
2026-03-12 22:44:58,38.123,21.975,38.1154,38.1305,21.8479,22.1012,37.8,55,0
2026-03-12 22:44:58,38.083,22.007,38.0751,38.0902,21.8692,22.1454,37.8,55,0
2026-03-12 22:44:58,38.123,22.005,38.1355,38.1103,21.9242,22.0859,37.8,55,0
2026-03-12 22:44:59,38.073,22.017,38.1154,38.0298,21.9455,22.089,37.8,55,0
2026-03-12 22:44:59,38.083,22.074,38.0952,38.07,21.9684,22.179,37.8,55,0
2026-03-12 22:44:59,38.093,22.002,38.0751,38.1103,21.9181,22.0859,37.8,55,0
2026-03-12 22:44:59,38.073,22.017,38.1154,38.0298,21.9333,22.1012,37.8,55,0
2026-03-12 22:45:00,38.123,22.066,38.0952,38.1506,21.9928,22.1393,37.8,55,0
2026-03-12 22:45:00,38.083,22.025,38.1556,38.0096,21.9989,22.0508,37.8,55,0
2026-03-12 22:45:00,38.113,22.041,38.0952,38.1305,21.9684,22.1134,37.8,55,0
2026-03-12 22:45:00,38.062,22.023,38.0549,38.07,21.9638,22.0813,37.8,55,0
2026-03-12 22:45:01,38.093,22.026,38.1154,38.07,21.9699,22.0813,37.8,55,0
2026-03-12 22:45:01,38.052,22.016,38.0348,38.07,21.9379,22.0935,37.8,55,0
2026-03-12 22:45:01,38.073,22.017,38.1154,38.0298,21.9577,22.0768,37.8,55,0
2026-03-12 22:45:01,38.073,22.06,38.1154,38.0298,21.9821,22.1378,37.8,55,0
2026-03-12 22:45:02,38.093,22.02,38.1154,38.07,21.9821,22.0569,37.8,55,0
2026-03-12 22:45:02,38.083,22.019,38.0952,38.07,21.9806,22.0569,37.8,55,0
2026-03-12 22:45:02,38.022,22.049,38.0549,37.9895,22.0005,22.0981,37.8,55,0
2026-03-12 22:45:02,38.083,22.037,38.0952,38.07,21.9928,22.0813,37.8,55,0
2026-03-12 22:45:03,38.103,22.058,38.0751,38.1305,22.0157,22.1012,37.8,55,0
2026-03-12 22:45:03,38.083,22.061,38.1154,38.0499,22.0066,22.1164,37.8,55,0
2026-03-12 22:45:03,38.093,22.045,38.0952,38.0902,22.0294,22.06,37.8,55,0
2026-03-12 22:45:03,38.032,22.05,38.0549,38.0096,22.0005,22.0996,37.8,55,0
2026-03-12 22:45:04,38.052,22.077,38.0751,38.0298,22.0157,22.1378,37.8,55,0
2026-03-12 22:45:04,38.042,22.064,38.0751,38.0096,22.0035,22.1241,37.8,55,0
2026-03-12 22:45:04,38.083,22.074,38.0952,38.07,22.0172,22.1302,37.8,55,0
2026-03-12 22:45:05,38.073,22.11,38.0751,38.07,22.0523,22.1668,37.8,55,0
2026-03-12 22:45:05,38.113,22.077,38.1556,38.07,22.0478,22.1057,37.8,55,0
2026-03-12 22:45:05,38.073,22.067,38.0549,38.0902,22.0249,22.1088,37.8,55,0
2026-03-12 22:45:05,38.093,22.057,38.0751,38.1103,22.0279,22.0859,37.8,55,0
2026-03-12 22:45:06,38.042,22.033,38.0549,38.0298,22.0005,22.0645,37.8,55,0
2026-03-12 22:45:06,38.032,22.074,38.0549,38.0096,22.0249,22.1241,37.8,55,0
2026-03-12 22:45:06,38.002,22.059,37.9341,38.07,22.0127,22.1057,37.8,55,0
2026-03-12 22:45:06,38.062,22.053,38.0146,38.1103,22.0203,22.0859,37.8,55,0
2026-03-12 22:45:07,38.042,22.063,38.1154,37.9693,22.0432,22.0829,37.8,55,0
2026-03-12 22:45:07,38.032,22.062,38.0549,38.0096,22.0127,22.1118,37.8,55,0
2026-03-12 22:45:07,38.002,22.053,37.9542,38.0499,22.0264,22.0798,37.8,55,0
2026-03-12 22:45:07,38.032,22.068,38.0146,38.0499,22.0081,22.1286,37.8,55,0
2026-03-12 22:45:08,38.042,22.088,38.0751,38.0096,22.0645,22.1118,37.8,55,0
2026-03-12 22:45:08,37.992,22.071,37.9341,38.0499,22.0493,22.092,37.8,55,0
2026-03-12 22:45:08,38.052,22.083,38.0751,38.0298,22.0523,22.1134,37.8,55,0
2026-03-12 22:45:08,38.042,22.045,38.0348,38.0499,22.0233,22.0676,37.8,55,0
2026-03-12 22:45:09,38.042,22.107,38.0751,38.0096,22.0645,22.1485,37.8,55,0
2026-03-12 22:45:09,38.042,22.113,38.0348,38.0499,22.0722,22.153,37.8,55,0
2026-03-12 22:45:09,38.022,22.11,38.0146,38.0298,22.0691,22.15,37.8,55,0
2026-03-12 22:45:10,38.002,22.101,37.9744,38.0298,22.0523,22.15,37.8,55,0
2026-03-12 22:45:10,38.022,22.098,38.0348,38.0096,22.06,22.1363,37.8,55,0
2026-03-12 22:45:10,38.032,22.136,38.0146,38.0499,22.0813,22.1897,37.8,55,0
2026-03-12 22:45:10,37.942,22.126,37.9542,37.929,22.0752,22.1759,37.8,55,0
2026-03-12 22:45:11,37.992,22.089,37.9945,37.9895,22.0554,22.1225,37.8,55,0
2026-03-12 22:45:11,38.012,22.109,38.0549,37.9693,22.0737,22.1439,37.8,55,0
2026-03-12 22:45:11,38.042,22.106,38.0146,38.07,22.0691,22.1424,37.8,55,0
2026-03-12 22:45:11,37.992,22.107,37.9542,38.0298,22.063,22.15,37.8,55,0
2026-03-12 22:45:12,38.032,22.105,38.0549,38.0096,22.0859,22.1241,37.8,55,0
2026-03-12 22:45:12,38.073,22.122,38.0348,38.1103,22.0966,22.1469,37.8,55,0
2026-03-12 22:45:12,37.962,22.104,37.9341,37.9895,22.0859,22.1225,37.8,55,0
2026-03-12 22:45:12,37.972,22.099,37.9341,38.0096,22.0615,22.1363,37.8,55,0
2026-03-12 22:45:13,38.002,22.163,38.0146,37.9895,22.1546,22.1714,37.8,55,0
2026-03-12 22:45:13,37.992,22.107,38.0146,37.9693,22.1057,22.1073,37.8,55,0
2026-03-12 22:45:13,37.952,22.127,37.9139,37.9895,22.1317,22.1225,37.8,55,0
2026-03-12 22:45:13,38.012,22.06,37.9542,38.07,22.0264,22.0935,37.8,55,0
2026-03-12 22:45:14,37.992,22.094,37.9542,38.0298,22.1118,22.0768,37.8,55,0
2026-03-12 22:45:14,37.942,22.107,37.9744,37.9089,22.089,22.1256,37.8,55,0
2026-03-12 22:45:14,38.012,22.17,37.9542,38.07,22.1363,22.2034,37.8,55,0
2026-03-12 22:45:15,37.972,22.136,37.9542,37.9895,22.0996,22.1714,37.8,55,0
2026-03-12 22:45:15,37.972,22.129,37.9744,37.9693,22.1134,22.1439,37.8,55,0
2026-03-12 22:45:15,37.992,22.161,38.0146,37.9693,22.118,22.2049,37.8,55,0
2026-03-12 22:45:15,38.012,22.152,38.0348,37.9895,22.1088,22.1958,37.8,55,0
2026-03-12 22:45:16,37.962,22.152,37.9744,37.9492,22.1134,22.1912,37.8,55,0
2026-03-12 22:45:16,37.992,22.138,37.9341,38.0499,22.1347,22.1408,37.8,55,0
2026-03-12 22:45:16,37.921,22.136,37.9341,37.9089,22.1469,22.1256,37.8,55,0
2026-03-12 22:45:16,37.942,22.168,37.9139,37.9693,22.2049,22.1317,37.8,55,0
2026-03-12 22:45:17,37.932,22.192,37.8938,37.9693,22.179,22.2049,37.8,55,0
2026-03-12 22:45:17,37.942,22.187,37.9139,37.9693,22.1805,22.1927,37.8,55,0
2026-03-12 22:45:17,37.942,22.199,37.8737,38.0096,22.1759,22.2217,37.8,55,0
2026-03-12 22:45:17,37.962,22.183,37.8737,38.0499,22.1759,22.1897,37.8,55,0
2026-03-12 22:45:18,37.942,22.181,37.9139,37.9693,22.1805,22.1805,37.8,55,0
2026-03-12 22:45:18,37.932,22.168,37.9139,37.9492,22.1927,22.1424,37.8,55,0
2026-03-12 22:45:18,37.952,22.17,37.9139,37.9895,22.1805,22.1592,37.8,55,0
2026-03-12 22:45:18,37.952,22.2,37.9341,37.9693,22.1958,22.2049,37.8,55,0
2026-03-12 22:45:19,37.952,22.17,37.9139,37.9895,22.1927,22.1469,37.8,55,0
2026-03-12 22:45:19,37.891,22.175,37.8737,37.9089,22.2126,22.1378,37.8,55,0
2026-03-12 22:45:19,37.932,22.192,37.9139,37.9492,22.2171,22.1668,37.8,55,0
2026-03-12 22:45:20,37.942,22.181,37.8938,37.9895,22.2034,22.1592,37.8,55,0
2026-03-12 22:45:20,37.871,22.167,37.8132,37.929,22.182,22.1515,37.8,55,0
2026-03-12 22:45:20,37.861,22.171,37.7931,37.929,22.2156,22.1271,37.8,55,0
2026-03-12 22:45:20,37.972,22.171,37.9139,38.0298,22.1927,22.15,37.8,55,0
2026-03-12 22:45:21,37.881,22.168,37.8737,37.8888,22.2004,22.1347,37.8,55,0
2026-03-12 22:45:21,37.901,22.194,37.8334,37.9693,22.208,22.1805,37.8,55,0
2026-03-12 22:45:21,37.932,22.235,37.9542,37.9089,22.2461,22.2232,37.8,55,0
2026-03-12 22:45:21,37.901,22.2,37.8334,37.9693,22.2202,22.1805,37.8,55,0
2026-03-12 22:45:22,37.982,22.216,37.9341,38.0298,22.2446,22.1866,37.8,55,0
2026-03-12 22:45:22,37.901,22.262,37.8535,37.9492,22.2599,22.2644,37.8,55,0
2026-03-12 22:45:22,37.942,22.248,37.8938,37.9895,22.2644,22.2324,37.8,55,0
2026-03-12 22:45:22,37.921,22.197,37.8938,37.9492,22.2522,22.1424,37.8,55,0
2026-03-12 22:45:23,37.911,22.208,37.8334,37.9895,22.2446,22.1714,37.8,55,0
2026-03-12 22:45:23,37.901,22.17,37.8737,37.929,22.237,22.1027,37.8,55,0
2026-03-12 22:45:23,37.901,22.226,37.8132,37.9895,22.2675,22.1836,37.8,55,0
2026-03-12 22:45:23,37.911,22.232,37.8737,37.9492,22.2736,22.1912,37.8,55,0
2026-03-12 22:45:24,37.901,22.207,37.8938,37.9089,22.2522,22.1622,37.8,55,0
2026-03-12 22:45:24,37.901,22.213,37.8737,37.929,22.2492,22.1759,37.8,55,0
2026-03-12 22:45:24,37.901,22.2,37.8737,37.929,22.2614,22.1393,37.8,55,0
2026-03-12 22:45:25,37.891,22.212,37.7931,37.9895,22.2644,22.1592,37.8,55,0
2026-03-12 22:45:25,37.891,22.206,37.8535,37.929,22.211,22.2004,37.8,55,0
2026-03-12 22:45:25,37.841,22.206,37.8132,37.8686,22.2309,22.182,37.8,55,0
2026-03-12 22:45:25,37.881,22.193,37.8132,37.9492,22.182,22.2034,37.8,55,0
2026-03-12 22:45:26,37.861,22.232,37.7931,37.929,22.2156,22.2492,37.8,55,0
2026-03-12 22:45:26,37.831,22.217,37.7931,37.8686,22.2278,22.2065,37.8,55,0
2026-03-12 22:45:26,37.891,22.218,37.8132,37.9693,22.2553,22.1805,37.8,55,0
2026-03-12 22:45:26,37.871,22.222,37.7729,37.9693,22.2507,22.1927,37.8,55,0
2026-03-12 22:45:27,37.851,22.232,37.7931,37.9089,22.2766,22.1866,37.8,55,0
2026-03-12 22:45:27,37.962,22.183,37.9139,38.0096,22.2049,22.1607,37.8,55,0
2026-03-12 22:45:27,37.871,22.106,37.7931,37.9492,22.0325,22.179,37.8,55,0
2026-03-12 22:45:27,37.861,22.154,37.7729,37.9492,22.1408,22.1668,37.8,55,0
2026-03-12 22:45:28,37.801,22.159,37.7729,37.8283,22.1653,22.153,37.8,55,2.478070161758524
2026-03-12 22:45:28,37.831,22.205,37.7931,37.8686,22.2034,22.2065,37.8,55,0
2026-03-12 22:45:28,37.821,22.191,37.7931,37.8485,22.2278,22.1546,37.8,55,0
2026-03-12 22:45:28,37.851,22.256,37.7931,37.9089,22.2522,22.2599,37.8,55,0
2026-03-12 22:45:29,37.851,22.275,37.7528,37.9492,22.298,22.2522,37.8,55,0
2026-03-12 22:45:29,37.881,22.303,37.8132,37.9492,22.3407,22.2644,37.8,55,0
2026-03-12 22:45:29,37.811,22.27,37.6924,37.929,22.3026,22.237,37.8,55,0.3337730429033239
2026-03-12 22:45:30,37.821,22.284,37.7528,37.8888,22.359,22.208,37.8,55,0
2026-03-12 22:45:30,37.811,22.264,37.7125,37.9089,22.3301,22.1988,37.8,55,0
2026-03-12 22:45:30,37.861,22.287,37.7931,37.929,22.3621,22.2126,37.8,55,0
2026-03-12 22:45:30,37.811,22.277,37.7528,37.8686,22.3468,22.2065,37.8,55,0
2026-03-12 22:45:31,37.811,22.307,37.7528,37.8686,22.359,22.2553,37.8,55,0
2026-03-12 22:45:31,37.841,22.28,37.7327,37.9492,22.3438,22.2156,37.8,55,0
2026-03-12 22:45:31,37.841,22.292,37.7528,37.929,22.3346,22.2492,37.8,55,0
2026-03-12 22:45:31,37.801,22.281,37.7125,37.8888,22.3056,22.2568,37.8,55,1.5649094574968554
2026-03-12 22:45:32,37.77,22.271,37.6924,37.8485,22.3514,22.1912,37.8,55,9.882104440133299
2026-03-12 22:45:32,37.811,22.301,37.7528,37.8686,22.3468,22.2553,37.8,55,0
2026-03-12 22:45:32,37.831,22.285,37.7528,37.9089,22.3468,22.2232,37.8,55,0
2026-03-12 22:45:32,37.831,22.303,37.7931,37.8686,22.3255,22.2797,37.8,55,0
2026-03-12 22:45:33,37.78,22.274,37.7528,37.8082,22.3468,22.2004,37.8,55,7.97428822158348
2026-03-12 22:45:33,37.78,22.322,37.7528,37.8082,22.3957,22.2492,37.8,55,6.0943787838979615
2026-03-12 22:45:33,37.811,22.301,37.7125,37.9089,22.3667,22.2354,37.8,55,0
2026-03-12 22:45:33,37.821,22.302,37.7729,37.8686,22.3972,22.2065,37.8,55,0
2026-03-12 22:45:34,37.821,22.29,37.7729,37.8686,22.3606,22.2187,37.8,55,0
2026-03-12 22:45:34,37.801,22.336,37.7327,37.8686,22.417,22.2553,37.8,55,0.6524696216533987
2026-03-12 22:45:34,37.801,22.287,37.7125,37.8888,22.3789,22.1958,37.8,55,0
2026-03-12 22:45:35,37.791,22.268,37.632,37.9492,22.2232,22.3133,37.8,55,2.9974506879652263
2026-03-12 22:45:35,37.73,22.274,37.6521,37.8082,22.3102,22.237,37.8,55,22.74929399164611
2026-03-12 22:45:35,37.811,22.319,37.6722,37.9492,22.3133,22.3255,37.8,55,0
2026-03-12 22:45:35,37.811,22.295,37.7125,37.9089,22.3423,22.2477,37.8,55,0
2026-03-12 22:45:36,37.791,22.317,37.7125,37.8686,22.3667,22.2675,37.8,55,4.7281562063273554
2026-03-12 22:45:36,37.811,22.344,37.7528,37.8686,22.4079,22.2797,37.8,55,0
2026-03-12 22:45:36,37.76,22.344,37.6521,37.8686,22.3835,22.3041,37.8,55,14.850826541957987
2026-03-12 22:45:36,37.75,22.324,37.6521,37.8485,22.4079,22.24,37.8,55,16.697639838441226
2026-03-12 22:45:37,37.801,22.367,37.7327,37.8686,22.4292,22.3041,37.8,55,0.6333740197714874
2026-03-12 22:45:37,37.811,22.325,37.7528,37.8686,22.4201,22.2309,37.8,55,0
2026-03-12 22:45:37,37.78,22.346,37.7125,37.8485,22.4033,22.2889,37.8,55,10.034135554895755
2026-03-12 22:45:37,37.76,22.338,37.6924,37.8283,22.4247,22.2507,37.8,55,15.626474206400854
2026-03-12 22:45:38,37.75,22.343,37.6118,37.8888,22.417,22.269,37.8,55,18.888254196313664
2026-03-12 22:45:38,37.76,22.356,37.632,37.8888,22.443,22.269,37.8,55,16.271102224000266
2026-03-12 22:45:38,37.73,22.377,37.6521,37.8082,22.4323,22.3224,37.8,55,27.46066532095455
2026-03-12 22:45:38,37.77,22.37,37.6722,37.8686,22.4231,22.3163,37.8,55,14.537186366728774
2026-03-12 22:45:39,37.74,22.335,37.632,37.8485,22.4063,22.2644,37.8,55,26.872397717017822
2026-03-12 22:45:39,37.71,22.29,37.5917,37.8283,22.3041,22.2751,37.8,55,36.68531476897672
2026-03-12 22:45:39,37.75,22.306,37.6722,37.8283,22.3743,22.2385,37.8,55,24.210553754788787
2026-03-12 22:45:40,37.72,22.315,37.6521,37.7881,22.3957,22.2339,37.8,55,36.99243248091937
2026-03-12 22:45:40,37.73,22.353,37.6118,37.8485,22.4292,22.2766,37.8,55,34.13241115143006
2026-03-12 22:45:40,37.73,22.353,37.632,37.8283,22.4186,22.2873,37.8,55,36.15385038115359
2026-03-12 22:45:40,37.73,22.383,37.632,37.8283,22.4674,22.2995,37.8,55,37.71909835880178
2026-03-12 22:45:41,37.74,22.391,37.6722,37.8082,22.4598,22.3224,37.8,55,36.00461300197678
2026-03-12 22:45:41,37.77,22.369,37.6924,37.8485,22.4491,22.2889,37.8,55,27.963626125265094
2026-03-12 22:45:41,37.7,22.374,37.5917,37.8082,22.4506,22.298,37.8,55,52.96056174070905
2026-03-12 22:45:41,37.77,22.387,37.6521,37.8888,22.4567,22.3178,37.8,55,29.047186343361695
2026-03-12 22:45:42,37.73,22.383,37.6924,37.7679,22.4857,22.2812,37.8,55,46.02952703631597
2026-03-12 22:45:42,37.73,22.365,37.6521,37.8082,22.4689,22.2614,37.8,55,45.77244541545288
2026-03-12 22:45:42,37.74,22.396,37.632,37.8485,22.5162,22.2766,37.8,55,44.05842246742723
2026-03-12 22:45:42,37.72,22.401,37.632,37.8082,22.5162,22.2858,37.8,55,52.41612073039609
2026-03-12 22:45:43,37.73,22.383,37.632,37.8283,22.4918,22.2751,37.8,55,50.01279560863381
2026-03-12 22:45:43,37.75,22.435,37.632,37.8686,22.5284,22.3407,37.8,55,45.474598836381354
2026-03-12 22:45:43,37.69,22.446,37.5917,37.7881,22.5483,22.3438,37.8,55,67.18368138769065
2026-03-12 22:45:43,37.72,22.455,37.6521,37.7881,22.5299,22.3804,37.8,55,57.06664024062637
2026-03-12 22:45:44,37.67,22.438,37.6118,37.7276,22.5269,22.3499,37.8,55,76.62265854528856
2026-03-12 22:45:44,37.76,22.423,37.6521,37.8686,22.5177,22.3285,37.8,55,47.7298811085719
2026-03-12 22:45:44,37.7,22.423,37.5917,37.8082,22.536,22.3102,37.8,55,72.40832893881098
2026-03-12 22:45:45,37.69,22.416,37.5514,37.8283,22.5193,22.3117,37.8,55,75.18977250454142
2026-03-12 22:45:45,37.67,22.419,37.5917,37.7478,22.4994,22.3392,37.8,55,83.75228772593846
2026-03-12 22:45:45,37.7,22.429,37.6118,37.7881,22.5391,22.3194,37.8,55,75.90572866246738
2026-03-12 22:45:45,37.73,22.414,37.6521,37.8082,22.4445,22.3835,37.8,55,69.67137749507376
2026-03-12 22:45:46,37.65,22.411,37.5917,37.7075,22.475,22.3468,37.8,55,98.84337919781397
2026-03-12 22:45:46,37.7,22.399,37.632,37.7679,22.4918,22.3056,37.8,55,82.14933775806213
2026-03-12 22:45:46,37.67,22.389,37.5917,37.7478,22.4872,22.2904,37.8,55,96.50462202328961
2026-03-12 22:45:46,37.65,22.448,37.5312,37.7679,22.5666,22.3301,37.8,55,100
2026-03-12 22:45:47,37.7,22.411,37.6118,37.7881,22.5147,22.3072,37.8,55,90.64494651358882
2026-03-12 22:45:47,37.68,22.439,37.632,37.7276,22.5528,22.3255,37.8,55,100
2026-03-12 22:45:47,37.68,22.421,37.5715,37.7881,22.5101,22.3316,37.8,55,100
2026-03-12 22:45:47,37.7,22.405,37.5917,37.8082,22.5116,22.298,37.8,55,99.61781883608154
2026-03-12 22:45:48,37.71,22.43,37.5917,37.8283,22.536,22.3239,37.8,55,99.48665411659931
2026-03-12 22:45:48,37.69,22.398,37.5715,37.8082,22.5223,22.2736,37.8,55,100
2026-03-12 22:45:48,37.69,22.422,37.5917,37.7881,22.4994,22.3438,37.8,55,100
2026-03-12 22:45:48,37.66,22.449,37.5917,37.7276,22.5483,22.3499,37.8,55,100
2026-03-12 22:45:49,37.67,22.425,37.5514,37.7881,22.5437,22.3072,37.8,55,100
2026-03-12 22:45:49,37.68,22.427,37.5715,37.7881,22.5467,22.3072,37.8,55,100
2026-03-12 22:45:49,37.69,22.447,37.5715,37.8082,22.5467,22.3468,37.8,55,100
2026-03-12 22:45:50,37.69,22.44,37.5917,37.7881,22.5483,22.3316,37.8,55,100
2026-03-12 22:45:50,37.69,22.422,37.5514,37.8283,22.5193,22.3239,37.8,55,100
2026-03-12 22:45:50,37.7,22.423,37.6118,37.7881,22.5025,22.3438,37.8,55,100
2026-03-12 22:45:50,37.69,22.446,37.5917,37.7881,22.5238,22.3682,37.8,55,100
2026-03-12 22:45:51,37.68,22.439,37.6118,37.7478,22.5391,22.3392,37.8,55,100
2026-03-12 22:45:51,37.73,22.457,37.632,37.8283,22.5528,22.3606,37.8,55,100
2026-03-12 22:45:51,37.7,22.429,37.632,37.7679,22.5284,22.3301,37.8,55,100
2026-03-12 22:45:51,37.67,22.438,37.5917,37.7478,22.5483,22.327,37.8,55,100
2026-03-12 22:45:52,37.7,22.435,37.5917,37.8082,22.5483,22.3224,37.8,55,100
2026-03-12 22:45:52,37.7,22.404,37.6521,37.7478,22.5055,22.3026,37.8,55,100
2026-03-12 22:45:52,37.7,22.435,37.6118,37.7881,22.5269,22.3438,37.8,55,100
2026-03-12 22:45:52,37.66,22.48,37.5514,37.7679,22.5681,22.3911,37.8,55,100
2026-03-12 22:45:53,37.68,22.445,37.5917,37.7679,22.536,22.3545,37.8,55,100
2026-03-12 22:45:53,37.7,22.435,37.5917,37.8082,22.4994,22.3713,37.8,55,100
2026-03-12 22:45:53,37.73,22.475,37.632,37.8283,22.5528,22.3972,37.8,55,100
2026-03-12 22:45:53,37.7,22.453,37.6521,37.7478,22.5299,22.3758,37.8,55,100
2026-03-12 22:45:54,37.66,22.449,37.5715,37.7478,22.5345,22.3636,37.8,55,100
2026-03-12 22:45:54,37.73,22.451,37.6521,37.8082,22.5299,22.3713,37.8,55,100
2026-03-12 22:45:54,37.69,22.458,37.6521,37.7276,22.5299,22.3865,37.8,55,100
2026-03-12 22:45:55,37.71,22.442,37.632,37.7881,22.4918,22.3926,37.8,55,100
2026-03-12 22:45:55,37.71,22.454,37.632,37.7881,22.5162,22.3926,37.8,55,100
2026-03-12 22:45:55,37.7,22.411,37.6118,37.7881,22.4903,22.3316,37.8,55,100
2026-03-12 22:45:55,37.69,22.409,37.6521,37.7276,22.4811,22.3377,37.8,55,100
2026-03-12 22:45:56,37.7,22.386,37.6521,37.7478,22.4323,22.3392,37.8,55,100
2026-03-12 22:45:56,37.67,22.383,37.5715,37.7679,22.4491,22.3178,37.8,55,100
2026-03-12 22:45:56,37.7,22.405,37.632,37.7679,22.4918,22.3178,37.8,55,100
2026-03-12 22:45:56,37.72,22.389,37.6722,37.7679,22.4598,22.3178,37.8,55,100
2026-03-12 22:45:57,37.73,22.432,37.6924,37.7679,22.4857,22.3789,37.8,55,100
2026-03-12 22:45:57,37.75,22.428,37.7125,37.7881,22.4765,22.3804,37.8,55,100
2026-03-12 22:45:57,37.72,22.438,37.6722,37.7679,22.472,22.4033,37.8,55,100
2026-03-12 22:45:57,37.73,22.457,37.6521,37.8082,22.4811,22.4323,37.8,55,100
2026-03-12 22:45:58,37.71,22.412,37.6521,37.7679,22.4445,22.3789,37.8,55,100
2026-03-12 22:45:58,37.72,22.425,37.6722,37.7679,22.472,22.3789,37.8,55,100
2026-03-12 22:45:58,37.71,22.442,37.632,37.7881,22.4796,22.4048,37.8,55,100
2026-03-12 22:45:58,37.69,22.434,37.6521,37.7276,22.4567,22.4109,37.8,55,100
2026-03-12 22:45:59,37.72,22.406,37.6521,37.7881,22.4445,22.3682,37.8,55,100
2026-03-12 22:45:59,37.72,22.437,37.7327,37.7075,22.4537,22.4201,37.8,55,100
2026-03-12 22:45:59,37.73,22.426,37.6722,37.7881,22.4231,22.4292,37.8,55,100
2026-03-12 22:46:00,37.7,22.405,37.632,37.7679,22.4186,22.3911,37.8,55,100
2026-03-12 22:46:00,37.74,22.385,37.7125,37.7679,22.4277,22.3423,37.8,55,100
2026-03-12 22:46:00,37.76,22.374,37.7729,37.7478,22.3972,22.3514,37.8,55,100
2026-03-12 22:46:00,37.76,22.405,37.7327,37.7881,22.4048,22.4048,37.8,55,100
2026-03-12 22:46:01,37.73,22.402,37.6722,37.7881,22.3743,22.4292,37.8,55,100
2026-03-12 22:46:01,37.811,22.387,37.8132,37.8082,22.3896,22.3835,37.8,55,93.19691105319245
2026-03-12 22:46:01,37.78,22.383,37.7528,37.8082,22.4201,22.3468,37.8,55,100
2026-03-12 22:46:01,37.801,22.361,37.7729,37.8283,22.3484,22.3728,37.8,55,98.75973222022753
2026-03-12 22:46:02,37.78,22.358,37.7729,37.7881,22.3728,22.3438,37.8,55,100
2026-03-12 22:46:02,37.821,22.345,37.8132,37.8283,22.3774,22.3117,37.8,55,92.20282291199413
2026-03-12 22:46:02,37.801,22.354,37.8132,37.7881,22.3774,22.3316,37.8,55,100
2026-03-12 22:46:02,37.78,22.383,37.7931,37.7679,22.3499,22.4155,37.8,55,100
2026-03-12 22:46:03,37.791,22.348,37.7729,37.8082,22.3239,22.3713,37.8,55,100
2026-03-12 22:46:03,37.791,22.335,37.7931,37.7881,22.2766,22.3926,37.8,55,100
2026-03-12 22:46:03,37.77,22.333,37.7528,37.7881,22.2858,22.3804,37.8,55,100
2026-03-12 22:46:03,37.78,22.328,37.7327,37.8283,22.295,22.3606,37.8,55,100
2026-03-12 22:46:04,37.831,22.333,37.8132,37.8485,22.2675,22.3987,37.8,55,88.92073677941211
2026-03-12 22:46:04,37.78,22.322,37.7327,37.8283,22.2827,22.3606,37.8,55,100
2026-03-12 22:46:04,37.801,22.318,37.8132,37.7881,22.3041,22.3316,37.8,55,98.51372148392454
2026-03-12 22:46:05,37.791,22.335,37.8334,37.7478,22.3056,22.3636,37.8,55,100
2026-03-12 22:46:05,37.841,22.334,37.7931,37.8888,22.3011,22.3667,37.8,55,86.07489187572402
2026-03-12 22:46:05,37.811,22.306,37.7931,37.8283,22.3255,22.2873,37.8,55,97.27913485179612
2026-03-12 22:46:05,37.831,22.284,37.8334,37.8283,22.2202,22.3484,37.8,55,89.1046704094545
2026-03-12 22:46:06,37.881,22.29,37.8737,37.8888,22.2614,22.3178,37.8,55,72.92507253971938
2026-03-12 22:46:06,37.841,22.292,37.8535,37.8283,22.2599,22.3239,37.8,55,86.51544739442322
2026-03-12 22:46:06,37.831,22.303,37.8535,37.8082,22.2477,22.359,37.8,55,87.0538947077431
2026-03-12 22:46:06,37.851,22.232,37.8938,37.8082,22.2034,22.2614,37.8,55,79.34486255540371
2026-03-12 22:46:07,37.871,22.264,37.9139,37.8283,22.2293,22.2995,37.8,55,72.557814079488
2026-03-12 22:46:07,37.851,22.263,37.8938,37.8082,22.2156,22.3102,37.8,55,78.44131005737438
2026-03-12 22:46:07,37.871,22.271,37.8938,37.8485,22.2278,22.3133,37.8,55,69.82994275113761
2026-03-12 22:46:07,37.881,22.284,37.9341,37.8283,22.2202,22.3484,37.8,55,65.8758584409801
2026-03-12 22:46:08,37.881,22.235,37.9139,37.8485,22.1927,22.2766,37.8,55,64.5216839845121
2026-03-12 22:46:08,37.851,22.256,37.8132,37.8888,22.1698,22.3423,37.8,55,72.54784250937824
2026-03-12 22:46:08,37.871,22.216,37.8938,37.8485,22.1546,22.2766,37.8,55,63.4807576645308
2026-03-12 22:46:08,37.891,22.218,37.9744,37.8082,22.1622,22.2736,37.8,55,56.246316708855275
2026-03-12 22:46:09,37.861,22.148,37.8938,37.8283,22.0325,22.2629,37.8,55,64.9644637574559
2026-03-12 22:46:09,37.871,22.174,37.9341,37.8082,22.0493,22.298,37.8,55,58.9520052569349
2026-03-12 22:46:09,37.921,22.178,38.0146,37.8283,22.0935,22.2629,37.8,55,41.42209295508399
2026-03-12 22:46:10,37.911,22.19,37.9341,37.8888,22.0615,22.3178,37.8,55,44.27962506548048
2026-03-12 22:46:10,37.932,22.168,37.9542,37.9089,22.0874,22.2477,37.8,55,34.45347100483357
2026-03-12 22:46:10,37.891,22.139,37.8737,37.9089,22.0294,22.2477,37.8,55,45.909232360330876
2026-03-12 22:46:10,37.942,22.144,37.9542,37.929,22.063,22.2248,37.8,55,25.276506065912894
2026-03-12 22:46:11,37.932,22.125,37.9945,37.8686,22.0554,22.1942,37.8,55,27.7093157251753
2026-03-12 22:46:11,37.932,22.137,37.9542,37.9089,22.063,22.211,37.8,55,24.30277247974005
2026-03-12 22:46:11,37.921,22.129,37.9744,37.8686,22.0645,22.1942,37.8,55,24.95845562370443
2026-03-12 22:46:11,37.942,22.156,38.0348,37.8485,22.0356,22.2766,37.8,55,14.862192583492146
2026-03-12 22:46:12,37.932,22.148,38.0146,37.8485,22.0569,22.24,37.8,55,15.924076090128398
2026-03-12 22:46:12,37.901,22.17,37.9542,37.8485,22.0874,22.2522,37.8,55,22.68088247485082
2026-03-12 22:46:12,37.952,22.139,38.0348,37.8686,22.06,22.2187,37.8,55,2.282340159610553
2026-03-12 22:46:12,37.992,22.143,38.0549,37.929,22.0371,22.2492,37.8,55,0
2026-03-12 22:46:13,38.002,22.084,38.0952,37.9089,21.9806,22.1866,37.8,55,0
2026-03-12 22:46:13,37.992,22.077,38.0348,37.9492,21.9623,22.1912,37.8,55,0
2026-03-12 22:46:13,38.022,22.092,38.0751,37.9693,21.9913,22.1927,37.8,55,0
2026-03-12 22:46:13,37.962,22.049,38.0146,37.9089,21.8982,22.1988,37.8,55,0
2026-03-12 22:46:14,38.032,22.063,38.0751,37.9895,21.9303,22.1958,37.8,55,0
2026-03-12 22:46:14,37.972,22.068,38.0348,37.9089,21.9501,22.1866,37.8,55,0
2026-03-12 22:46:14,38.002,22.047,38.0348,37.9693,21.9257,22.1683,37.8,55,0
2026-03-12 22:46:15,37.982,22.106,38.0549,37.9089,21.9272,22.2843,37.8,55,0
2026-03-12 22:46:15,37.952,22.084,37.9945,37.9089,21.9455,22.2232,37.8,55,0
2026-03-12 22:46:15,37.992,22.101,38.0348,37.9492,21.9257,22.2766,37.8,55,0
2026-03-12 22:46:15,37.982,22.075,38.0751,37.8888,21.9425,22.208,37.8,55,0
2026-03-12 22:46:16,38.052,22.065,38.1154,37.9895,21.9211,22.208,37.8,55,0
2026-03-12 22:46:16,37.982,22.051,38.0549,37.9089,21.9028,22.1988,37.8,55,0
2026-03-12 22:46:16,38.022,22.043,38.0952,37.9492,21.8952,22.1912,37.8,55,0
2026-03-12 22:46:16,38.022,22.074,38.0751,37.9693,21.9425,22.2049,37.8,55,0
2026-03-12 22:46:17,38.002,22.053,38.1355,37.8686,21.912,22.1942,37.8,55,0
2026-03-12 22:46:17,38.062,22.066,38.1758,37.9492,21.9409,22.1912,37.8,55,0
2026-03-12 22:46:17,38.052,22.028,38.0952,38.0096,21.8463,22.2095,37.8,55,0
2026-03-12 22:46:17,38.093,22.1,38.1959,37.9895,21.9059,22.2934,37.8,55,0
2026-03-12 22:46:18,38.002,22.071,38.1154,37.8888,21.8845,22.2568,37.8,55,0
2026-03-12 22:46:18,38.062,22.048,38.1758,37.9492,21.8921,22.2034,37.8,55,0
2026-03-12 22:46:18,38.032,22.02,38.1154,37.9492,21.8479,22.1912,37.8,55,0
2026-03-12 22:46:18,38.093,22.106,38.1355,38.0499,21.9242,22.2873,37.8,55,0
2026-03-12 22:46:19,38.012,22.072,38.0952,37.929,21.883,22.2614,37.8,55,0
2026-03-12 22:46:19,38.093,22.051,38.2161,37.9693,21.8967,22.2049,37.8,55,0
2026-03-12 22:46:19,38.032,22.038,38.1154,37.9492,21.8723,22.2034,37.8,55,0
2026-03-12 22:46:20,38.062,22.016,38.1154,38.0096,21.8235,22.2095,37.8,55,0
2026-03-12 22:46:20,38.052,22.022,38.1154,37.9895,21.8479,22.1958,37.8,55,0
2026-03-12 22:46:20,38.032,22.013,38.1154,37.9492,21.8479,22.179,37.8,55,0
2026-03-12 22:46:20,38.093,21.984,38.2362,37.9492,21.8372,22.1302,37.8,55,0
2026-03-12 22:46:21,38.062,21.999,38.1758,37.9492,21.8189,22.179,37.8,55,0
2026-03-12 22:46:21,38.042,21.954,38.1355,37.9492,21.8021,22.1057,37.8,55,0
2026-03-12 22:46:21,38.133,21.981,38.2362,38.0298,21.8006,22.1622,37.8,55,0
2026-03-12 22:46:21,38.103,21.954,38.1758,38.0298,21.8067,22.1012,37.8,55,0
2026-03-12 22:46:22,38.052,22.004,38.1556,37.9492,21.8402,22.1668,37.8,55,0
2026-03-12 22:46:22,38.093,21.99,38.1758,38.0096,21.8433,22.1363,37.8,55,0
2026-03-12 22:46:22,38.113,22.035,38.2161,38.0096,21.8845,22.1851,37.8,55,0
2026-03-12 22:46:22,38.113,21.997,38.1959,38.0298,21.8448,22.15,37.8,55,0
2026-03-12 22:46:23,38.103,22.003,38.1556,38.0499,21.8402,22.1653,37.8,55,0
2026-03-12 22:46:23,38.133,21.964,38.2564,38.0096,21.8158,22.1118,37.8,55,0
2026-03-12 22:46:23,38.123,21.962,38.1959,38.0499,21.8082,22.1164,37.8,55,0
2026-03-12 22:46:23,38.113,21.937,38.1758,38.0499,21.8067,22.0676,37.8,55,0
2026-03-12 22:46:24,38.153,21.917,38.2564,38.0499,21.767,22.0676,37.8,55,0
2026-03-12 22:46:24,38.133,21.878,38.1758,38.0902,21.6968,22.06,37.8,55,0
2026-03-12 22:46:24,38.093,21.781,38.1556,38.0298,21.5106,22.0523,37.8,55,0
2026-03-12 22:46:25,38.062,21.925,38.1556,37.9693,21.6815,22.1683,37.8,55,0
2026-03-12 22:46:25,38.123,21.834,38.1959,38.0499,21.6373,22.031,37.8,55,0
2026-03-12 22:46:25,38.093,21.88,38.1959,37.9895,21.6983,22.0615,37.8,55,0
2026-03-12 22:46:25,38.143,21.897,38.1959,38.0902,21.7227,22.0722,37.8,55,0
2026-03-12 22:46:26,38.163,21.906,38.2564,38.07,21.767,22.0447,37.8,55,0
2026-03-12 22:46:26,38.163,21.9,38.2161,38.1103,21.7258,22.0737,37.8,55,0
2026-03-12 22:46:26,38.123,21.932,38.2161,38.0298,21.7624,22.1012,37.8,55,0
2026-03-12 22:46:26,38.143,21.971,38.2161,38.07,21.8112,22.1302,37.8,55,0
2026-03-12 22:46:27,38.133,21.914,38.2362,38.0298,21.7884,22.0401,37.8,55,0
2026-03-12 22:46:27,38.153,21.947,38.1959,38.1103,21.7838,22.1103,37.8,55,0
2026-03-12 22:46:27,38.123,21.932,38.1959,38.0499,21.7838,22.0798,37.8,55,0
2026-03-12 22:46:27,38.133,21.939,38.1959,38.07,21.7838,22.0935,37.8,55,0
2026-03-12 22:46:28,38.123,21.913,38.1959,38.0499,21.7838,22.0432,37.8,55,0
2026-03-12 22:46:28,38.133,21.914,38.2362,38.0298,21.7762,22.0523,37.8,55,0
2026-03-12 22:46:28,38.133,21.884,38.2362,38.0298,21.7639,22.0035,37.8,55,0
2026-03-12 22:46:28,38.153,21.892,38.2362,38.07,21.7762,22.0081,37.8,55,0
2026-03-12 22:46:29,38.113,21.9,38.1959,38.0298,21.7716,22.0279,37.8,55,0
2026-03-12 22:46:29,38.113,21.901,38.2161,38.0096,21.7746,22.0264,37.8,55,0
2026-03-12 22:46:29,38.203,21.928,38.2966,38.1103,21.7945,22.0615,37.8,55,0
2026-03-12 22:46:30,38.143,21.904,38.2362,38.0499,21.7762,22.031,37.8,55,0
2026-03-12 22:46:30,38.143,21.94,38.2362,38.0499,21.7762,22.1042,37.8,55,0
2026-03-12 22:46:30,38.133,21.866,38.2161,38.0499,21.7136,22.0188,37.8,55,0
2026-03-12 22:46:30,38.153,21.905,38.2564,38.0499,21.7182,22.092,37.8,55,0
2026-03-12 22:46:31,38.163,21.894,38.2362,38.0902,21.7395,22.0478,37.8,55,0
2026-03-12 22:46:31,38.143,21.873,38.2161,38.07,21.7258,22.0203,37.8,55,0
2026-03-12 22:46:31,38.173,21.901,38.2564,38.0902,21.767,22.0356,37.8,55,0
2026-03-12 22:46:31,38.133,21.853,38.1959,38.07,21.7227,21.9837,37.8,55,0
2026-03-12 22:46:32,38.163,21.888,38.2362,38.0902,21.7639,22.0111,37.8,55,0
2026-03-12 22:46:32,38.163,21.845,38.2564,38.07,21.7182,21.9715,37.8,55,0
2026-03-12 22:46:32,38.153,21.893,38.2161,38.0902,21.7624,22.0233,37.8,55,0
2026-03-12 22:46:32,38.163,21.888,38.2161,38.1103,21.7136,22.0615,37.8,55,0
2026-03-12 22:46:33,38.163,21.888,38.2564,38.07,21.767,22.0081,37.8,55,0
2026-03-12 22:46:33,38.173,21.901,38.2966,38.0499,21.7456,22.0554,37.8,55,0
2026-03-12 22:46:33,38.153,21.887,38.2161,38.0902,21.7624,22.0111,37.8,55,0
2026-03-12 22:46:33,38.113,21.857,38.1959,38.0298,21.7227,21.9913,37.8,55,0
2026-03-12 22:46:34,38.123,21.865,38.1959,38.0499,21.7472,21.9821,37.8,55,0
2026-03-12 22:46:34,38.153,21.887,38.2161,38.0902,21.738,22.0356,37.8,55,0
2026-03-12 22:46:34,38.113,21.888,38.1556,38.07,21.7426,22.0325,37.8,55,0
2026-03-12 22:46:35,38.183,21.859,38.2362,38.1305,21.7273,21.9913,37.8,55,0
2026-03-12 22:46:35,38.143,21.849,38.2161,38.07,21.7136,21.9837,37.8,55,0
2026-03-12 22:46:35,38.143,21.855,38.1959,38.0902,21.735,21.9745,37.8,55,0
2026-03-12 22:46:35,38.093,21.873,38.1154,38.07,21.738,22.0081,37.8,55,0
2026-03-12 22:46:36,38.133,21.805,38.2161,38.0499,21.6403,21.9699,37.8,55,0
2026-03-12 22:46:36,38.163,21.845,38.2161,38.1103,21.7136,21.976,37.8,55,0
2026-03-12 22:46:36,38.153,21.832,38.2161,38.0902,21.7014,21.9623,37.8,55,0
2026-03-12 22:46:36,38.193,21.817,38.2765,38.1103,21.7075,21.9272,37.8,55,0
2026-03-12 22:46:37,38.143,21.855,38.2161,38.07,21.7014,22.0081,37.8,55,0
2026-03-12 22:46:37,38.133,21.865,38.1959,38.07,21.7472,21.9837,37.8,55,0
2026-03-12 22:46:37,38.083,21.842,38.1556,38.0096,21.7548,21.9287,37.8,55,0
2026-03-12 22:46:37,38.143,21.873,38.1959,38.0902,21.7594,21.9867,37.8,55,0
2026-03-12 22:46:38,38.173,21.858,38.1959,38.1506,21.7472,21.9684,37.8,55,0
2026-03-12 22:46:38,38.133,21.854,38.1758,38.0902,21.7334,21.9745,37.8,55,0
2026-03-12 22:46:38,38.203,21.861,38.2966,38.1103,21.7823,21.9394,37.8,55,0
2026-03-12 22:46:38,38.173,21.839,38.2362,38.1103,21.7273,21.9516,37.8,55,0
2026-03-12 22:46:39,38.153,21.844,38.2161,38.0902,21.7258,21.9623,37.8,55,0
2026-03-12 22:46:39,38.153,21.868,38.2161,38.0902,21.7502,21.9867,37.8,55,0
2026-03-12 22:46:39,38.143,21.855,38.2161,38.07,21.7746,21.9348,37.8,55,0
2026-03-12 22:46:40,38.113,21.875,38.1959,38.0298,21.7838,21.9669,37.8,55,0
2026-03-12 22:46:40,38.083,21.872,38.1556,38.0096,21.7914,21.9532,37.8,55,0
2026-03-12 22:46:40,38.153,21.868,38.2362,38.07,21.7762,21.9593,37.8,55,0
2026-03-12 22:46:40,38.123,21.834,38.1758,38.07,21.709,21.9593,37.8,55,0
2026-03-12 22:46:41,38.133,21.884,38.2564,38.0096,21.7548,22.0142,37.8,55,0
2026-03-12 22:46:41,38.153,21.85,38.2564,38.0499,21.7304,21.9699,37.8,55,0
2026-03-12 22:46:41,38.133,21.884,38.1556,38.1103,21.7792,21.9883,37.8,55,0
2026-03-12 22:46:41,38.123,21.865,38.1758,38.07,21.7578,21.9715,37.8,55,0
2026-03-12 22:46:42,38.093,21.861,38.1154,38.07,21.7502,21.9715,37.8,55,0
2026-03-12 22:46:42,38.113,21.869,38.1959,38.0298,21.7594,21.9791,37.8,55,0
2026-03-12 22:46:42,38.153,21.898,38.2362,38.07,21.8006,21.9959,37.8,55,0
2026-03-12 22:46:42,38.143,21.94,38.1556,38.1305,21.8036,22.0768,37.8,55,0
2026-03-12 22:46:43,38.093,21.958,38.1556,38.0298,21.8524,22.0645,37.8,55,0
2026-03-12 22:46:43,38.103,21.942,38.1758,38.0298,21.8433,22.0401,37.8,55,0
2026-03-12 22:46:43,38.133,21.939,38.1556,38.1103,21.8647,22.0127,37.8,55,0
2026-03-12 22:46:43,38.123,21.932,38.1556,38.0902,21.8524,22.0111,37.8,55,0
2026-03-12 22:46:44,38.123,21.907,38.1556,38.0902,21.828,21.9867,37.8,55,0
2026-03-12 22:46:44,38.123,21.895,38.1154,38.1305,21.8235,21.9669,37.8,55,0
2026-03-12 22:46:44,38.123,21.889,38.1556,38.0902,21.828,21.9501,37.8,55,0
2026-03-12 22:46:45,38.173,21.92,38.2161,38.1305,21.8479,21.9913,37.8,55,0
2026-03-12 22:46:45,38.133,21.902,38.1556,38.1103,21.8158,21.9883,37.8,55,0
2026-03-12 22:46:45,38.133,21.902,38.1556,38.1103,21.8647,21.9394,37.8,55,0
2026-03-12 22:46:45,38.113,21.875,38.1556,38.07,21.8158,21.9348,37.8,55,0
2026-03-12 22:46:46,38.113,21.882,38.1355,38.0902,21.8143,21.9501,37.8,55,0
2026-03-12 22:46:46,38.113,21.907,38.1758,38.0499,21.8189,21.9944,37.8,55,0
2026-03-12 22:46:46,38.133,21.909,38.2161,38.0499,21.8235,21.9944,37.8,55,0
2026-03-12 22:46:46,38.143,21.916,38.1758,38.1103,21.8311,22.0005,37.8,55,0
2026-03-12 22:46:47,38.103,21.923,38.0952,38.1103,21.8219,22.0249,37.8,55,0
2026-03-12 22:46:47,38.133,21.896,38.1154,38.1506,21.8112,21.9806,37.8,55,0
2026-03-12 22:46:47,38.103,21.893,38.0952,38.1103,21.8097,21.976,37.8,55,0
2026-03-12 22:46:47,38.103,21.893,38.1355,38.07,21.8021,21.9837,37.8,55,0
2026-03-12 22:46:48,38.163,21.894,38.1959,38.1305,21.857,21.9303,37.8,55,0
2026-03-12 22:46:48,38.093,21.886,38.1355,38.0499,21.8387,21.9333,37.8,55,0
2026-03-12 22:46:48,38.143,21.891,38.1758,38.1103,21.8555,21.9272,37.8,55,0
2026-03-12 22:46:48,38.083,21.854,38.0952,38.07,21.7853,21.9226,37.8,55,0
2026-03-12 22:46:49,38.123,21.895,38.1556,38.0902,21.828,21.9623,37.8,55,0
2026-03-12 22:46:49,38.143,21.879,38.1959,38.0902,21.8326,21.9257,37.8,55,0
2026-03-12 22:46:49,38.103,21.893,38.1556,38.0499,21.8158,21.9699,37.8,55,0
2026-03-12 22:46:50,38.103,21.893,38.1355,38.07,21.8143,21.9715,37.8,55,0
2026-03-12 22:46:50,38.073,21.884,38.0751,38.07,21.8448,21.9226,37.8,55,0
2026-03-12 22:46:50,38.123,21.889,38.1556,38.0902,21.828,21.9501,37.8,55,0
2026-03-12 22:46:50,38.133,21.908,38.1556,38.1103,21.8524,21.9638,37.8,55,0
2026-03-12 22:46:51,38.133,21.92,38.1959,38.07,21.8814,21.9593,37.8,55,0
2026-03-12 22:46:51,38.113,21.912,38.1154,38.1103,21.8357,21.9883,37.8,55,0
2026-03-12 22:46:51,38.073,21.908,38.0146,38.1305,21.8494,21.9669,37.8,55,0
2026-03-12 22:46:51,38.103,21.911,38.1355,38.07,21.8631,21.9593,37.8,55,0
2026-03-12 22:46:52,38.123,21.926,38.1355,38.1103,21.8753,21.976,37.8,55,0
2026-03-12 22:46:52,38.073,21.92,38.0751,38.07,21.857,21.9837,37.8,55,0
2026-03-12 22:46:52,38.083,21.916,38.0751,38.0902,21.8692,21.9623,37.8,55,0
2026-03-12 22:46:52,38.042,21.942,38.0348,38.0499,21.8769,22.0066,37.8,55,0
2026-03-12 22:46:53,38.153,21.917,38.1758,38.1305,21.8799,21.9547,37.8,55,0
2026-03-12 22:46:53,38.022,21.933,37.9945,38.0499,21.8601,22.0066,37.8,55,0
2026-03-12 22:46:53,38.093,21.971,38.0952,38.0902,21.8952,22.0478,37.8,55,0
2026-03-12 22:46:53,38.083,21.927,38.0952,38.07,21.8708,21.9837,37.8,55,0
2026-03-12 22:46:54,38.093,21.91,38.0751,38.1103,21.8814,21.9394,37.8,55,0
2026-03-12 22:46:54,38.073,21.908,38.0751,38.07,21.8692,21.9471,37.8,55,0
2026-03-12 22:46:54,38.093,21.984,38.0751,38.1103,21.9059,22.0615,37.8,55,0
2026-03-12 22:46:55,38.042,21.978,38.0146,38.07,21.9104,22.0447,37.8,55,0
2026-03-12 22:46:55,38.093,21.971,38.0952,38.0902,21.883,22.06,37.8,55,0
2026-03-12 22:46:55,38.052,21.979,38.0952,38.0096,21.9196,22.0386,37.8,55,0
2026-03-12 22:46:55,38.042,21.947,38.0146,38.07,21.886,22.0081,37.8,55,0
2026-03-12 22:46:56,38.042,21.965,38.0549,38.0298,21.9394,21.9913,37.8,55,0
2026-03-12 22:46:56,38.042,21.972,38.0348,38.0499,21.9257,22.0188,37.8,55,0
2026-03-12 22:46:56,38.062,21.949,38.0549,38.07,21.8906,22.0081,37.8,55,0
2026-03-12 22:46:56,38.073,21.963,38.0549,38.0902,21.9028,22.0233,37.8,55,0
2026-03-12 22:46:57,38.062,21.962,38.0952,38.0298,21.9196,22.0035,37.8,55,0
2026-03-12 22:46:57,38.133,21.957,38.1154,38.1506,21.9211,21.9928,37.8,55,0
2026-03-12 22:46:57,38.042,21.93,38.0952,37.9895,21.8952,21.9638,37.8,55,0
2026-03-12 22:46:57,38.032,21.94,38.0348,38.0298,21.8769,22.0035,37.8,55,0
2026-03-12 22:46:58,38.093,21.953,38.0751,38.1103,21.9059,22.0005,37.8,55,0
2026-03-12 22:46:58,38.093,21.971,38.1355,38.0499,21.8997,22.0432,37.8,55,0
2026-03-12 22:46:58,38.012,21.957,38.0348,37.9895,21.9257,21.9883,37.8,55,0
2026-03-12 22:46:58,38.032,21.995,38.0348,38.0298,21.9379,22.0523,37.8,55,0
2026-03-12 22:46:59,38.022,21.969,38.0146,38.0298,21.9226,22.0157,37.8,55,0
2026-03-12 22:46:59,38.062,21.974,38.0549,38.07,21.9638,21.9837,37.8,55,0
2026-03-12 22:46:59,38.042,21.997,38.0348,38.0499,21.9501,22.0432,37.8,55,0
2026-03-12 22:47:00,38.022,21.952,37.9945,38.0499,21.8967,22.0066,37.8,55,0
2026-03-12 22:47:00,38.032,21.965,37.9744,38.0902,21.9059,22.0233,37.8,55,0
2026-03-12 22:47:00,38.052,21.979,38.0146,38.0902,21.9226,22.0356,37.8,55,0
2026-03-12 22:47:00,38.042,22.008,38.0549,38.0298,21.9394,22.0768,37.8,55,0
2026-03-12 22:47:01,38.042,21.971,38.0146,38.07,21.9471,21.9959,37.8,55,0
2026-03-12 22:47:01,38.042,21.972,37.9945,38.0902,21.9333,22.0111,37.8,55,0
2026-03-12 22:47:01,38.073,21.993,38.1154,38.0298,21.9821,22.0035,37.8,55,0
2026-03-12 22:47:01,38.032,21.965,38.0146,38.0499,21.9348,21.9944,37.8,55,0
2026-03-12 22:47:02,38.042,22.008,38.0146,38.07,21.9593,22.0569,37.8,55,0
2026-03-12 22:47:02,38.002,22.022,37.9744,38.0298,21.9791,22.0645,37.8,55,0
2026-03-12 22:47:02,38.022,22.007,37.9945,38.0499,21.9944,22.0188,37.8,55,0
2026-03-12 22:47:02,38.042,22.02,38.0146,38.07,21.9837,22.0569,37.8,55,0
2026-03-12 22:47:03,38.012,22.017,37.9744,38.0499,21.9791,22.0554,37.8,55,0
2026-03-12 22:47:03,37.992,22.009,38.0146,37.9693,21.9837,22.034,37.8,55,0
2026-03-12 22:47:03,37.982,21.996,37.9542,38.0096,21.9776,22.0142,37.8,55,0
2026-03-12 22:47:03,38.012,21.999,37.9542,38.07,21.9776,22.0203,37.8,55,0
2026-03-12 22:47:04,37.992,22.004,37.9945,37.9895,21.9944,22.0127,37.8,55,0
2026-03-12 22:47:04,38.022,22.018,38.0146,38.0298,21.9959,22.0401,37.8,55,0
2026-03-12 22:47:04,37.972,22.02,37.9341,38.0096,21.976,22.063,37.8,55,0
2026-03-12 22:47:05,38.012,21.993,38.0146,38.0096,21.9837,22.002,37.8,55,0
2026-03-12 22:47:05,37.992,22.004,37.9341,38.0499,21.976,22.031,37.8,55,0
2026-03-12 22:47:05,38.032,22.007,37.9945,38.07,21.9944,22.0203,37.8,55,0
2026-03-12 22:47:05,38.032,22.013,37.9945,38.07,21.9944,22.0325,37.8,55,0
2026-03-12 22:47:06,38.002,22.041,38.0146,37.9895,22.0081,22.0737,37.8,55,0
2026-03-12 22:47:06,37.992,22.015,37.9139,38.07,21.9974,22.0325,37.8,55,0
2026-03-12 22:47:06,37.972,22.013,37.9341,38.0096,21.976,22.0508,37.8,55,0
2026-03-12 22:47:06,37.992,22.01,37.9945,37.9895,22.0188,22.0005,37.8,55,0
2026-03-12 22:47:07,37.972,21.989,37.8938,38.0499,21.9959,21.9821,37.8,55,0
2026-03-12 22:47:07,37.962,22.036,37.9542,37.9693,21.9898,22.0829,37.8,55,0
2026-03-12 22:47:07,37.972,22.026,37.8938,38.0499,21.9959,22.0554,37.8,55,0
2026-03-12 22:47:07,37.972,22.013,37.9139,38.0298,21.9852,22.0401,37.8,55,0
2026-03-12 22:47:08,37.962,22.012,37.8938,38.0298,21.9715,22.0523,37.8,55,0
2026-03-12 22:47:08,38.022,22.019,37.9945,38.0499,21.9821,22.0554,37.8,55,0
2026-03-12 22:47:08,37.992,22.01,37.9341,38.0499,22.0127,22.0066,37.8,55,0
2026-03-12 22:47:08,37.972,22.02,37.9542,37.9895,22.0264,22.0127,37.8,55,0
2026-03-12 22:47:09,37.942,22.023,37.9341,37.9492,22.0127,22.0325,37.8,55,0
2026-03-12 22:47:09,37.942,22.065,37.8938,37.9895,22.0447,22.0859,37.8,55,0
2026-03-12 22:47:09,37.962,22.079,37.9542,37.9693,22.0752,22.0829,37.8,55,0
2026-03-12 22:47:10,38.002,22.071,37.9341,38.07,22.0737,22.0691,37.8,55,0
2026-03-12 22:47:10,37.942,22.09,37.8938,37.9895,22.0813,22.0981,37.8,55,0
2026-03-12 22:47:10,37.982,22.069,37.9542,38.0096,22.0874,22.0508,37.8,55,0
2026-03-12 22:47:10,38.002,22.096,37.9542,38.0499,22.0996,22.092,37.8,55,0
2026-03-12 22:47:11,37.942,22.083,37.8737,38.0096,22.1027,22.063,37.8,55,0
2026-03-12 22:47:11,37.972,22.093,37.9341,38.0096,22.1225,22.063,37.8,55,0
2026-03-12 22:47:11,37.972,22.086,37.9139,38.0298,22.1195,22.0523,37.8,55,0
2026-03-12 22:47:11,37.982,22.094,37.9139,38.0499,22.1195,22.0676,37.8,55,0
2026-03-12 22:47:12,37.942,22.077,37.9139,37.9693,22.1073,22.0462,37.8,55,0
2026-03-12 22:47:12,37.982,22.118,37.9341,38.0298,22.1469,22.089,37.8,55,0
2026-03-12 22:47:12,37.932,22.088,37.8737,37.9895,22.1149,22.0615,37.8,55,0
2026-03-12 22:47:12,37.942,22.089,37.9139,37.9693,22.1073,22.0706,37.8,55,0
2026-03-12 22:47:13,37.921,22.074,37.8737,37.9693,22.1027,22.0462,37.8,55,0
2026-03-12 22:47:13,37.932,22.052,37.8938,37.9693,22.0813,22.0218,37.8,55,0
2026-03-12 22:47:13,37.932,22.052,37.9139,37.9492,22.0829,22.0203,37.8,55,0
2026-03-12 22:47:13,37.901,22.103,37.8737,37.929,22.1027,22.1027,37.8,55,0
2026-03-12 22:47:14,37.921,22.05,37.9139,37.929,22.0951,22.005,37.8,55,0
2026-03-12 22:47:14,37.952,22.054,37.9341,37.9693,22.0981,22.0096,37.8,55,0
2026-03-12 22:47:14,37.942,22.083,37.9139,37.9693,22.1317,22.034,37.8,55,0
2026-03-12 22:47:15,37.962,22.116,37.8938,38.0298,22.1424,22.089,37.8,55,0
2026-03-12 22:47:15,37.911,22.08,37.8737,37.9492,22.1271,22.0325,37.8,55,0
2026-03-12 22:47:15,37.952,22.121,37.9139,37.9895,22.1439,22.0981,37.8,55,0
2026-03-12 22:47:15,37.921,22.087,37.8535,37.9895,22.1134,22.0615,37.8,55,0
2026-03-12 22:47:16,37.942,22.089,37.9139,37.9693,22.0951,22.0829,37.8,55,0
2026-03-12 22:47:16,37.901,22.078,37.8737,37.929,22.1149,22.0417,37.8,55,0
2026-03-12 22:47:16,37.911,22.129,37.8535,37.9693,22.1622,22.0951,37.8,55,0
2026-03-12 22:47:16,37.901,22.097,37.8535,37.9492,22.1256,22.0691,37.8,55,0
2026-03-12 22:47:17,37.911,22.123,37.8535,37.9693,22.1256,22.1195,37.8,55,0
2026-03-12 22:47:17,37.881,22.107,37.8737,37.8888,22.1393,22.0737,37.8,55,0
2026-03-12 22:47:17,37.901,22.121,37.7931,38.0096,22.1424,22.0996,37.8,55,0
2026-03-12 22:47:17,37.932,22.113,37.8938,37.9693,22.1546,22.0706,37.8,55,0
2026-03-12 22:47:18,37.911,22.135,37.8737,37.9492,22.1637,22.1057,37.8,55,0
2026-03-12 22:47:18,37.881,22.119,37.8334,37.929,22.1836,22.0539,37.8,55,0
2026-03-12 22:47:18,37.891,22.12,37.8132,37.9693,22.1332,22.1073,37.8,55,0
2026-03-12 22:47:18,37.871,22.1,37.8334,37.9089,22.1469,22.0523,37.8,55,0
2026-03-12 22:47:19,37.881,22.107,37.8132,37.9492,22.1698,22.0447,37.8,55,0
2026-03-12 22:47:19,37.841,22.133,37.8132,37.8686,22.1454,22.121,37.8,55,0
2026-03-12 22:47:19,37.891,22.12,37.8132,37.9693,22.1698,22.0706,37.8,55,0
2026-03-12 22:47:20,37.841,22.097,37.8132,37.8686,22.1576,22.0356,37.8,55,0
2026-03-12 22:47:20,37.871,22.106,37.8132,37.929,22.121,22.0905,37.8,55,0
2026-03-12 22:47:20,37.911,22.129,37.8334,37.9895,22.1714,22.0859,37.8,55,0
2026-03-12 22:47:20,37.911,22.129,37.8535,37.9693,22.1744,22.0829,37.8,55,0
2026-03-12 22:47:21,37.861,22.129,37.8132,37.9089,22.1576,22.1012,37.8,55,0
2026-03-12 22:47:21,37.891,22.145,37.8535,37.929,22.15,22.1393,37.8,55,0
2026-03-12 22:47:21,37.851,22.14,37.8132,37.8888,22.1698,22.1103,37.8,55,0
2026-03-12 22:47:21,37.932,22.174,37.8535,38.0096,22.1866,22.1607,37.8,55,0
2026-03-12 22:47:22,37.851,22.189,37.7931,37.9089,22.2156,22.1622,37.8,55,0
2026-03-12 22:47:22,37.881,22.211,37.8132,37.9492,22.2187,22.2034,37.8,55,0
2026-03-12 22:47:22,37.871,22.167,37.8334,37.9089,22.2446,22.089,37.8,55,0
2026-03-12 22:47:22,37.871,22.173,37.8132,37.929,22.2431,22.1027,37.8,55,0
2026-03-12 22:47:23,37.821,22.174,37.7729,37.8686,22.2019,22.1454,37.8,55,0
2026-03-12 22:47:23,37.861,22.178,37.7528,37.9693,22.2492,22.1073,37.8,55,0
2026-03-12 22:47:23,37.841,22.206,37.7729,37.9089,22.2263,22.1866,37.8,55,0
2026-03-12 22:47:23,37.861,22.209,37.8535,37.8686,22.2477,22.1698,37.8,55,0
2026-03-12 22:47:24,37.821,22.204,37.7528,37.8888,22.2614,22.1469,37.8,55,0
2026-03-12 22:47:24,37.841,22.213,37.7528,37.929,22.2858,22.1393,37.8,55,0
2026-03-12 22:47:24,37.841,22.225,37.7729,37.9089,22.2629,22.1866,37.8,55,0
2026-03-12 22:47:25,37.851,22.196,37.7528,37.9492,22.237,22.1546,37.8,55,0
2026-03-12 22:47:25,37.821,22.216,37.7931,37.8485,22.2889,22.1424,37.8,55,0
2026-03-12 22:47:25,37.841,22.213,37.7729,37.9089,22.2751,22.15,37.8,55,0
2026-03-12 22:47:25,37.821,22.216,37.7729,37.8686,22.2385,22.1942,37.8,55,0
2026-03-12 22:47:26,37.861,22.251,37.8334,37.8888,22.3178,22.1836,37.8,55,0
2026-03-12 22:47:26,37.841,22.231,37.7327,37.9492,22.2583,22.2034,37.8,55,0
2026-03-12 22:47:26,37.841,22.261,37.7729,37.9089,22.2873,22.2354,37.8,55,0
2026-03-12 22:47:26,37.841,22.249,37.7125,37.9693,22.2934,22.2049,37.8,55,0
2026-03-12 22:47:27,37.791,22.206,37.6924,37.8888,22.266,22.1469,37.8,55,4.821436776198748
2026-03-12 22:47:27,37.831,22.242,37.7931,37.8686,22.3011,22.182,37.8,55,0
2026-03-12 22:47:27,37.76,22.246,37.6924,37.8283,22.327,22.1653,37.8,55,14.533259118610808
2026-03-12 22:47:27,37.77,22.284,37.6924,37.8485,22.3636,22.2034,37.8,55,8.908856375426247
2026-03-12 22:47:28,37.861,22.269,37.7931,37.929,22.3011,22.237,37.8,55,0
2026-03-12 22:47:28,37.831,22.266,37.7327,37.929,22.3316,22.2004,37.8,55,0
2026-03-12 22:47:28,37.75,22.239,37.6118,37.8888,22.2583,22.2202,37.8,55,17.812396428911985
2026-03-12 22:47:28,37.801,22.251,37.7125,37.8888,22.3056,22.1958,37.8,55,0
2026-03-12 22:47:29,37.78,22.279,37.6924,37.8686,22.3392,22.2187,37.8,55,7.701168608502742
2026-03-12 22:47:29,37.791,22.244,37.7528,37.8283,22.3102,22.1775,37.8,55,3.5824605483501637
2026-03-12 22:47:29,37.801,22.281,37.7125,37.8888,22.3301,22.2324,37.8,55,1.0056075753834157
2026-03-12 22:47:30,37.831,22.285,37.7528,37.9089,22.3468,22.2232,37.8,55,0
2026-03-12 22:47:30,37.74,22.263,37.6118,37.8686,22.3438,22.182,37.8,55,22.119448295919035
2026-03-12 22:47:30,37.75,22.245,37.6924,37.8082,22.3026,22.1881,37.8,55,16.03281780401446
2026-03-12 22:47:30,37.77,22.259,37.6924,37.8485,22.3392,22.179,37.8,55,11.048700237049019
2026-03-12 22:47:31,37.78,22.242,37.6722,37.8888,22.3133,22.1714,37.8,55,9.351221941644445
2026-03-12 22:47:31,37.76,22.246,37.6521,37.8686,22.3468,22.1454,37.8,55,16.814238084512976
2026-03-12 22:47:31,37.74,22.268,37.6521,37.8283,22.359,22.1775,37.8,55,23.35603378736655
2026-03-12 22:47:31,37.791,22.267,37.7327,37.8485,22.3438,22.1912,37.8,55,7.058435517927272
2026-03-12 22:47:32,37.75,22.203,37.6722,37.8283,22.2766,22.1286,37.8,55,23.033302455978742
2026-03-12 22:47:32,37.77,22.229,37.6521,37.8888,22.2858,22.1714,37.8,55,15.724382138859049
2026-03-12 22:47:32,37.73,22.213,37.5917,37.8686,22.2797,22.1454,37.8,55,30.425690008631555
2026-03-12 22:47:32,37.74,22.213,37.6521,37.8283,22.2858,22.1408,37.8,55,26.88788922602811
2026-03-12 22:47:33,37.73,22.182,37.6722,37.7881,22.24,22.1241,37.8,55,31.965920154656374
2026-03-12 22:47:33,37.78,22.2,37.7327,37.8283,22.2461,22.153,37.8,55,16.67840759826208
2026-03-12 22:47:33,37.73,22.213,37.6118,37.8485,22.2461,22.179,37.8,55,35.80377759623491
2026-03-12 22:47:33,37.72,22.242,37.632,37.8082,22.2721,22.2126,37.8,55,38.367272447168936
2026-03-12 22:47:34,37.73,22.213,37.5715,37.8888,22.2782,22.1469,37.8,55,36.41989366031572
2026-03-12 22:47:34,37.74,22.251,37.6118,37.8686,22.3194,22.182,37.8,55,35.16128698820125
2026-03-12 22:47:34,37.71,22.272,37.6118,37.8082,22.356,22.1881,37.8,55,46.79837715627524
2026-03-12 22:47:34,37.75,22.27,37.6722,37.8283,22.3499,22.1897,37.8,55,34.322669042018234
2026-03-12 22:47:35,37.72,22.291,37.632,37.8082,22.3819,22.2004,37.8,55,47.10491788315576
2026-03-12 22:47:35,37.73,22.28,37.5917,37.8686,22.3651,22.1942,37.8,55,44.24504343646664
2026-03-12 22:47:35,37.75,22.282,37.5917,37.9089,22.3651,22.1988,37.8,55,39.7068195401887
2026-03-12 22:47:36,37.73,22.28,37.632,37.8283,22.3819,22.1775,37.8,55,48.29644211966919
2026-03-12 22:47:36,37.73,22.267,37.6118,37.8485,22.3682,22.1668,37.8,55,48.947922800221036
2026-03-12 22:47:36,37.7,22.295,37.6118,37.7881,22.3682,22.2217,37.8,55,60.352043986323345
2026-03-12 22:47:36,37.7,22.283,37.5917,37.8082,22.3407,22.2248,37.8,55,61.21811552122047
2026-03-12 22:47:37,37.69,22.319,37.5715,37.8082,22.388,22.2492,37.8,55,66.73274040262147
2026-03-12 22:47:37,37.7,22.313,37.6118,37.7881,22.4048,22.2217,37.8,55,65.45839915320714
2026-03-12 22:47:37,37.72,22.322,37.6722,37.7679,22.4231,22.2202,37.8,55,61.589347719954525
2026-03-12 22:47:37,37.75,22.361,37.6521,37.8485,22.4567,22.2644,37.8,55,54.44950625747159
2026-03-12 22:47:38,37.75,22.343,37.6722,37.8283,22.4475,22.2385,37.8,55,56.93657485931844
2026-03-12 22:47:38,37.72,22.321,37.5917,37.8485,22.414,22.2278,37.8,55,67.89379082861112
2026-03-12 22:47:38,37.68,22.323,37.5514,37.8082,22.4094,22.237,37.8,55,81.43234626360584
2026-03-12 22:47:38,37.73,22.335,37.6118,37.8485,22.417,22.2522,37.8,55,65.88712692042049
2026-03-12 22:47:39,37.71,22.321,37.6118,37.8082,22.4048,22.237,37.8,55,76.29457166817963
2026-03-12 22:47:39,37.72,22.309,37.5917,37.8485,22.3774,22.24,37.8,55,74.11381330036525
2026-03-12 22:47:39,37.72,22.339,37.5917,37.8485,22.4384,22.24,37.8,55,76.35828396937353
2026-03-12 22:47:39,37.72,22.309,37.6118,37.8283,22.4048,22.2141,37.8,55,78.14606628457432
2026-03-12 22:47:40,37.74,22.341,37.5917,37.8888,22.4262,22.2568,37.8,55,73.37454845261965
2026-03-12 22:47:40,37.71,22.351,37.632,37.7881,22.4308,22.2705,37.8,55,85.46773956844805
2026-03-12 22:47:40,37.7,22.313,37.6521,37.7478,22.4201,22.2049,37.8,55,89.38915052776788
2026-03-12 22:47:41,37.65,22.302,37.5715,37.7276,22.4247,22.179,37.8,55,100
2026-03-12 22:47:41,37.74,22.323,37.632,37.8485,22.4186,22.2278,37.8,55,79.12184372365778
2026-03-12 22:47:41,37.75,22.319,37.6924,37.8082,22.4247,22.2126,37.8,55,81.28994272303844
2026-03-12 22:47:41,37.66,22.321,37.5715,37.7478,22.4369,22.2049,37.8,55,100
2026-03-12 22:47:42,37.71,22.321,37.6118,37.8082,22.4414,22.2004,37.8,55,95.0098442436945
2026-03-12 22:47:42,37.69,22.349,37.5715,37.8082,22.4247,22.2736,37.8,55,100
2026-03-12 22:47:42,37.66,22.351,37.5514,37.7679,22.4338,22.269,37.8,55,100
2026-03-12 22:47:42,37.69,22.343,37.6118,37.7679,22.4414,22.2446,37.8,55,100
2026-03-12 22:47:43,37.69,22.343,37.5715,37.8082,22.4002,22.2858,37.8,55,100
2026-03-12 22:47:43,37.67,22.334,37.5514,37.7881,22.4216,22.2461,37.8,55,100
2026-03-12 22:47:43,37.71,22.345,37.632,37.7881,22.4308,22.2583,37.8,55,100
2026-03-12 22:47:43,37.69,22.319,37.6118,37.7679,22.417,22.2202,37.8,55,100
2026-03-12 22:47:44,37.69,22.348,37.632,37.7478,22.4308,22.266,37.8,55,100
2026-03-12 22:47:44,37.71,22.351,37.6118,37.8082,22.417,22.2858,37.8,55,100
2026-03-12 22:47:44,37.75,22.343,37.632,37.8686,22.4186,22.2675,37.8,55,100
2026-03-12 22:47:44,37.77,22.37,37.632,37.9089,22.4063,22.3331,37.8,55,100
2026-03-12 22:47:45,37.71,22.296,37.632,37.7881,22.3331,22.2583,37.8,55,100
2026-03-12 22:47:45,37.66,22.303,37.5514,37.7679,22.3484,22.2568,37.8,55,100
2026-03-12 22:47:45,37.68,22.287,37.632,37.7276,22.3209,22.2522,37.8,55,100
2026-03-12 22:47:46,37.68,22.28,37.5917,37.7679,22.3407,22.2202,37.8,55,100
2026-03-12 22:47:46,37.69,22.324,37.5917,37.7881,22.4018,22.2461,37.8,55,100
2026-03-12 22:47:46,37.76,22.325,37.6924,37.8283,22.4002,22.2507,37.8,55,100
2026-03-12 22:47:46,37.67,22.329,37.5715,37.7679,22.4002,22.2568,37.8,55,100
2026-03-12 22:47:47,37.69,22.312,37.632,37.7478,22.3697,22.2538,37.8,55,100
2026-03-12 22:47:47,37.7,22.319,37.6118,37.7881,22.3926,22.2461,37.8,55,100
2026-03-12 22:47:47,37.71,22.326,37.6722,37.7478,22.3865,22.266,37.8,55,100
2026-03-12 22:47:47,37.66,22.327,37.5715,37.7478,22.4125,22.2416,37.8,55,100
2026-03-12 22:47:48,37.74,22.354,37.7125,37.7679,22.4521,22.2568,37.8,55,100
2026-03-12 22:47:48,37.73,22.341,37.632,37.8283,22.4063,22.2751,37.8,55,100
2026-03-12 22:47:48,37.73,22.341,37.6722,37.7881,22.4231,22.2583,37.8,55,100
2026-03-12 22:47:48,37.71,22.338,37.5715,37.8485,22.4247,22.2522,37.8,55,100
2026-03-12 22:47:49,37.67,22.328,37.632,37.7075,22.4063,22.2492,37.8,55,100
2026-03-12 22:47:49,37.67,22.316,37.5917,37.7478,22.4018,22.2293,37.8,55,100
2026-03-12 22:47:49,37.73,22.31,37.6722,37.7881,22.3743,22.2461,37.8,55,100
2026-03-12 22:47:49,37.73,22.304,37.6521,37.8082,22.3713,22.237,37.8,55,100
2026-03-12 22:47:50,37.68,22.317,37.5715,37.7881,22.3636,22.2705,37.8,55,100
2026-03-12 22:47:50,37.74,22.323,37.632,37.8485,22.3697,22.2766,37.8,55,100
2026-03-12 22:47:50,37.71,22.308,37.6521,37.7679,22.3835,22.2324,37.8,55,100
2026-03-12 22:47:51,37.68,22.323,37.6118,37.7478,22.3804,22.266,37.8,55,100
2026-03-12 22:47:51,37.7,22.306,37.6521,37.7478,22.359,22.2538,37.8,55,100
2026-03-12 22:47:51,37.7,22.271,37.6722,37.7276,22.3377,22.2034,37.8,55,100
2026-03-12 22:47:51,37.77,22.284,37.7528,37.7881,22.3468,22.2217,37.8,55,100
2026-03-12 22:47:52,37.73,22.298,37.6722,37.7881,22.3621,22.2339,37.8,55,100
2026-03-12 22:47:52,37.71,22.302,37.632,37.7881,22.3575,22.2461,37.8,55,100
2026-03-12 22:47:52,37.71,22.277,37.632,37.7881,22.3453,22.2095,37.8,55,100
2026-03-12 22:47:52,37.73,22.292,37.6722,37.7881,22.3377,22.2461,37.8,55,100
2026-03-12 22:47:53,37.791,22.304,37.7327,37.8485,22.356,22.2522,37.8,55,99.55620831523953
2026-03-12 22:47:53,37.75,22.288,37.6924,37.8082,22.3148,22.2614,37.8,55,100
2026-03-12 22:47:53,37.7,22.277,37.6722,37.7276,22.3133,22.24,37.8,55,100
2026-03-12 22:47:53,37.72,22.248,37.6118,37.8283,22.2827,22.2141,37.8,55,100
2026-03-12 22:47:54,37.76,22.228,37.7327,37.7881,22.2461,22.2095,37.8,55,100
2026-03-12 22:47:54,37.75,22.251,37.6924,37.8082,22.2293,22.2736,37.8,55,100
2026-03-12 22:47:54,37.73,22.194,37.6924,37.7679,22.2171,22.1714,37.8,55,100
2026-03-12 22:47:54,37.69,22.251,37.632,37.7478,22.2354,22.266,37.8,55,100
2026-03-12 22:47:55,37.74,22.263,37.7125,37.7679,22.269,22.2568,37.8,55,100
2026-03-12 22:47:55,37.74,22.274,37.6924,37.7881,22.266,22.2827,37.8,55,100
2026-03-12 22:47:55,37.76,22.21,37.7327,37.7881,22.1729,22.2461,37.8,55,100
2026-03-12 22:47:56,37.77,22.199,37.7528,37.7881,22.1881,22.2095,37.8,55,100
2026-03-12 22:47:56,37.78,22.2,37.7528,37.8082,22.2004,22.2004,37.8,55,100
2026-03-12 22:47:56,37.801,22.202,37.7528,37.8485,22.1759,22.2278,37.8,55,98.75991054001553
2026-03-12 22:47:56,37.811,22.184,37.7327,37.8888,22.1607,22.208,37.8,55,96.4154417157141
2026-03-12 22:47:57,37.821,22.222,37.7931,37.8485,22.2034,22.24,37.8,55,93.34601632082254
2026-03-12 22:47:57,37.791,22.207,37.7729,37.8082,22.2141,22.2004,37.8,55,100
2026-03-12 22:47:57,37.821,22.18,37.8132,37.8283,22.182,22.1775,37.8,55,92.16660036762124
2026-03-12 22:47:57,37.821,22.204,37.7729,37.8686,22.2141,22.1942,37.8,55,93.06390026392111
2026-03-12 22:47:58,37.811,22.197,37.7528,37.8686,22.1881,22.2065,37.8,55,95.87278028024011
2026-03-12 22:47:58,37.78,22.193,37.7327,37.8283,22.1851,22.2019,37.8,55,100
2026-03-12 22:47:58,37.821,22.21,37.8132,37.8283,22.1942,22.2263,37.8,55,90.92484107903991
2026-03-12 22:47:58,37.841,22.218,37.7931,37.8888,22.2156,22.2202,37.8,55,85.76630368845998
2026-03-12 22:47:59,37.821,22.228,37.7931,37.8485,22.2156,22.24,37.8,55,92.3214356675122
2026-03-12 22:47:59,37.841,22.2,37.7931,37.8888,22.1912,22.208,37.8,55,84.37997033074579
2026-03-12 22:47:59,37.831,22.212,37.8535,37.8082,22.211,22.2126,37.8,55,87.65440622042463
2026-03-12 22:47:59,37.861,22.209,37.8938,37.8283,22.2034,22.2141,37.8,55,76.66577124800638
2026-03-12 22:48:00,37.841,22.17,37.8535,37.8283,22.15,22.1897,37.8,55,83.22851994110374
2026-03-12 22:48:00,37.871,22.191,37.8938,37.8485,22.1668,22.2156,37.8,55,71.55988507285066
2026-03-12 22:48:00,37.841,22.193,37.8334,37.8485,22.1592,22.2278,37.8,55,81.17955034285234
2026-03-12 22:48:01,37.891,22.193,37.8938,37.8888,22.1668,22.2202,37.8,55,62.49535497692619
2026-03-12 22:48:01,37.851,22.219,37.8737,37.8283,22.1515,22.2873,37.8,55,75.85883068569481
2026-03-12 22:48:01,37.851,22.232,37.8938,37.8082,22.1668,22.298,37.8,55,72.89223476071977
2026-03-12 22:48:01,37.881,22.18,37.8737,37.8888,22.1393,22.2202,37.8,55,61.91233121803315
2026-03-12 22:48:02,37.871,22.203,37.8737,37.8686,22.1271,22.2797,37.8,55,64.7492336571426
2026-03-12 22:48:02,37.881,22.223,37.9341,37.8283,22.1958,22.2507,37.8,55,59.41774734265187
2026-03-12 22:48:02,37.851,22.171,37.9139,37.7881,22.1195,22.2217,37.8,55,67.89957797848218
2026-03-12 22:48:02,37.911,22.184,37.9139,37.9089,22.0951,22.2721,37.8,55,45.71203916634198
2026-03-12 22:48:03,37.911,22.153,37.9341,37.8888,22.0859,22.2202,37.8,55,45.96668884062372
2026-03-12 22:48:03,37.921,22.136,37.9341,37.9089,22.0615,22.211,37.8,55,40.20302044774308
2026-03-12 22:48:03,37.921,22.166,37.9542,37.8888,22.0874,22.2446,37.8,55,37.953340739965796
2026-03-12 22:48:03,37.871,22.1,37.8737,37.8686,22.0172,22.182,37.8,55,51.645687188111
2026-03-12 22:48:04,37.881,22.113,37.8938,37.8686,22.0447,22.182,37.8,55,44.4983114709876
2026-03-12 22:48:04,37.881,22.119,37.8737,37.8888,22.0417,22.1958,37.8,55,43.14274969127743
2026-03-12 22:48:04,37.942,22.138,37.9542,37.929,22.063,22.2126,37.8,55,21.325118165595796
2026-03-12 22:48:04,37.962,22.128,37.9945,37.929,22.0432,22.2126,37.8,55,14.373359888327952
2026-03-12 22:48:05,37.921,22.106,37.9341,37.9089,22.0249,22.1866,37.8,55,25.111026767609374
2026-03-12 22:48:05,37.901,22.103,37.9542,37.8485,22.0264,22.179,37.8,55,27.09358130306502
2026-03-12 22:48:05,37.952,22.071,37.9744,37.929,22.0035,22.1393,37.8,55,7.196403743956974
2026-03-12 22:48:06,37.921,22.05,38.0549,37.7881,21.9394,22.1607,37.8,55,16.29077297718896
2026-03-12 22:48:06,37.942,22.071,37.9945,37.8888,21.9699,22.1714,37.8,55,5.284111084549314
2026-03-12 22:48:06,37.952,21.999,37.9945,37.9089,21.8845,22.1134,37.8,55,0
2026-03-12 22:48:06,37.962,22.024,38.0549,37.8686,21.8906,22.1576,37.8,55,0
2026-03-12 22:48:07,37.982,22.002,38.0549,37.9089,21.8784,22.1256,37.8,55,0
2026-03-12 22:48:07,37.962,22.012,38.0348,37.8888,21.9135,22.1103,37.8,55,0
2026-03-12 22:48:07,37.992,22.033,38.0549,37.929,21.8906,22.1759,37.8,55,0
2026-03-12 22:48:07,38.022,22.049,38.1355,37.9089,21.9364,22.1622,37.8,55,0
2026-03-12 22:48:08,37.952,22.016,37.9744,37.929,21.9181,22.1149,37.8,55,0
2026-03-12 22:48:08,37.982,21.996,38.0146,37.9492,21.8616,22.1302,37.8,55,0
2026-03-12 22:48:08,38.022,21.976,38.0549,37.9895,21.8662,22.0859,37.8,55,0
2026-03-12 22:48:08,37.992,21.967,38.0751,37.9089,21.857,22.0768,37.8,55,0
2026-03-12 22:48:09,37.992,21.942,38.0549,37.929,21.7929,22.0905,37.8,55,0
2026-03-12 22:48:09,37.992,21.917,38.0952,37.8888,21.7487,22.0859,37.8,55,0
2026-03-12 22:48:09,38.022,21.909,38.0952,37.9492,21.7731,22.0447,37.8,55,0
2026-03-12 22:48:09,37.992,21.936,38.0751,37.9089,21.8204,22.0523,37.8,55,0
2026-03-12 22:48:10,38.032,21.904,38.0751,37.9895,21.7838,22.0249,37.8,55,0
2026-03-12 22:48:10,38.002,21.901,38.0549,37.9492,21.7685,22.0325,37.8,55,0
2026-03-12 22:48:10,38.012,21.938,38.0952,37.929,21.7853,22.0905,37.8,55,0
2026-03-12 22:48:11,38.032,21.946,38.0952,37.9693,21.7609,22.1317,37.8,55,0
2026-03-12 22:48:11,38.012,21.901,38.0952,37.929,21.7731,22.0294,37.8,55,0
2026-03-12 22:48:11,38.062,21.907,38.1355,37.9895,21.7777,22.0371,37.8,55,0
2026-03-12 22:48:11,38.093,21.904,38.1556,38.0298,21.7792,22.0279,37.8,55,0
2026-03-12 22:48:12,38.073,21.896,38.1556,37.9895,21.7792,22.0127,37.8,55,0
2026-03-12 22:48:12,37.982,21.868,38.0751,37.8888,21.7716,21.9638,37.8,55,0
2026-03-12 22:48:12,38.073,21.847,38.0952,38.0499,21.6999,21.9944,37.8,55,0
2026-03-12 22:48:12,38.062,21.87,38.1154,38.0096,21.7136,22.0264,37.8,55,0
2026-03-12 22:48:13,38.103,21.85,38.1758,38.0298,21.7212,21.9791,37.8,55,0
2026-03-12 22:48:13,38.143,21.885,38.1959,38.0902,21.7227,22.0478,37.8,55,0
2026-03-12 22:48:13,38.073,21.878,38.1355,38.0096,21.7411,22.0142,37.8,55,0
2026-03-12 22:48:13,38.083,21.885,38.1758,37.9895,21.7578,22.0127,37.8,55,0
2026-03-12 22:48:14,38.113,21.888,38.1758,38.0499,21.7456,22.031,37.8,55,0
2026-03-12 22:48:14,38.083,21.842,38.1154,38.0499,21.7258,21.9577,37.8,55,0
2026-03-12 22:48:14,38.093,21.862,38.2161,37.9693,21.7502,21.973,37.8,55,0
2026-03-12 22:48:14,38.123,21.846,38.2161,38.0298,21.738,21.9547,37.8,55,0
2026-03-12 22:48:15,38.153,21.868,38.2362,38.07,21.7517,21.9837,37.8,55,0
2026-03-12 22:48:15,38.093,21.855,38.1758,38.0096,21.7456,21.9654,37.8,55,0
2026-03-12 22:48:15,38.093,21.831,38.1758,38.0096,21.709,21.9532,37.8,55,0
2026-03-12 22:48:16,38.133,21.878,38.2362,38.0298,21.7517,22.0035,37.8,55,0
2026-03-12 22:48:16,38.103,21.814,38.1355,38.07,21.6922,21.9348,37.8,55,0
2026-03-12 22:48:16,38.093,21.862,38.2161,37.9693,21.7502,21.973,37.8,55,0
2026-03-12 22:48:16,38.153,21.85,38.2161,38.0902,21.7136,21.9867,37.8,55,0
2026-03-12 22:48:17,38.133,21.83,38.2765,37.9895,21.6953,21.9638,37.8,55,0
2026-03-12 22:48:17,38.133,21.823,38.2362,38.0298,21.7029,21.9425,37.8,55,0
2026-03-12 22:48:17,38.113,21.839,38.1758,38.0499,21.709,21.9699,37.8,55,0
2026-03-12 22:48:17,38.113,21.827,38.1959,38.0298,21.6861,21.9669,37.8,55,0
2026-03-12 22:48:18,38.153,21.831,38.2362,38.07,21.6663,21.9959,37.8,55,0
2026-03-12 22:48:18,38.123,21.84,38.2362,38.0096,21.6907,21.9898,37.8,55,0
2026-03-12 22:48:18,38.153,21.85,38.2564,38.0499,21.706,21.9944,37.8,55,0
2026-03-12 22:48:18,38.133,21.823,38.1758,38.0902,21.6968,21.9501,37.8,55,0
2026-03-12 22:48:19,38.083,21.83,38.1959,37.9693,21.6861,21.973,37.8,55,0
2026-03-12 22:48:19,38.143,21.824,38.2161,38.07,21.7014,21.9471,37.8,55,0
2026-03-12 22:48:19,38.103,21.844,38.1758,38.0298,21.6724,22.0157,37.8,55,0
2026-03-12 22:48:19,38.143,21.867,38.2161,38.07,21.738,21.9959,37.8,55,0
2026-03-12 22:48:20,38.133,21.829,38.1959,38.07,21.6983,21.9593,37.8,55,0
2026-03-12 22:48:20,38.133,21.81,38.1959,38.07,21.6617,21.9593,37.8,55,0
2026-03-12 22:48:20,38.143,21.83,38.2765,38.0096,21.6831,21.9776,37.8,55,0
2026-03-12 22:48:21,38.113,21.87,38.2161,38.0096,21.7258,22.0142,37.8,55,0
2026-03-12 22:48:21,38.163,21.784,38.1959,38.1305,21.6495,21.9181,37.8,55,0
2026-03-12 22:48:21,38.143,21.849,38.2564,38.0298,21.706,21.9913,37.8,55,0
2026-03-12 22:48:21,38.163,21.857,38.2765,38.0499,21.7075,22.0066,37.8,55,0
2026-03-12 22:48:22,38.183,21.847,38.2765,38.0902,21.6953,21.9989,37.8,55,0
2026-03-12 22:48:22,38.123,21.828,38.1758,38.07,21.6846,21.9715,37.8,55,0
2026-03-12 22:48:22,38.173,21.803,38.2362,38.1103,21.6663,21.9394,37.8,55,0
2026-03-12 22:48:22,38.153,21.794,38.1959,38.1103,21.6617,21.9272,37.8,55,0
2026-03-12 22:48:23,38.183,21.828,38.2966,38.07,21.6724,21.9837,37.8,55,0
2026-03-12 22:48:23,38.113,21.791,38.2161,38.0096,21.6403,21.9409,37.8,55,0
2026-03-12 22:48:23,38.183,21.847,38.2564,38.1103,21.7182,21.976,37.8,55,0
2026-03-12 22:48:23,38.183,21.817,38.2765,38.0902,21.6953,21.9379,37.8,55,0
2026-03-12 22:48:24,38.183,21.804,38.2362,38.1305,21.6419,21.9669,37.8,55,0
2026-03-12 22:48:24,38.203,21.807,38.2765,38.1305,21.6953,21.9181,37.8,55,0
2026-03-12 22:48:24,38.143,21.775,38.2362,38.0499,21.6541,21.8967,37.8,55,0
2026-03-12 22:48:24,38.153,21.795,38.2161,38.0902,21.6403,21.9501,37.8,55,0
2026-03-12 22:48:25,38.173,21.816,38.2161,38.1305,21.677,21.9547,37.8,55,0
2026-03-12 22:48:25,38.163,21.784,38.2161,38.1103,21.6403,21.9272,37.8,55,0
2026-03-12 22:48:25,38.153,21.788,38.2765,38.0298,21.6464,21.9303,37.8,55,0
2026-03-12 22:48:26,38.143,21.781,38.2362,38.0499,21.6541,21.9089,37.8,55,0
2026-03-12 22:48:26,38.143,21.8,38.2161,38.07,21.677,21.9226,37.8,55,0
2026-03-12 22:48:26,38.153,21.77,38.2362,38.07,21.6297,21.9104,37.8,55,0
2026-03-12 22:48:26,38.193,21.799,38.2765,38.1103,21.6709,21.9272,37.8,55,0
2026-03-12 22:48:27,38.214,21.795,38.2966,38.1305,21.648,21.9425,37.8,55,0
2026-03-12 22:48:27,38.173,21.798,38.2564,38.0902,21.6571,21.9379,37.8,55,0
2026-03-12 22:48:27,38.103,21.784,38.2161,37.9895,21.6281,21.9394,37.8,55,0
2026-03-12 22:48:27,38.183,21.749,38.2765,38.0902,21.6098,21.8891,37.8,55,0
2026-03-12 22:48:28,38.173,21.791,38.2564,38.0902,21.6815,21.9013,37.8,55,0
2026-03-12 22:48:28,38.183,21.786,38.2161,38.1506,21.6403,21.9318,37.8,55,0
2026-03-12 22:48:28,38.163,21.772,38.2362,38.0902,21.6541,21.8891,37.8,55,0
2026-03-12 22:48:28,38.183,21.762,38.3168,38.0499,21.6266,21.8967,37.8,55,0
2026-03-12 22:48:29,38.183,21.804,38.2362,38.1305,21.6541,21.9547,37.8,55,0
2026-03-12 22:48:29,38.203,21.825,38.2765,38.1305,21.6831,21.9669,37.8,55,0
2026-03-12 22:48:29,38.183,21.817,38.2564,38.1103,21.6815,21.9516,37.8,55,0
2026-03-12 22:48:29,38.143,21.781,38.2161,38.07,21.6526,21.9104,37.8,55,0
2026-03-12 22:48:30,38.143,21.794,38.1959,38.0902,21.6373,21.9501,37.8,55,0
2026-03-12 22:48:30,38.143,21.788,38.1959,38.0902,21.6495,21.9257,37.8,55,0
2026-03-12 22:48:30,38.163,21.765,38.2362,38.0902,21.6419,21.8891,37.8,55,0
2026-03-12 22:48:31,38.173,21.785,38.2161,38.1305,21.6526,21.9181,37.8,55,0
2026-03-12 22:48:31,38.203,21.758,38.2564,38.1506,21.6449,21.8708,37.8,55,0
2026-03-12 22:48:31,38.173,21.785,38.2564,38.0902,21.6571,21.9135,37.8,55,0
2026-03-12 22:48:31,38.173,21.791,38.2564,38.0902,21.6815,21.9013,37.8,55,0
2026-03-12 22:48:32,38.133,21.762,38.1355,38.1305,21.6434,21.8814,37.8,55,0
2026-03-12 22:48:32,38.173,21.754,38.1959,38.1506,21.6129,21.8952,37.8,55,0
2026-03-12 22:48:32,38.153,21.759,38.2161,38.0902,21.6037,21.9135,37.8,55,0
2026-03-12 22:48:32,38.183,21.785,38.1959,38.1707,21.6617,21.9089,37.8,55,0
2026-03-12 22:48:33,38.113,21.765,38.1959,38.0298,21.6495,21.8814,37.8,55,0
2026-03-12 22:48:33,38.193,21.788,38.2564,38.1305,21.6571,21.9181,37.8,55,0
2026-03-12 22:48:33,38.153,21.758,38.2765,38.0298,21.6587,21.857,37.8,55,0
2026-03-12 22:48:33,38.183,21.804,38.2161,38.1506,21.677,21.9318,37.8,55,0
2026-03-12 22:48:34,38.103,21.759,38.1355,38.07,21.6678,21.8494,37.8,55,0
2026-03-12 22:48:34,38.163,21.741,38.2362,38.0902,21.6175,21.8647,37.8,55,0
2026-03-12 22:48:34,38.123,21.779,38.1556,38.0902,21.6815,21.8769,37.8,55,0
2026-03-12 22:48:34,38.183,21.762,38.2362,38.1305,21.6663,21.857,37.8,55,0
2026-03-12 22:48:35,38.173,21.706,38.2564,38.0902,21.5351,21.8769,37.8,55,0
2026-03-12 22:48:35,38.214,21.746,38.2966,38.1305,21.5869,21.9059,37.8,55,0
2026-03-12 22:48:35,38.143,21.708,38.1556,38.1305,21.5229,21.8936,37.8,55,0
2026-03-12 22:48:36,38.173,21.736,38.2161,38.1305,21.5427,21.9303,37.8,55,0
2026-03-12 22:48:36,38.143,21.751,38.1758,38.1103,21.6114,21.8906,37.8,55,0
2026-03-12 22:48:36,38.163,21.759,38.1758,38.1506,21.6236,21.8952,37.8,55,0
2026-03-12 22:48:36,38.123,21.712,38.1556,38.0902,21.5717,21.8524,37.8,55,0
2026-03-12 22:48:37,38.183,21.743,38.2161,38.1506,21.6159,21.8708,37.8,55,0
2026-03-12 22:48:37,38.163,21.747,38.2161,38.1103,21.6159,21.8784,37.8,55,0
2026-03-12 22:48:37,38.113,21.778,38.1556,38.07,21.6938,21.8616,37.8,55,0
2026-03-12 22:48:37,38.133,21.787,38.1355,38.1305,21.7044,21.8692,37.8,55,0
2026-03-12 22:48:38,38.113,21.797,38.1355,38.0902,21.7166,21.8769,37.8,55,0
2026-03-12 22:48:38,38.133,21.756,38.1758,38.0902,21.6846,21.828,37.8,55,0
2026-03-12 22:48:38,38.143,21.8,38.1959,38.0902,21.735,21.8647,37.8,55,0
2026-03-12 22:48:38,38.123,21.785,38.1556,38.0902,21.706,21.8647,37.8,55,0
2026-03-12 22:48:39,38.113,21.802,38.1556,38.07,21.7426,21.8616,37.8,55,0
2026-03-12 22:48:39,38.163,21.777,38.1556,38.1707,21.6815,21.8723,37.8,55,0
2026-03-12 22:48:39,38.143,21.769,38.1959,38.0902,21.6739,21.8647,37.8,55,0
2026-03-12 22:48:39,38.123,21.779,38.1355,38.1103,21.6556,21.9028,37.8,55,0
2026-03-12 22:48:40,38.133,21.769,38.1758,38.0902,21.6724,21.8647,37.8,55,0
2026-03-12 22:48:40,38.133,21.78,38.1959,38.07,21.6861,21.8738,37.8,55,0
2026-03-12 22:48:40,38.153,21.801,38.1355,38.1707,21.7166,21.8845,37.8,55,0
2026-03-12 22:48:41,38.133,21.792,38.1556,38.1103,21.706,21.8784,37.8,55,0
2026-03-12 22:48:41,38.113,21.802,38.1154,38.1103,21.7014,21.9028,37.8,55,0
2026-03-12 22:48:41,38.143,21.781,38.1556,38.1305,21.706,21.857,37.8,55,0
2026-03-12 22:48:41,38.103,21.826,38.1355,38.07,21.7533,21.8982,37.8,55,0
2026-03-12 22:48:42,38.113,21.852,38.1758,38.0499,21.77,21.9333,37.8,55,0
2026-03-12 22:48:42,38.153,21.856,38.1758,38.1305,21.7578,21.9547,37.8,55,0
2026-03-12 22:48:42,38.073,21.804,38.0952,38.0499,21.7365,21.8723,37.8,55,0
2026-03-12 22:48:42,38.123,21.822,38.1355,38.1103,21.7288,21.915,37.8,55,0
2026-03-12 22:48:43,38.083,21.793,38.1154,38.0499,21.7014,21.8845,37.8,55,0
2026-03-12 22:48:43,38.113,21.845,38.1556,38.07,21.767,21.9226,37.8,55,0
2026-03-12 22:48:43,38.133,21.86,38.1355,38.1305,21.8021,21.9181,37.8,55,0
2026-03-12 22:48:43,38.133,21.853,38.1556,38.1103,21.8036,21.9028,37.8,55,0
2026-03-12 22:48:44,38.133,21.841,38.1154,38.1506,21.7502,21.9318,37.8,55,0
2026-03-12 22:48:44,38.093,21.879,38.1154,38.07,21.8235,21.9348,37.8,55,0
2026-03-12 22:48:44,38.103,21.844,38.1154,38.0902,21.799,21.8891,37.8,55,0
2026-03-12 22:48:44,38.113,21.82,38.1154,38.1103,21.7868,21.854,37.8,55,0
2026-03-12 22:48:45,38.123,21.84,38.1556,38.0902,21.8036,21.8769,37.8,55,0
2026-03-12 22:48:45,38.163,21.82,38.1758,38.1506,21.77,21.8708,37.8,55,0
2026-03-12 22:48:45,38.113,21.845,38.1154,38.1103,21.7746,21.915,37.8,55,0
2026-03-12 22:48:46,38.123,21.877,38.1355,38.1103,21.8143,21.9394,37.8,55,0
2026-03-12 22:48:46,38.133,21.817,38.1758,38.0902,21.77,21.8647,37.8,55,0
2026-03-12 22:48:46,38.093,21.873,38.1154,38.07,21.799,21.9471,37.8,55,0
2026-03-12 22:48:46,38.113,21.851,38.1154,38.1103,21.8235,21.8784,37.8,55,0
2026-03-12 22:48:47,38.083,21.83,38.0952,38.07,21.8097,21.8494,37.8,55,0
2026-03-12 22:48:47,38.103,21.844,38.0952,38.1103,21.8097,21.8784,37.8,55,0
2026-03-12 22:48:47,38.103,21.851,38.0751,38.1305,21.8082,21.8936,37.8,55,0
2026-03-12 22:48:47,38.032,21.824,38.0952,37.9693,21.7975,21.8509,37.8,55,0
2026-03-12 22:48:48,38.073,21.822,38.1154,38.0298,21.7868,21.857,37.8,55,0
2026-03-12 22:48:48,38.113,21.833,38.1556,38.07,21.8036,21.8616,37.8,55,0
2026-03-12 22:48:48,38.062,21.821,38.0952,38.0298,21.8219,21.8204,37.8,55,0
2026-03-12 22:48:48,38.073,21.823,38.0549,38.0902,21.7929,21.8524,37.8,55,0
2026-03-12 22:48:49,38.093,21.837,38.0751,38.1103,21.8082,21.8662,37.8,55,0
2026-03-12 22:48:49,38.073,21.847,38.0751,38.07,21.8204,21.8738,37.8,55,0
2026-03-12 22:48:49,38.042,21.837,38.0549,38.0298,21.7929,21.8814,37.8,55,0
2026-03-12 22:48:49,38.083,21.866,38.0952,38.07,21.8341,21.8982,37.8,55,0
2026-03-12 22:48:50,38.103,21.881,38.0952,38.1103,21.7975,21.9638,37.8,55,0
2026-03-12 22:48:50,38.042,21.88,38.0549,38.0298,21.8418,21.9181,37.8,55,0
2026-03-12 22:48:50,38.062,21.846,38.0751,38.0499,21.8082,21.8845,37.8,55,0
2026-03-12 22:48:51,38.083,21.873,38.0751,38.0902,21.8448,21.9013,37.8,55,0
2026-03-12 22:48:51,38.042,21.855,38.0549,38.0298,21.8051,21.9059,37.8,55,0
2026-03-12 22:48:51,38.123,21.859,38.1154,38.1305,21.8479,21.8692,37.8,55,0
2026-03-12 22:48:51,38.032,21.836,38.0146,38.0499,21.8128,21.8601,37.8,55,0
2026-03-12 22:48:52,38.113,21.863,38.0549,38.1707,21.8296,21.8967,37.8,55,0
2026-03-12 22:48:52,38.042,21.856,38.0348,38.0499,21.828,21.8845,37.8,55,0
2026-03-12 22:48:52,38.073,21.92,38.0348,38.1103,21.8769,21.9638,37.8,55,0
2026-03-12 22:48:52,38.073,21.89,38.0952,38.0499,21.8708,21.9089,37.8,55,0
2026-03-12 22:48:53,38.052,21.881,38.0952,38.0096,21.8585,21.9043,37.8,55,0
2026-03-12 22:48:53,38.073,21.865,38.0952,38.0499,21.8463,21.8845,37.8,55,0
2026-03-12 22:48:53,38.032,21.885,38.0146,38.0499,21.8372,21.9333,37.8,55,0
2026-03-12 22:48:53,38.012,21.889,37.9744,38.0499,21.8448,21.9333,37.8,55,0
2026-03-12 22:48:54,38.022,21.89,38.0146,38.0298,21.8494,21.9303,37.8,55,0
2026-03-12 22:48:54,38.062,21.883,38.0348,38.0902,21.8647,21.9013,37.8,55,0
2026-03-12 22:48:54,38.032,21.879,38.0348,38.0298,21.8524,21.9059,37.8,55,0
2026-03-12 22:48:54,38.052,21.881,38.0348,38.07,21.8402,21.9226,37.8,55,0
2026-03-12 22:48:55,38.062,21.87,38.0952,38.0298,21.8585,21.8814,37.8,55,0
2026-03-12 22:48:55,38.042,21.88,38.0549,38.0298,21.8418,21.9181,37.8,55,0
2026-03-12 22:48:55,38.032,21.873,37.9945,38.07,21.8479,21.8982,37.8,55,0
2026-03-12 22:48:56,38.022,21.897,37.9542,38.0902,21.8799,21.9135,37.8,55,0
2026-03-12 22:48:56,38.052,21.869,38.0549,38.0499,21.8296,21.9089,37.8,55,0
2026-03-12 22:48:56,38.083,21.879,38.0348,38.1305,21.828,21.9303,37.8,55,0
2026-03-12 22:48:56,38.022,21.872,38.0146,38.0298,21.8372,21.9059,37.8,55,0
2026-03-12 22:48:57,38.052,21.869,38.0146,38.0902,21.825,21.9135,37.8,55,0
2026-03-12 22:48:57,38.032,21.879,38.0146,38.0499,21.8616,21.8967,37.8,55,0
2026-03-12 22:48:57,37.992,21.899,37.9139,38.07,21.8753,21.9226,37.8,55,0
2026-03-12 22:48:57,38.062,21.907,38.0348,38.0902,21.8647,21.9501,37.8,55,0
2026-03-12 22:48:58,38.062,21.907,38.0348,38.0902,21.9135,21.9013,37.8,55,0
2026-03-12 22:48:58,38.042,21.88,37.9744,38.1103,21.8814,21.8784,37.8,55,0
2026-03-12 22:48:58,37.992,21.875,37.9542,38.0298,21.8555,21.8936,37.8,55,0
2026-03-12 22:48:58,38.012,21.883,37.9744,38.0499,21.8814,21.8845,37.8,55,0
2026-03-12 22:48:59,37.992,21.894,37.9945,37.9895,21.8845,21.9028,37.8,55,0
2026-03-12 22:48:59,38.042,21.905,38.0348,38.0499,21.9379,21.8723,37.8,55,0
2026-03-12 22:48:59,38.032,21.885,38.0146,38.0499,21.886,21.8845,37.8,55,0
2026-03-12 22:48:59,37.992,21.917,37.9744,38.0096,21.9425,21.8921,37.8,55,0
2026-03-12 22:49:00,38.012,21.901,37.9744,38.0499,21.8936,21.9089,37.8,55,0
2026-03-12 22:49:00,37.972,21.94,37.9341,38.0096,21.9272,21.9532,37.8,55,0
2026-03-12 22:49:00,38.012,21.926,37.9945,38.0298,21.9333,21.9181,37.8,55,0
2026-03-12 22:49:01,37.982,21.917,37.9542,38.0096,21.9165,21.9165,37.8,55,0
2026-03-12 22:49:01,38.042,21.941,38.0146,38.07,21.9471,21.9348,37.8,55,0
2026-03-12 22:49:01,38.002,21.949,37.9542,38.0499,21.9287,21.9699,37.8,55,0
2026-03-12 22:49:01,37.982,21.935,37.9341,38.0298,21.9272,21.9425,37.8,55,0
2026-03-12 22:49:02,37.972,21.922,37.9542,37.9895,21.9287,21.915,37.8,55,0
2026-03-12 22:49:02,38.002,21.962,37.9341,38.07,21.9516,21.9715,37.8,55,0
2026-03-12 22:49:02,37.921,21.922,37.9139,37.929,21.912,21.9318,37.8,55,0
2026-03-12 22:49:02,38.012,21.926,37.9945,38.0298,21.9577,21.8936,37.8,55,0
2026-03-12 22:49:03,38.002,21.955,37.9542,38.0499,21.9532,21.9577,37.8,55,0
2026-03-12 22:49:03,37.962,21.946,37.9341,37.9895,21.9272,21.9638,37.8,55,0
2026-03-12 22:49:03,38.002,21.962,38.0146,37.9895,21.9593,21.9638,37.8,55,0
2026-03-12 22:49:03,37.992,21.997,37.9744,38.0096,21.9669,22.0264,37.8,55,0
2026-03-12 22:49:04,37.992,21.942,37.9945,37.9895,21.9455,21.9394,37.8,55,0
2026-03-12 22:49:04,37.972,21.976,37.8737,38.07,21.9684,21.9837,37.8,55,0
2026-03-12 22:49:04,37.972,22.001,37.9542,37.9895,22.002,22.0005,37.8,55,0
2026-03-12 22:49:04,38.002,21.973,37.9744,38.0298,21.9669,21.9791,37.8,55,0
2026-03-12 22:49:05,37.952,21.962,37.9341,37.9693,21.976,21.9486,37.8,55,0
2026-03-12 22:49:05,37.962,21.969,37.9139,38.0096,21.973,21.9654,37.8,55,0
2026-03-12 22:49:05,37.942,21.98,37.8938,37.9895,21.9715,21.9883,37.8,55,0
2026-03-12 22:49:06,37.992,21.96,37.9542,38.0298,21.9409,21.9791,37.8,55,0
2026-03-12 22:49:06,37.982,21.959,37.9139,38.0499,21.912,22.0066,37.8,55,0
2026-03-12 22:49:06,37.901,21.95,37.8737,37.929,21.9318,21.9684,37.8,55,0
2026-03-12 22:49:06,37.962,21.964,37.9341,37.9895,21.9394,21.9883,37.8,55,0
2026-03-12 22:49:07,37.932,21.948,37.8737,37.9895,21.8585,22.0371,37.8,55,0
2026-03-12 22:49:07,37.911,21.939,37.8737,37.9492,21.8463,22.0325,37.8,55,0
2026-03-12 22:49:07,37.891,21.937,37.8132,37.9693,21.9013,21.973,37.8,55,0
2026-03-12 22:49:07,37.921,21.965,37.8535,37.9895,21.9547,21.976,37.8,55,0
2026-03-12 22:49:08,37.911,22.0,37.7729,38.0499,21.9699,22.031,37.8,55,0
2026-03-12 22:49:08,37.901,21.987,37.8132,37.9895,21.9501,22.0249,37.8,55,0
2026-03-12 22:49:08,37.962,21.994,37.9139,38.0096,22.0096,21.9776,37.8,55,0
2026-03-12 22:49:08,37.962,22.042,37.8938,38.0298,22.0813,22.0035,37.8,55,0
2026-03-12 22:49:09,37.901,22.042,37.8737,37.929,22.0661,22.0172,37.8,55,0
2026-03-12 22:49:09,37.911,22.013,37.8334,37.9895,22.0249,22.0005,37.8,55,0
2026-03-12 22:49:09,37.942,22.016,37.8938,37.9895,22.0813,21.9516,37.8,55,0
2026-03-12 22:49:09,37.891,22.029,37.8132,37.9693,22.0722,21.9852,37.8,55,0
2026-03-12 22:49:10,37.932,21.984,37.8737,37.9895,22.0294,21.9394,37.8,55,0
2026-03-12 22:49:10,37.932,21.972,37.8737,37.9895,22.0172,21.9272,37.8,55,0
2026-03-12 22:49:10,37.911,21.976,37.8334,37.9895,22.0005,21.9516,37.8,55,0
2026-03-12 22:49:11,37.921,22.014,37.8535,37.9895,22.0645,21.9638,37.8,55,0
2026-03-12 22:49:11,37.891,22.01,37.7931,37.9895,22.0447,21.976,37.8,55,0
2026-03-12 22:49:11,37.932,22.02,37.7931,38.07,22.0569,21.9837,37.8,55,0
2026-03-12 22:49:11,37.942,22.016,37.8535,38.0298,22.0523,21.9791,37.8,55,0
2026-03-12 22:49:12,37.911,22.074,37.8938,37.929,22.118,22.0294,37.8,55,0
2026-03-12 22:49:12,37.871,22.033,37.7729,37.9693,22.0798,21.9852,37.8,55,0
2026-03-12 22:49:12,37.861,22.031,37.8334,37.8888,22.0859,21.976,37.8,55,0
2026-03-12 22:49:12,37.861,22.037,37.8334,37.8888,22.0859,21.9883,37.8,55,0
2026-03-12 22:49:13,37.881,22.04,37.8535,37.9089,22.0768,22.0035,37.8,55,0
2026-03-12 22:49:13,37.952,22.042,37.8535,38.0499,22.0768,22.0066,37.8,55,0
2026-03-12 22:49:13,37.871,22.045,37.7729,37.9693,22.0798,22.0096,37.8,55,0
2026-03-12 22:49:13,37.871,22.058,37.7528,37.9895,22.0905,22.0249,37.8,55,0
2026-03-12 22:49:14,37.891,22.071,37.8334,37.9492,22.0859,22.0569,37.8,55,0
2026-03-12 22:49:14,37.861,22.032,37.8132,37.9089,22.0844,21.9791,37.8,55,0
2026-03-12 22:49:14,37.851,22.024,37.7931,37.9089,22.0813,21.9669,37.8,55,0
2026-03-12 22:49:14,37.911,22.037,37.8334,37.9895,22.0615,22.0127,37.8,55,0
2026-03-12 22:49:15,37.891,22.059,37.8535,37.929,22.089,22.0294,37.8,55,0
2026-03-12 22:49:15,37.871,22.045,37.8334,37.9089,22.0859,22.0035,37.8,55,0
2026-03-12 22:49:15,37.841,22.09,37.8132,37.8686,22.1698,22.0111,37.8,55,0
2026-03-12 22:49:16,37.891,22.071,37.8334,37.9492,22.1225,22.0203,37.8,55,0
2026-03-12 22:49:16,37.831,22.096,37.7125,37.9492,22.1592,22.0325,37.8,55,0
2026-03-12 22:49:16,37.831,22.083,37.7327,37.929,22.1485,22.0172,37.8,55,0
2026-03-12 22:49:16,37.811,22.069,37.7528,37.8686,22.1271,22.0111,37.8,55,0
2026-03-12 22:49:17,37.841,22.078,37.7931,37.8888,22.0935,22.0615,37.8,55,0
2026-03-12 22:49:17,37.891,22.078,37.7931,37.9895,22.1057,22.0493,37.8,55,0
2026-03-12 22:49:17,37.791,22.078,37.7327,37.8485,22.1241,22.0325,37.8,55,7.1013993471318715
2026-03-12 22:49:17,37.851,22.11,37.8132,37.8888,22.121,22.0981,37.8,55,0
2026-03-12 22:49:18,37.841,22.12,37.7931,37.8888,22.179,22.0615,37.8,55,0
2026-03-12 22:49:18,37.841,22.097,37.7528,37.929,22.1271,22.0661,37.8,55,0
2026-03-12 22:49:18,37.841,22.127,37.7528,37.929,22.1759,22.0783,37.8,55,0
2026-03-12 22:49:18,37.841,22.103,37.7729,37.9089,22.2019,22.0035,37.8,55,0
2026-03-12 22:49:19,37.791,22.091,37.7528,37.8283,22.1637,22.0188,37.8,55,4.822688038745461
2026-03-12 22:49:19,37.841,22.127,37.7729,37.9089,22.1775,22.0768,37.8,55,0
2026-03-12 22:49:19,37.851,22.085,37.8132,37.8888,22.1576,22.0127,37.8,55,0
2026-03-12 22:49:19,37.831,22.071,37.7528,37.9089,22.1393,22.0035,37.8,55,0
2026-03-12 22:49:20,37.851,22.11,37.7729,37.929,22.1775,22.0417,37.8,55,0
2026-03-12 22:49:20,37.831,22.157,37.7528,37.9089,22.2248,22.089,37.8,55,0
2026-03-12 22:49:20,37.801,22.104,37.7528,37.8485,22.1637,22.0447,37.8,55,1.1088671680443127
2026-03-12 22:49:21,37.801,22.098,37.7327,37.8686,22.1607,22.0356,37.8,55,0
2026-03-12 22:49:21,37.831,22.138,37.7327,37.929,22.2217,22.0539,37.8,55,0
2026-03-12 22:49:21,37.801,22.129,37.6924,37.9089,22.2049,22.0523,37.8,55,1.1087623058842562
2026-03-12 22:49:21,37.801,22.116,37.7729,37.8283,22.1775,22.0554,37.8,55,0
2026-03-12 22:49:22,37.811,22.148,37.7125,37.9089,22.1592,22.1378,37.8,55,0
2026-03-12 22:49:22,37.851,22.177,37.7528,37.9492,22.1881,22.1668,37.8,55,0
2026-03-12 22:49:22,37.76,22.142,37.6521,37.8686,22.1515,22.1332,37.8,55,15.4460320495164
2026-03-12 22:49:22,37.74,22.158,37.6521,37.8283,22.1881,22.1286,37.8,55,18.74823346707688
2026-03-12 22:49:23,37.77,22.168,37.632,37.9089,22.2232,22.1134,37.8,55,9.338245501920284
2026-03-12 22:49:23,37.801,22.171,37.7125,37.8888,22.2202,22.1225,37.8,55,1.210234976367119
2026-03-12 22:49:23,37.77,22.187,37.7327,37.8082,22.2339,22.1393,37.8,55,12.769432286798498
2026-03-12 22:49:23,37.791,22.177,37.7125,37.8686,22.2446,22.1088,37.8,55,5.13829661827933
2026-03-12 22:49:24,37.77,22.187,37.7125,37.8283,22.2446,22.1286,37.8,55,13.185132764136924
2026-03-12 22:49:24,37.76,22.179,37.632,37.8888,22.2354,22.1225,37.8,55,16.177792741495512
2026-03-12 22:49:24,37.811,22.173,37.7125,37.9089,22.2568,22.089,37.8,55,0
2026-03-12 22:49:24,37.75,22.148,37.7528,37.7478,22.237,22.0584,37.8,55,21.976853456494815
2026-03-12 22:49:25,37.841,22.169,37.7931,37.8888,22.2644,22.0737,37.8,55,0
2026-03-12 22:49:25,37.78,22.175,37.6521,37.9089,22.2248,22.1256,37.8,55,13.705567236126068
2026-03-12 22:49:25,37.791,22.219,37.7327,37.8485,22.2705,22.1668,37.8,55,7.763534680632725
2026-03-12 22:49:26,37.76,22.197,37.6722,37.8485,22.2889,22.1057,37.8,55,18.6336967375816
2026-03-12 22:49:26,37.76,22.179,37.6722,37.8485,22.24,22.118,37.8,55,18.114239555720413
2026-03-12 22:49:26,37.801,22.226,37.7125,37.8888,22.3178,22.1347,37.8,55,5.562418638961221
2026-03-12 22:49:26,37.71,22.186,37.5917,37.8283,22.2797,22.092,37.8,55,37.254979931469926
2026-03-12 22:49:27,37.73,22.2,37.632,37.8283,22.2965,22.1042,37.8,55,28.557165839950006
2026-03-12 22:49:27,37.72,22.181,37.6521,37.7881,22.2614,22.0996,37.8,55,34.31454407902435
2026-03-12 22:49:27,37.71,22.204,37.5715,37.8485,22.3148,22.0935,37.8,55,38.927716200694036
2026-03-12 22:49:27,37.74,22.177,37.632,37.8485,22.2599,22.0935,37.8,55,30.6455536573756
2026-03-12 22:49:28,37.73,22.188,37.6521,37.8082,22.2858,22.0905,37.8,55,36.63482397746759
2026-03-12 22:49:28,37.71,22.181,37.6118,37.8082,22.2705,22.0905,37.8,55,44.30357050108597
2026-03-12 22:49:28,37.78,22.212,37.6722,37.8888,22.3011,22.1225,37.8,55,22.44509028854008
2026-03-12 22:49:28,37.7,22.045,37.5715,37.8283,21.9852,22.1042,37.8,55,52.32408714435759
2026-03-12 22:49:29,37.76,22.118,37.6521,37.8686,22.1271,22.1088,37.8,55,31.231181816000547
2026-03-12 22:49:29,37.72,22.157,37.632,37.8082,22.1744,22.1393,37.8,55,47.98219322003996
2026-03-12 22:49:29,37.74,22.189,37.632,37.8485,22.211,22.1668,37.8,55,41.38612607190831
2026-03-12 22:49:29,37.72,22.157,37.632,37.8082,22.211,22.1027,37.8,55,50.19962502846
2026-03-12 22:49:30,37.69,22.208,37.6521,37.7276,22.2492,22.1668,37.8,55,60.91477525768842
2026-03-12 22:49:30,37.7,22.191,37.5715,37.8283,22.2538,22.1286,37.8,55,58.72524013472277
2026-03-12 22:49:30,37.77,22.199,37.6722,37.8686,22.3011,22.0966,37.8,55,38.45801343221399
2026-03-12 22:49:31,37.72,22.224,37.6118,37.8283,22.3316,22.1164,37.8,55,58.72182935810829
2026-03-12 22:49:31,37.71,22.204,37.5715,37.8485,22.2538,22.1546,37.8,55,61.50876292539167
2026-03-12 22:49:31,37.74,22.128,37.632,37.8485,22.1744,22.0813,37.8,55,53.2250019343614
2026-03-12 22:49:31,37.66,22.15,37.491,37.8283,22.2202,22.0798,37.8,55,82.1735632295106
2026-03-12 22:49:32,37.64,22.184,37.5514,37.7276,22.2263,22.1424,37.8,55,88.2145502805947
2026-03-12 22:49:32,37.71,22.168,37.5715,37.8485,22.2538,22.0813,37.8,55,67.921824192219
2026-03-12 22:49:32,37.71,22.193,37.6118,37.8082,22.295,22.0905,37.8,55,73.12700068147183
2026-03-12 22:49:32,37.68,22.219,37.5917,37.7679,22.3163,22.1225,37.8,55,84.97885258099181
2026-03-12 22:49:33,37.67,22.248,37.5514,37.7881,22.3362,22.1607,37.8,55,89.57300593243575
2026-03-12 22:49:33,37.68,22.25,37.5917,37.7679,22.3407,22.1592,37.8,55,88.74496045620592
2026-03-12 22:49:33,37.71,22.223,37.6118,37.8082,22.3316,22.1149,37.8,55,82.0451800339359
2026-03-12 22:49:33,37.7,22.252,37.6118,37.7881,22.356,22.1485,37.8,55,88.70603062412694
2026-03-12 22:49:34,37.71,22.217,37.6118,37.8082,22.3316,22.1027,37.8,55,87.2096353131519
2026-03-12 22:49:34,37.7,22.228,37.6118,37.7881,22.3438,22.1118,37.8,55,92.95777655168493
2026-03-12 22:49:34,37.69,22.221,37.5715,37.8082,22.3392,22.1027,37.8,55,98.01876220673499
2026-03-12 22:49:34,37.69,22.263,37.5917,37.7881,22.3651,22.1607,37.8,55,100
2026-03-12 22:49:35,37.69,22.264,37.5715,37.8082,22.3392,22.1881,37.8,55,100
2026-03-12 22:49:35,37.67,22.249,37.5715,37.7679,22.3392,22.1592,37.8,55,100
2026-03-12 22:49:35,37.71,22.253,37.632,37.7881,22.3575,22.1485,37.8,55,100
2026-03-12 22:49:36,37.68,22.25,37.5715,37.7881,22.327,22.1729,37.8,55,100
2026-03-12 22:49:36,37.68,22.226,37.5514,37.8082,22.3239,22.1271,37.8,55,100
2026-03-12 22:49:36,37.67,22.255,37.5312,37.8082,22.3468,22.1637,37.8,55,100
2026-03-12 22:49:36,37.68,22.219,37.6118,37.7478,22.3072,22.1317,37.8,55,100
2026-03-12 22:49:37,37.69,22.239,37.6118,37.7679,22.3438,22.1347,37.8,55,100
2026-03-12 22:49:37,37.72,22.248,37.6118,37.8283,22.3438,22.153,37.8,55,100
2026-03-12 22:49:37,37.7,22.271,37.5715,37.8283,22.3636,22.1775,37.8,55,100
2026-03-12 22:49:37,37.71,22.265,37.5917,37.8283,22.3651,22.1653,37.8,55,100
2026-03-12 22:49:38,37.66,22.223,37.5514,37.7679,22.3239,22.1225,37.8,55,100
2026-03-12 22:49:38,37.65,22.259,37.5715,37.7276,22.3636,22.1546,37.8,55,100
2026-03-12 22:49:38,37.71,22.248,37.6118,37.8082,22.3194,22.1759,37.8,55,100
2026-03-12 22:49:38,37.68,22.244,37.5917,37.7679,22.3407,22.1469,37.8,55,100
2026-03-12 22:49:39,37.69,22.221,37.6118,37.7679,22.3072,22.1347,37.8,55,100
2026-03-12 22:49:39,37.72,22.242,37.632,37.8082,22.3209,22.1637,37.8,55,100
2026-03-12 22:49:39,37.7,22.289,37.6118,37.7881,22.3682,22.2095,37.8,55,100
2026-03-12 22:49:39,37.74,22.256,37.6521,37.8283,22.3224,22.1897,37.8,55,100
2026-03-12 22:49:40,37.71,22.222,37.6722,37.7478,22.3255,22.1195,37.8,55,100
2026-03-12 22:49:40,37.7,22.252,37.6118,37.7881,22.3438,22.1607,37.8,55,100
2026-03-12 22:49:40,37.65,22.216,37.5715,37.7276,22.3026,22.1302,37.8,55,100
2026-03-12 22:49:41,37.67,22.248,37.5514,37.7881,22.3117,22.1851,37.8,55,100
2026-03-12 22:49:41,37.67,22.242,37.5917,37.7478,22.3529,22.1317,37.8,55,100
2026-03-12 22:49:41,37.71,22.235,37.5917,37.8283,22.3163,22.153,37.8,55,100
2026-03-12 22:49:41,37.73,22.243,37.6521,37.8082,22.3346,22.1515,37.8,55,100
2026-03-12 22:49:42,37.7,22.234,37.632,37.7679,22.3209,22.1469,37.8,55,100
2026-03-12 22:49:42,37.68,22.232,37.6118,37.7478,22.3072,22.1561,37.8,55,100
2026-03-12 22:49:42,37.64,22.209,37.5917,37.6873,22.2675,22.15,37.8,55,100
2026-03-12 22:49:42,37.76,22.253,37.7125,37.8082,22.3545,22.1515,37.8,55,100
2026-03-12 22:49:43,37.68,22.232,37.6118,37.7478,22.3316,22.1317,37.8,55,100
2026-03-12 22:49:43,37.7,22.234,37.6118,37.7881,22.3194,22.1485,37.8,55,100
2026-03-12 22:49:43,37.67,22.23,37.5917,37.7478,22.3041,22.1561,37.8,55,100
2026-03-12 22:49:43,37.72,22.261,37.632,37.8082,22.3331,22.1881,37.8,55,100
2026-03-12 22:49:44,37.71,22.253,37.6722,37.7478,22.3133,22.1927,37.8,55,100
2026-03-12 22:49:44,37.71,22.21,37.632,37.7881,22.2721,22.1485,37.8,55,100
2026-03-12 22:49:44,37.73,22.225,37.6722,37.7881,22.2889,22.1607,37.8,55,100
2026-03-12 22:49:44,37.72,22.229,37.6521,37.7881,22.2492,22.2095,37.8,55,100
2026-03-12 22:49:45,37.74,22.201,37.6924,37.7881,22.266,22.1363,37.8,55,100
2026-03-12 22:49:45,37.71,22.192,37.6924,37.7276,22.2538,22.1302,37.8,55,100
2026-03-12 22:49:45,37.72,22.187,37.632,37.8082,22.2232,22.1515,37.8,55,100
2026-03-12 22:49:46,37.73,22.194,37.6521,37.8082,22.237,22.1515,37.8,55,100
2026-03-12 22:49:46,37.74,22.208,37.7125,37.7679,22.2202,22.1958,37.8,55,100
2026-03-12 22:49:46,37.74,22.183,37.6924,37.7881,22.2293,22.1363,37.8,55,100
2026-03-12 22:49:46,37.75,22.178,37.7327,37.7679,22.2095,22.1469,37.8,55,100
2026-03-12 22:49:47,37.76,22.167,37.7327,37.7881,22.2217,22.1118,37.8,55,100
2026-03-12 22:49:47,37.77,22.181,37.7125,37.8283,22.2324,22.1286,37.8,55,100
2026-03-12 22:49:47,37.73,22.164,37.6924,37.7679,22.1805,22.1469,37.8,55,100
2026-03-12 22:49:47,37.73,22.158,37.6722,37.7881,22.179,22.1363,37.8,55,100
2026-03-12 22:49:48,37.831,22.187,37.7931,37.8686,22.2034,22.1698,37.8,55,86.6401785512977
2026-03-12 22:49:48,37.75,22.166,37.7125,37.7881,22.1836,22.1485,37.8,55,100
2026-03-12 22:49:48,37.801,22.177,37.7729,37.8283,22.2263,22.1286,37.8,55,97.3921155912932
2026-03-12 22:49:48,37.821,22.186,37.7729,37.8686,22.153,22.2187,37.8,55,93.13569091802577
2026-03-12 22:49:49,37.77,22.132,37.7327,37.8082,22.1241,22.1393,37.8,55,100
2026-03-12 22:49:49,37.841,22.17,37.8737,37.8082,22.1881,22.1515,37.8,55,85.18538606974677
2026-03-12 22:49:49,37.791,22.177,37.7729,37.8082,22.153,22.2004,37.8,55,100
2026-03-12 22:49:49,37.811,22.185,37.8132,37.8082,22.1698,22.2004,37.8,55,95.26604560668599
2026-03-12 22:49:50,37.791,22.152,37.7528,37.8283,22.1393,22.1653,37.8,55,100
2026-03-12 22:49:50,37.77,22.138,37.7327,37.8082,22.1241,22.1515,37.8,55,100
2026-03-12 22:49:50,37.791,22.122,37.7729,37.8082,22.1286,22.1149,37.8,55,100
2026-03-12 22:49:51,37.841,22.145,37.8132,37.8686,22.1454,22.1454,37.8,55,86.14215639385249
2026-03-12 22:49:51,37.811,22.112,37.8132,37.8082,22.1454,22.0783,37.8,55,97.34233171564932
2026-03-12 22:49:51,37.831,22.102,37.8535,37.8082,22.1012,22.1027,37.8,55,89.17147305809641
2026-03-12 22:49:51,37.851,22.073,37.8334,37.8686,22.0737,22.0722,37.8,55,82.82786489219288
2026-03-12 22:49:52,37.861,22.049,37.8737,37.8485,22.0294,22.0691,37.8,55,79.30961866264904
2026-03-12 22:49:52,37.851,22.086,37.8938,37.8082,22.0813,22.0905,37.8,55,81.68189366636685
2026-03-12 22:49:52,37.871,22.094,37.8132,37.929,22.0722,22.1149,37.8,55,73.5260350820711
2026-03-12 22:49:52,37.831,22.113,37.8737,37.7881,22.1271,22.0996,37.8,55,85.97206424793282
2026-03-12 22:49:53,37.841,22.097,37.8737,37.8082,22.0661,22.1271,37.8,55,80.17347206059888
2026-03-12 22:49:53,37.851,22.085,37.8132,37.8888,22.0356,22.1347,37.8,55,76.4337199925438
2026-03-12 22:49:53,37.901,22.06,37.9744,37.8283,22.0157,22.1042,37.8,55,59.35084190807388
2026-03-12 22:49:53,37.851,22.079,37.7931,37.9089,21.9959,22.1622,37.8,55,75.77568453985404
2026-03-12 22:49:54,37.881,22.052,37.8334,37.929,21.9638,22.1393,37.8,55,62.51416038141245
2026-03-12 22:49:54,37.871,22.063,37.8334,37.9089,21.9638,22.1622,37.8,55,65.35347118735076
2026-03-12 22:49:54,37.881,22.028,37.9341,37.8283,21.9883,22.0676,37.8,55,60.03113708025008
2026-03-12 22:49:54,37.891,22.065,37.8938,37.8888,21.9837,22.1469,37.8,55,55.39837114550888
2026-03-12 22:49:55,37.891,22.041,37.9139,37.8686,21.9974,22.0844,37.8,55,53.82196990072315
2026-03-12 22:49:55,37.851,22.024,37.8737,37.8283,21.9928,22.0554,37.8,55,64.90727695061057
2026-03-12 22:49:55,37.871,22.002,37.8737,37.8686,21.9806,22.0233,37.8,55,55.38270077961357
2026-03-12 22:49:56,37.942,22.01,37.9744,37.9089,21.9425,22.0768,37.8,55,31.42187990872159
2026-03-12 22:49:56,37.942,22.022,37.9744,37.9089,21.9425,22.1012,37.8,55,31.491376775218868
2026-03-12 22:49:56,37.911,22.019,37.9139,37.9089,21.9608,22.0768,37.8,55,38.4864151220134
2026-03-12 22:49:56,37.942,22.01,37.9542,37.929,21.9409,22.0783,37.8,55,24.423446972962843
2026-03-12 22:49:57,37.871,22.026,37.9139,37.8283,21.9486,22.1042,37.8,55,45.95142934450726
2026-03-12 22:49:57,37.932,21.997,37.9542,37.9089,21.9165,22.0768,37.8,55,21.117510633142142
2026-03-12 22:49:57,37.901,21.987,37.9139,37.8888,21.9242,22.0493,37.8,55,31.1161048590466
2026-03-12 22:49:57,37.932,21.96,37.9945,37.8686,21.8967,22.0233,37.8,55,17.276698532524716
2026-03-12 22:49:58,38.012,21.987,38.0348,37.9895,21.8769,22.0981,37.8,55,0
2026-03-12 22:49:58,37.982,22.002,38.0549,37.9089,21.9028,22.1012,37.8,55,0
2026-03-12 22:49:58,37.911,21.969,37.9744,37.8485,21.8692,22.0691,37.8,55,16.0943059709924
2026-03-12 22:49:58,37.992,21.997,38.0146,37.9693,21.886,22.1073,37.8,55,0
2026-03-12 22:49:59,37.982,21.996,38.0146,37.9492,21.8982,22.0935,37.8,55,0
2026-03-12 22:49:59,37.972,21.994,38.0549,37.8888,21.8906,22.0981,37.8,55,0
2026-03-12 22:49:59,37.942,21.979,38.0146,37.8686,21.8738,22.0844,37.8,55,0
2026-03-12 22:49:59,37.932,21.947,38.0146,37.8485,21.8738,22.0203,37.8,55,0
2026-03-12 22:50:00,37.992,21.972,38.0146,37.9693,21.8616,22.0829,37.8,55,0
2026-03-12 22:50:00,37.992,21.997,38.0549,37.929,21.8784,22.1149,37.8,55,0
2026-03-12 22:50:00,37.992,21.942,38.0348,37.9492,21.8402,22.0447,37.8,55,0
2026-03-12 22:50:01,38.032,21.971,38.0751,37.9895,21.8448,22.0981,37.8,55,0
2026-03-12 22:50:01,38.022,21.952,38.0751,37.9693,21.8082,22.0951,37.8,55,0
2026-03-12 22:50:01,38.022,21.952,38.0549,37.9895,21.8418,22.0615,37.8,55,0
2026-03-12 22:50:01,37.942,21.906,38.0549,37.8283,21.7929,22.0188,37.8,55,0
2026-03-12 22:50:02,38.032,21.891,38.1154,37.9492,21.7746,22.0081,37.8,55,0
2026-03-12 22:50:02,38.042,21.887,38.0952,37.9895,21.7487,22.0249,37.8,55,0
2026-03-12 22:50:02,38.042,21.904,38.1556,37.929,21.7792,22.0294,37.8,55,0
2026-03-12 22:50:02,38.032,21.91,38.1154,37.9492,21.7746,22.0447,37.8,55,0
2026-03-12 22:50:03,38.022,21.909,38.0952,37.9492,21.7731,22.0447,37.8,55,0
2026-03-12 22:50:03,38.012,21.878,38.0751,37.9492,21.7716,21.9837,37.8,55,0
2026-03-12 22:50:03,38.093,21.855,38.1154,38.07,21.738,21.9715,37.8,55,0
2026-03-12 22:50:03,38.012,21.829,38.0348,37.9895,21.706,21.9516,37.8,55,0
2026-03-12 22:50:04,38.042,21.868,38.1355,37.9492,21.7044,22.0325,37.8,55,0
2026-03-12 22:50:04,38.052,21.875,38.1355,37.9693,21.7411,22.0096,37.8,55,0
2026-03-12 22:50:04,38.062,21.901,38.1355,37.9895,21.7288,22.0737,37.8,55,0
2026-03-12 22:50:04,38.012,21.877,38.0952,37.929,21.7365,22.0172,37.8,55,0
2026-03-12 22:50:05,38.042,21.862,38.1154,37.9693,21.7258,21.9974,37.8,55,0
2026-03-12 22:50:05,38.042,21.82,38.0952,37.9895,21.6754,21.9638,37.8,55,0
2026-03-12 22:50:05,38.073,21.847,38.1556,37.9895,21.6693,22.0249,37.8,55,0
2026-03-12 22:50:06,38.022,21.804,38.1556,37.8888,21.6693,21.9394,37.8,55,0
2026-03-12 22:50:06,38.083,21.836,38.1758,37.9895,21.6968,21.976,37.8,55,0
2026-03-12 22:50:06,38.073,21.835,38.1556,37.9895,21.6693,22.0005,37.8,55,0
2026-03-12 22:50:06,38.062,21.803,38.1959,37.929,21.6373,21.9684,37.8,55,0
2026-03-12 22:50:07,38.083,21.842,38.1556,38.0096,21.6938,21.9898,37.8,55,0
2026-03-12 22:50:07,38.073,21.792,38.1556,37.9895,21.6449,21.9394,37.8,55,0
2026-03-12 22:50:07,38.073,21.847,38.1959,37.9492,21.7105,21.9837,37.8,55,0
2026-03-12 22:50:07,38.103,21.778,38.2161,37.9895,21.6037,21.9516,37.8,55,0
2026-03-12 22:50:08,38.113,21.754,38.2362,37.9895,21.5686,21.9394,37.8,55,0
2026-03-12 22:50:08,38.123,21.791,38.2362,38.0096,21.6297,21.9532,37.8,55,0
2026-03-12 22:50:08,38.083,21.75,38.1556,38.0096,21.5839,21.9165,37.8,55,0
2026-03-12 22:50:08,38.103,21.746,38.1959,38.0096,21.6007,21.8921,37.8,55,0
2026-03-12 22:50:09,38.083,21.744,38.1556,38.0096,21.5717,21.9165,37.8,55,0
2026-03-12 22:50:09,38.113,21.748,38.1758,38.0499,21.5869,21.9089,37.8,55,0
2026-03-12 22:50:09,38.042,21.721,38.1556,37.929,21.5717,21.8708,37.8,55,0
2026-03-12 22:50:09,38.113,21.778,38.1556,38.07,21.6205,21.9348,37.8,55,0
2026-03-12 22:50:10,38.062,21.791,38.1355,37.9895,21.6312,21.9516,37.8,55,0
2026-03-12 22:50:10,38.133,21.792,38.1959,38.07,21.6617,21.9226,37.8,55,0
2026-03-12 22:50:10,38.143,21.788,38.2362,38.0499,21.6419,21.9333,37.8,55,0
2026-03-12 22:50:11,38.123,21.767,38.1959,38.0499,21.6373,21.8967,37.8,55,0
2026-03-12 22:50:11,38.113,21.766,38.2161,38.0096,21.6281,21.9043,37.8,55,0
2026-03-12 22:50:11,38.123,21.767,38.2161,38.0298,21.6037,21.9303,37.8,55,0
2026-03-12 22:50:11,38.133,21.769,38.2161,38.0499,21.6159,21.9211,37.8,55,0
2026-03-12 22:50:12,38.073,21.774,38.1355,38.0096,21.619,21.9287,37.8,55,0
2026-03-12 22:50:12,38.093,21.813,38.1959,37.9895,21.6617,21.9638,37.8,55,0
2026-03-12 22:50:12,38.073,21.743,38.1154,38.0298,21.5549,21.9303,37.8,55,0
2026-03-12 22:50:12,38.133,21.732,38.2161,38.0499,21.5549,21.9089,37.8,55,0
2026-03-12 22:50:13,38.103,21.752,38.1959,38.0096,21.6129,21.8921,37.8,55,0
2026-03-12 22:50:13,38.083,21.733,38.1758,37.9895,21.5747,21.8906,37.8,55,0
2026-03-12 22:50:13,38.123,21.724,38.2161,38.0298,21.5793,21.8692,37.8,55,0
2026-03-12 22:50:13,38.123,21.743,38.2362,38.0096,21.5686,21.9165,37.8,55,0
2026-03-12 22:50:14,38.133,21.756,38.1758,38.0902,21.5747,21.9379,37.8,55,0
2026-03-12 22:50:14,38.143,21.769,38.1959,38.0902,21.6129,21.9257,37.8,55,0
2026-03-12 22:50:14,38.153,21.715,38.2362,38.07,21.593,21.8372,37.8,55,0
2026-03-12 22:50:14,38.123,21.724,38.1556,38.0902,21.5473,21.9013,37.8,55,0
2026-03-12 22:50:15,38.062,21.7,38.1355,37.9895,21.5702,21.8296,37.8,55,0
2026-03-12 22:50:15,38.113,21.705,38.1758,38.0499,21.5503,21.8601,37.8,55,0
2026-03-12 22:50:15,38.173,21.736,38.2765,38.07,21.5976,21.8738,37.8,55,0
2026-03-12 22:50:16,38.093,21.714,38.1154,38.07,21.5671,21.8616,37.8,55,0
2026-03-12 22:50:16,38.153,21.704,38.2564,38.0499,21.5839,21.8235,37.8,55,0
2026-03-12 22:50:16,38.093,21.714,38.1154,38.07,21.5427,21.886,37.8,55,0
2026-03-12 22:50:16,38.103,21.685,38.1758,38.0298,21.5625,21.8082,37.8,55,0
2026-03-12 22:50:17,38.123,21.663,38.1758,38.07,21.5137,21.8128,37.8,55,0
2026-03-12 22:50:17,38.183,21.646,38.2564,38.1103,21.4862,21.8051,37.8,55,0
2026-03-12 22:50:17,38.203,21.666,38.2765,38.1305,21.5366,21.796,37.8,55,0
2026-03-12 22:50:17,38.123,21.688,38.1959,38.0499,21.5274,21.8479,37.8,55,0
2026-03-12 22:50:18,38.143,21.72,38.2362,38.0499,21.5442,21.8967,37.8,55,0
2026-03-12 22:50:18,38.123,21.688,38.1959,38.0499,21.5763,21.799,37.8,55,0
2026-03-12 22:50:18,38.143,21.672,38.2161,38.07,21.5793,21.7639,37.8,55,0
2026-03-12 22:50:18,38.113,21.687,38.1758,38.0499,21.5503,21.8235,37.8,55,0
2026-03-12 22:50:19,38.173,21.711,38.2362,38.1103,21.5686,21.854,37.8,55,0
2026-03-12 22:50:19,38.133,21.726,38.2161,38.0499,21.5915,21.8601,37.8,55,0
2026-03-12 22:50:19,38.133,21.725,38.1556,38.1103,21.5717,21.8784,37.8,55,0
2026-03-12 22:50:19,38.123,21.718,38.1959,38.0499,21.5763,21.8601,37.8,55,0
2026-03-12 22:50:20,38.113,21.711,38.2161,38.0096,21.6037,21.8189,37.8,55,0
2026-03-12 22:50:20,38.133,21.707,38.1959,38.07,21.5885,21.825,37.8,55,0
2026-03-12 22:50:20,38.153,21.715,38.1355,38.1707,21.5946,21.8357,37.8,55,0
2026-03-12 22:50:21,38.093,21.727,38.1758,38.0096,21.5869,21.8677,37.8,55,0
2026-03-12 22:50:21,38.153,21.765,38.2564,38.0499,21.6205,21.9089,37.8,55,0
2026-03-12 22:50:21,38.173,21.736,38.1959,38.1506,21.5885,21.883,37.8,55,0
2026-03-12 22:50:21,38.123,21.749,38.1556,38.0902,21.6205,21.8769,37.8,55,0
2026-03-12 22:50:22,38.123,21.718,38.1556,38.0902,21.5717,21.8647,37.8,55,0
2026-03-12 22:50:22,38.153,21.728,38.2161,38.0902,21.6281,21.828,37.8,55,0
2026-03-12 22:50:22,38.123,21.688,38.2362,38.0096,21.593,21.7823,37.8,55,0
2026-03-12 22:50:22,38.193,21.714,38.2564,38.1305,21.5839,21.8448,37.8,55,0
2026-03-12 22:50:23,38.123,21.682,38.1758,38.07,21.5503,21.8128,37.8,55,0
2026-03-12 22:50:23,38.183,21.658,38.2161,38.1506,21.5061,21.8097,37.8,55,0
2026-03-12 22:50:23,38.133,21.682,38.1556,38.1103,21.5351,21.8296,37.8,55,0
2026-03-12 22:50:23,38.153,21.678,38.2362,38.07,21.5442,21.8128,37.8,55,0
2026-03-12 22:50:24,38.173,21.688,38.2161,38.1305,21.5671,21.8082,37.8,55,0
2026-03-12 22:50:24,38.103,21.679,38.0952,38.1103,21.59,21.7685,37.8,55,0
2026-03-12 22:50:24,38.153,21.703,38.2362,38.07,21.5686,21.8372,37.8,55,0
2026-03-12 22:50:24,38.163,21.686,38.2362,38.0902,21.593,21.7792,37.8,55,0
2026-03-12 22:50:25,38.103,21.685,38.1154,38.0902,21.5549,21.8158,37.8,55,0
2026-03-12 22:50:25,38.073,21.676,38.1556,37.9895,21.5839,21.7685,37.8,55,0
2026-03-12 22:50:25,38.163,21.704,38.1758,38.1506,21.5991,21.8097,37.8,55,0
2026-03-12 22:50:26,38.103,21.722,38.1959,38.0096,21.6495,21.7945,37.8,55,0
2026-03-12 22:50:26,38.113,21.723,38.1556,38.07,21.6449,21.8006,37.8,55,0
2026-03-12 22:50:26,38.153,21.752,38.1758,38.1305,21.6236,21.8814,37.8,55,0
2026-03-12 22:50:26,38.143,21.739,38.2362,38.0499,21.6297,21.8479,37.8,55,0
2026-03-12 22:50:27,38.123,21.755,38.1959,38.0499,21.6617,21.8479,37.8,55,0
2026-03-12 22:50:27,38.103,21.71,38.1556,38.0499,21.6205,21.799,37.8,55,0
2026-03-12 22:50:27,38.133,21.756,38.1556,38.1103,21.6205,21.8906,37.8,55,0
2026-03-12 22:50:27,38.093,21.764,38.1355,38.0499,21.619,21.9089,37.8,55,0
2026-03-12 22:50:28,38.113,21.76,38.1758,38.0499,21.6358,21.8845,37.8,55,0
2026-03-12 22:50:28,38.143,21.708,38.1959,38.0902,21.5885,21.828,37.8,55,0
2026-03-12 22:50:28,38.093,21.727,38.1355,38.0499,21.619,21.8357,37.8,55,0
2026-03-12 22:50:28,38.073,21.694,38.1154,38.0298,21.5915,21.796,37.8,55,0
2026-03-12 22:50:29,38.103,21.698,38.1154,38.0902,21.6159,21.7792,37.8,55,0
2026-03-12 22:50:29,38.093,21.757,38.1154,38.07,21.6526,21.8616,37.8,55,0
2026-03-12 22:50:29,38.143,21.702,38.1959,38.0902,21.6251,21.7792,37.8,55,0
2026-03-12 22:50:29,38.133,21.725,38.1556,38.1103,21.6083,21.8418,37.8,55,0
2026-03-12 22:50:30,38.133,21.713,38.1556,38.1103,21.6083,21.8173,37.8,55,0
2026-03-12 22:50:30,38.093,21.745,38.1154,38.07,21.6403,21.8494,37.8,55,0
2026-03-12 22:50:30,38.163,21.784,38.1959,38.1305,21.6983,21.8692,37.8,55,0
2026-03-12 22:50:31,38.103,21.746,38.1355,38.07,21.6068,21.886,37.8,55,0
2026-03-12 22:50:31,38.062,21.742,38.0549,38.07,21.6342,21.8494,37.8,55,0
2026-03-12 22:50:31,38.113,21.759,38.1556,38.07,21.6327,21.886,37.8,55,0
2026-03-12 22:50:31,38.123,21.773,38.1556,38.0902,21.6693,21.8769,37.8,55,0
2026-03-12 22:50:32,38.103,21.74,38.1355,38.07,21.6434,21.8372,37.8,55,0
2026-03-12 22:50:32,38.083,21.775,38.1154,38.0499,21.6648,21.8845,37.8,55,0
2026-03-12 22:50:32,38.093,21.697,38.0751,38.1103,21.6129,21.7807,37.8,55,0
2026-03-12 22:50:32,38.103,21.716,38.1355,38.07,21.6434,21.7884,37.8,55,0
2026-03-12 22:50:33,38.103,21.759,38.1355,38.07,21.6678,21.8494,37.8,55,0
2026-03-12 22:50:33,38.052,21.747,38.0751,38.0298,21.6861,21.8082,37.8,55,0
2026-03-12 22:50:33,38.073,21.749,38.0952,38.0499,21.6754,21.8235,37.8,55,0
2026-03-12 22:50:33,38.083,21.714,38.1154,38.0499,21.6526,21.7746,37.8,55,0
2026-03-12 22:50:34,38.073,21.768,38.0751,38.07,21.6861,21.8494,37.8,55,0
2026-03-12 22:50:34,38.113,21.742,38.1758,38.0499,21.6968,21.7868,37.8,55,0
2026-03-12 22:50:34,38.103,21.722,38.1355,38.07,21.6434,21.8006,37.8,55,0
2026-03-12 22:50:34,38.133,21.707,38.1355,38.1305,21.6434,21.7716,37.8,55,0
2026-03-12 22:50:35,38.093,21.763,38.1154,38.07,21.7014,21.825,37.8,55,0
2026-03-12 22:50:35,38.083,21.72,38.0751,38.0902,21.6617,21.7792,37.8,55,0
2026-03-12 22:50:35,38.113,21.754,38.1355,38.0902,21.7288,21.7792,37.8,55,0
2026-03-12 22:50:36,38.093,21.752,38.0952,38.0902,21.6754,21.828,37.8,55,0
2026-03-12 22:50:36,38.093,21.745,38.1154,38.07,21.6892,21.8006,37.8,55,0
2026-03-12 22:50:36,38.113,21.791,38.1355,38.0902,21.7166,21.8647,37.8,55,0
2026-03-12 22:50:36,38.073,21.774,38.0549,38.0902,21.6953,21.8524,37.8,55,0
2026-03-12 22:50:37,38.093,21.77,38.0952,38.0902,21.6999,21.8402,37.8,55,0
2026-03-12 22:50:37,38.062,21.797,38.0549,38.07,21.7319,21.8616,37.8,55,0
2026-03-12 22:50:37,38.083,21.775,38.1154,38.0499,21.738,21.8112,37.8,55,0
2026-03-12 22:50:37,38.052,21.759,38.0348,38.07,21.7182,21.8006,37.8,55,0
2026-03-12 22:50:38,38.073,21.737,38.0751,38.07,21.6861,21.7884,37.8,55,0
2026-03-12 22:50:38,38.113,21.772,38.1556,38.07,21.7182,21.825,37.8,55,0
2026-03-12 22:50:38,38.042,21.733,38.0146,38.07,21.6419,21.825,37.8,55,0
2026-03-12 22:50:38,38.083,21.739,38.0751,38.0902,21.6495,21.828,37.8,55,0
2026-03-12 22:50:39,38.052,21.759,38.0549,38.0499,21.7075,21.8112,37.8,55,0
2026-03-12 22:50:39,38.042,21.77,38.0146,38.07,21.7029,21.8372,37.8,55,0
2026-03-12 22:50:39,38.042,21.801,38.0348,38.0499,21.7426,21.8601,37.8,55,0
2026-03-12 22:50:39,38.042,21.783,38.0348,38.0499,21.7426,21.8235,37.8,55,0
2026-03-12 22:50:40,38.052,21.796,37.9945,38.1103,21.738,21.854,37.8,55,0
2026-03-12 22:50:40,38.002,21.772,37.9744,38.0298,21.735,21.8082,37.8,55,0
2026-03-12 22:50:40,38.093,21.776,38.0751,38.1103,21.7594,21.7929,37.8,55,0
2026-03-12 22:50:41,38.062,21.76,38.0549,38.07,21.7319,21.7884,37.8,55,0
2026-03-12 22:50:41,38.062,21.767,38.0751,38.0499,21.7472,21.7868,37.8,55,0
2026-03-12 22:50:41,38.042,21.759,38.0751,38.0096,21.735,21.7823,37.8,55,0
2026-03-12 22:50:41,38.113,21.79,38.0549,38.1707,21.7685,21.8112,37.8,55,0
2026-03-12 22:50:42,38.032,21.806,38.0146,38.0499,21.7639,21.8479,37.8,55,0
2026-03-12 22:50:42,38.073,21.829,38.0751,38.07,21.7838,21.8738,37.8,55,0
2026-03-12 22:50:42,38.032,21.769,37.9945,38.07,21.738,21.8006,37.8,55,0
2026-03-12 22:50:42,38.042,21.801,38.0348,38.0499,21.767,21.8357,37.8,55,0
2026-03-12 22:50:43,38.052,21.79,38.0348,38.07,21.7548,21.825,37.8,55,0
2026-03-12 22:50:43,38.042,21.814,38.0348,38.0499,21.7914,21.8357,37.8,55,0
2026-03-12 22:50:43,38.083,21.824,38.0751,38.0902,21.796,21.8524,37.8,55,0
2026-03-12 22:50:43,37.982,21.825,37.9744,37.9895,21.796,21.854,37.8,55,0
2026-03-12 22:50:44,38.002,21.827,37.9744,38.0298,21.7838,21.8692,37.8,55,0
2026-03-12 22:50:44,38.032,21.8,37.9945,38.07,21.7746,21.825,37.8,55,0
2026-03-12 22:50:44,38.022,21.792,38.0146,38.0298,21.7762,21.8082,37.8,55,0
2026-03-12 22:50:44,38.052,21.82,38.0348,38.07,21.7914,21.8494,37.8,55,0
2026-03-12 22:50:45,38.052,21.845,38.0751,38.0298,21.7716,21.9181,37.8,55,0
2026-03-12 22:50:45,37.992,21.807,37.9744,38.0096,21.7472,21.8677,37.8,55,0
2026-03-12 22:50:45,38.022,21.811,37.9945,38.0499,21.7502,21.8723,37.8,55,0
2026-03-12 22:50:46,38.022,21.847,38.0146,38.0298,21.8006,21.8936,37.8,55,0
2026-03-12 22:50:46,37.992,21.807,37.9744,38.0096,21.796,21.8189,37.8,55,0
2026-03-12 22:50:46,38.012,21.804,37.9744,38.0499,21.796,21.8112,37.8,55,0
2026-03-12 22:50:46,38.012,21.84,37.9542,38.07,21.8189,21.8616,37.8,55,0
2026-03-12 22:50:47,38.042,21.825,38.0146,38.07,21.8128,21.8372,37.8,55,0
2026-03-12 22:50:47,38.022,21.823,37.9744,38.07,21.8082,21.8372,37.8,55,0
2026-03-12 22:50:47,38.002,21.858,37.9542,38.0499,21.8311,21.8845,37.8,55,0
2026-03-12 22:50:47,38.042,21.843,38.0549,38.0298,21.8296,21.857,37.8,55,0
2026-03-12 22:50:48,38.062,21.889,38.0751,38.0499,21.857,21.9211,37.8,55,0
2026-03-12 22:50:48,37.972,21.855,37.9341,38.0096,21.854,21.8555,37.8,55,0
2026-03-12 22:50:48,37.972,21.866,37.9744,37.9693,21.857,21.8753,37.8,55,0
2026-03-12 22:50:48,37.962,21.829,37.9945,37.929,21.8112,21.8463,37.8,55,0
2026-03-12 22:50:49,37.982,21.849,37.9542,38.0096,21.8189,21.8799,37.8,55,0
2026-03-12 22:50:49,38.042,21.862,37.9744,38.1103,21.8326,21.8906,37.8,55,0
2026-03-12 22:50:49,38.002,21.87,37.9341,38.07,21.8296,21.9104,37.8,55,0
2026-03-12 22:50:49,37.962,21.829,37.8535,38.07,21.8082,21.8494,37.8,55,0
2026-03-12 22:50:50,38.012,21.859,37.9945,38.0298,21.8601,21.857,37.8,55,0
2026-03-12 22:50:50,37.921,21.855,37.9341,37.9089,21.8662,21.8448,37.8,55,0
2026-03-12 22:50:50,37.972,21.817,37.9744,37.9693,21.8204,21.8143,37.8,55,0
2026-03-12 22:50:51,38.012,21.852,37.9139,38.1103,21.8509,21.854,37.8,55,0
2026-03-12 22:50:51,38.002,21.858,38.0146,37.9895,21.8616,21.854,37.8,55,0
2026-03-12 22:50:51,37.982,21.831,37.9542,38.0096,21.8799,21.7823,37.8,55,0
2026-03-12 22:50:51,37.982,21.831,37.9744,37.9895,21.8448,21.8173,37.8,55,0
2026-03-12 22:50:52,37.952,21.846,37.9139,37.9895,21.8387,21.854,37.8,55,0
2026-03-12 22:50:52,37.972,21.866,37.9139,38.0298,21.8509,21.8814,37.8,55,0
2026-03-12 22:50:52,38.022,21.891,37.9542,38.0902,21.8799,21.9013,37.8,55,0
2026-03-12 22:50:52,37.992,21.868,37.9139,38.07,21.8753,21.8616,37.8,55,0
2026-03-12 22:50:53,37.921,21.898,37.9341,37.9089,21.8906,21.9059,37.8,55,0
2026-03-12 22:50:53,37.911,21.854,37.8737,37.9492,21.8463,21.8616,37.8,55,0
2026-03-12 22:50:53,37.942,21.894,37.8938,37.9895,21.8982,21.8906,37.8,55,0
2026-03-12 22:50:53,37.972,21.884,37.9744,37.9693,21.8448,21.9242,37.8,55,0
2026-03-12 22:50:54,37.952,21.913,37.8938,38.0096,21.8738,21.9532,37.8,55,0
2026-03-12 22:50:54,38.002,21.881,37.9744,38.0298,21.8814,21.8814,37.8,55,0
2026-03-12 22:50:54,37.932,21.881,37.8535,38.0096,21.857,21.9043,37.8,55,0
2026-03-12 22:50:54,37.952,21.883,37.9139,37.9895,21.8631,21.9028,37.8,55,0
2026-03-12 22:50:55,37.901,21.896,37.8132,37.9895,21.9013,21.8906,37.8,55,0
2026-03-12 22:50:55,37.942,21.906,37.8535,38.0298,21.9059,21.9059,37.8,55,0
2026-03-12 22:50:55,37.921,21.904,37.8535,37.9895,21.9059,21.9028,37.8,55,0
2026-03-12 22:50:56,37.942,21.906,37.8737,38.0096,21.9196,21.8921,37.8,55,0
2026-03-12 22:50:56,37.942,21.881,37.9139,37.9693,21.8997,21.8631,37.8,55,0
2026-03-12 22:50:56,37.952,21.785,37.9341,37.9693,21.7319,21.8387,37.8,55,0
2026-03-12 22:50:56,37.901,21.817,37.8938,37.9089,21.8006,21.8326,37.8,55,0
2026-03-12 22:50:57,37.921,21.855,37.8737,37.9693,21.8585,21.8509,37.8,55,0
2026-03-12 22:50:57,37.942,21.888,37.8938,37.9895,21.8738,21.9028,37.8,55,0
2026-03-12 22:50:57,37.932,21.868,37.9139,37.9492,21.8387,21.8982,37.8,55,0
2026-03-12 22:50:57,37.982,21.862,37.9542,38.0096,21.8921,21.8311,37.8,55,0
2026-03-12 22:50:58,37.911,21.891,37.8334,37.9895,21.9272,21.854,37.8,55,0
2026-03-12 22:50:58,37.932,21.887,37.8535,38.0096,21.8936,21.8799,37.8,55,0
2026-03-12 22:50:58,37.911,21.891,37.8334,37.9895,21.915,21.8662,37.8,55,0
2026-03-12 22:50:58,37.901,21.914,37.8132,37.9895,21.9257,21.9028,37.8,55,0
2026-03-12 22:50:59,37.921,21.91,37.8938,37.9492,21.9348,21.886,37.8,55,0
2026-03-12 22:50:59,37.911,21.921,37.8737,37.9492,21.944,21.8982,37.8,55,0
2026-03-12 22:50:59,37.881,21.911,37.7931,37.9693,21.9226,21.8997,37.8,55,0
2026-03-12 22:50:59,37.901,21.895,37.8334,37.9693,21.9272,21.8631,37.8,55,0
2026-03-12 22:51:00,37.891,21.907,37.8334,37.9492,21.9516,21.8616,37.8,55,0
2026-03-12 22:51:00,37.932,21.93,37.8535,38.0096,21.9791,21.8799,37.8,55,0
2026-03-12 22:51:00,37.831,21.888,37.7528,37.9089,21.9196,21.857,37.8,55,0
2026-03-12 22:51:01,37.881,21.942,37.8334,37.929,21.9638,21.9196,37.8,55,0
2026-03-12 22:51:01,37.851,21.952,37.7528,37.9492,21.9806,21.9226,37.8,55,0
2026-03-12 22:51:01,37.921,21.952,37.8737,37.9693,21.9928,21.912,37.8,55,0
2026-03-12 22:51:01,37.901,21.938,37.8737,37.929,21.9562,21.9196,37.8,55,0
2026-03-12 22:51:02,37.911,21.964,37.8737,37.9492,21.9806,21.9471,37.8,55,0
2026-03-12 22:51:02,37.861,21.928,37.8132,37.9089,21.9623,21.8936,37.8,55,0
2026-03-12 22:51:02,37.831,21.961,37.7931,37.8686,21.9715,21.9501,37.8,55,0
2026-03-12 22:51:02,37.921,21.929,37.8535,37.9895,21.9669,21.8906,37.8,55,0
2026-03-12 22:51:03,37.891,22.01,37.8132,37.9693,22.0233,21.9974,37.8,55,0
2026-03-12 22:51:03,37.901,21.975,37.8132,37.9895,21.9989,21.9516,37.8,55,0
2026-03-12 22:51:03,37.871,21.965,37.7931,37.9492,21.9959,21.9348,37.8,55,0
2026-03-12 22:51:03,37.871,21.959,37.7729,37.9693,22.0066,21.912,37.8,55,0
2026-03-12 22:51:04,37.831,21.949,37.7729,37.8888,21.9821,21.915,37.8,55,0
2026-03-12 22:51:04,37.921,21.952,37.8132,38.0298,22.0111,21.8936,37.8,55,0
2026-03-12 22:51:04,37.901,21.945,37.8535,37.9492,21.9791,21.9104,37.8,55,0
2026-03-12 22:51:04,37.861,21.952,37.8334,37.8888,22.0005,21.9028,37.8,55,0
2026-03-12 22:51:05,37.841,21.999,37.8132,37.8686,22.0356,21.9623,37.8,55,0
2026-03-12 22:51:05,37.851,22.024,37.8132,37.8888,22.06,21.9883,37.8,55,0
2026-03-12 22:51:05,37.821,22.033,37.7125,37.929,22.0981,21.9684,37.8,55,0
2026-03-12 22:51:06,37.881,21.997,37.8132,37.9492,22.06,21.9348,37.8,55,0
2026-03-12 22:51:06,37.861,22.013,37.8132,37.9089,22.0844,21.9425,37.8,55,0
2026-03-12 22:51:06,37.791,21.981,37.7125,37.8686,22.0127,21.9501,37.8,55,5.733979113338819
2026-03-12 22:51:06,37.78,21.98,37.6924,37.8686,22.0462,21.9135,37.8,55,6.350240219085912
2026-03-12 22:51:07,37.891,21.962,37.8334,37.9492,22.0127,21.9104,37.8,55,0
2026-03-12 22:51:07,37.821,21.978,37.8132,37.8283,22.0356,21.9211,37.8,55,0
2026-03-12 22:51:07,37.881,21.979,37.8535,37.9089,22.0279,21.9303,37.8,55,0
2026-03-12 22:51:07,37.871,22.002,37.7931,37.9492,22.0447,21.9593,37.8,55,0
2026-03-12 22:51:08,37.851,21.981,37.7729,37.929,22.031,21.9318,37.8,55,0
2026-03-12 22:51:08,37.831,21.985,37.7729,37.8888,22.0432,21.9272,37.8,55,0
2026-03-12 22:51:08,37.821,21.997,37.7528,37.8888,22.0661,21.9272,37.8,55,0
2026-03-12 22:51:08,37.831,21.992,37.7125,37.9492,22.0493,21.9348,37.8,55,0
2026-03-12 22:51:09,37.871,22.008,37.8132,37.929,22.0966,21.9196,37.8,55,0
2026-03-12 22:51:09,37.801,21.988,37.7327,37.8686,22.0264,21.9501,37.8,55,2.9340377232408152
2026-03-12 22:51:09,37.801,21.988,37.6924,37.9089,22.034,21.9425,37.8,55,0
2026-03-12 22:51:09,37.811,21.99,37.7125,37.9089,22.0493,21.9303,37.8,55,0
2026-03-12 22:51:10,37.841,22.029,37.7125,37.9693,22.0981,21.9608,37.8,55,0
2026-03-12 22:51:10,37.801,22.019,37.7125,37.8888,22.0981,21.9394,37.8,55,1.5646745007775733
2026-03-12 22:51:10,37.851,22.006,37.7729,37.929,22.0676,21.944,37.8,55,0
2026-03-12 22:51:11,37.811,22.056,37.7327,37.8888,22.1241,21.9883,37.8,55,0
2026-03-12 22:51:11,37.801,22.007,37.7125,37.8888,22.0859,21.9272,37.8,55,0.19620995730988067
2026-03-12 22:51:11,37.791,22.048,37.6924,37.8888,22.1317,21.9638,37.8,55,2.997441318993703
2026-03-12 22:51:11,37.77,22.033,37.6924,37.8485,22.1195,21.9471,37.8,55,9.629867791346495
2026-03-12 22:51:12,37.801,22.019,37.7125,37.8888,22.0737,21.9638,37.8,55,0
2026-03-12 22:51:12,37.791,22.023,37.7327,37.8485,22.0874,21.9593,37.8,55,3.847223692323219
2026-03-12 22:51:12,37.76,22.008,37.6521,37.8686,22.0539,21.9623,37.8,55,13.75973772437485
2026-03-12 22:51:12,37.76,22.033,37.6521,37.8686,22.1393,21.9257,37.8,55,13.239923229623644
2026-03-12 22:51:13,37.78,22.047,37.7125,37.8485,22.0859,22.0081,37.8,55,7.574041865138848
2026-03-12 22:51:13,37.77,22.07,37.6924,37.8485,22.1561,21.9837,37.8,55,12.213864589023348
2026-03-12 22:51:13,37.791,22.06,37.6924,37.8888,22.1195,22.0005,37.8,55,5.541101544654405
2026-03-12 22:51:13,37.74,22.08,37.6722,37.8082,22.1546,22.005,37.8,55,23.427237951786623
2026-03-12 22:51:14,37.791,22.067,37.6722,37.9089,22.1546,21.9791,37.8,55,5.7145141708864235
2026-03-12 22:51:14,37.791,22.067,37.6722,37.9089,22.1546,21.9791,37.8,55,8.242831983002272
2026-03-12 22:51:14,37.73,22.09,37.632,37.8283,22.1256,22.0554,37.8,55,28.450392961961793
2026-03-12 22:51:14,37.76,22.064,37.7125,37.8082,22.1469,21.9806,37.8,55,17.395762050452685
2026-03-12 22:51:15,37.76,22.069,37.632,37.8888,22.1256,22.0127,37.8,55,19.657653533553308
2026-03-12 22:51:15,37.74,22.074,37.6722,37.8082,22.1546,21.9928,37.8,55,27.111616828089645
2026-03-12 22:51:15,37.791,22.049,37.6722,37.9089,22.118,21.9791,37.8,55,10.81397303474682
2026-03-12 22:51:16,37.811,22.081,37.7125,37.9089,22.1592,22.0035,37.8,55,6.782123170007238
2026-03-12 22:51:16,37.76,22.075,37.6722,37.8485,22.1546,21.9959,37.8,55,24.174232014444613
2026-03-12 22:51:16,37.801,22.086,37.7528,37.8485,22.1759,21.9959,37.8,55,9.297276118877463
2026-03-12 22:51:16,37.71,22.082,37.5917,37.8283,22.1698,21.9944,37.8,55,40.99187064159869
2026-03-12 22:51:17,37.7,22.075,37.5715,37.8283,22.1561,21.9944,37.8,55,42.13011198505064
2026-03-12 22:51:17,37.73,22.09,37.632,37.8283,22.1622,22.0188,37.8,55,34.06939221381891
2026-03-12 22:51:17,37.74,22.073,37.6924,37.7881,22.1561,21.9898,37.8,55,33.72345542100339
2026-03-12 22:51:17,37.75,22.111,37.6118,37.8888,22.2217,22.0005,37.8,55,32.24096446889044
2026-03-12 22:51:18,37.77,22.132,37.6722,37.8686,22.2034,22.06,37.8,55,27.255113319566693
2026-03-12 22:51:18,37.72,22.107,37.6521,37.7881,22.2126,22.002,37.8,55,45.23751098734382
2026-03-12 22:51:18,37.75,22.117,37.6722,37.8283,22.2034,22.031,37.8,55,34.90540768001225
2026-03-12 22:51:18,37.72,22.09,37.632,37.8082,22.1622,22.0172,37.8,55,47.23145853283583
2026-03-12 22:51:19,37.74,22.086,37.7125,37.7679,22.1714,22.0005,37.8,55,41.09147668182434
2026-03-12 22:51:19,37.74,22.116,37.6118,37.8686,22.1851,22.0478,37.8,55,43.345159864429036
2026-03-12 22:51:19,37.73,22.097,37.6722,37.7881,22.1668,22.0264,37.8,55,47.96644182295338
2026-03-12 22:51:19,37.74,22.103,37.6924,37.7881,22.2171,21.9898,37.8,55,45.79503908302617
2026-03-12 22:51:20,37.71,22.064,37.6521,37.7679,22.1637,21.9638,37.8,55,57.432388404485806
2026-03-12 22:51:20,37.68,22.079,37.5715,37.7881,22.1805,21.9776,37.8,55,67.91581042662098
2026-03-12 22:51:20,37.7,22.112,37.5715,37.8283,22.1927,22.031,37.8,55,62.67053327486094
2026-03-12 22:51:21,37.76,22.1,37.6722,37.8485,22.2034,21.9959,37.8,55,46.13975380278754
2026-03-12 22:51:21,37.73,22.115,37.7125,37.7478,22.2202,22.0096,37.8,55,59.61088678718024
2026-03-12 22:51:21,37.73,22.109,37.6118,37.8485,22.1973,22.0203,37.8,55,59.80665216952936
2026-03-12 22:51:21,37.69,22.11,37.5917,37.7881,22.1942,22.0264,37.8,55,74.49081269807975
2026-03-12 22:51:22,37.72,22.145,37.6118,37.8283,22.2095,22.0798,37.8,55,65.28547726726175
2026-03-12 22:51:22,37.68,22.116,37.6118,37.7478,22.2217,22.0096,37.8,55,81.56207791354966
2026-03-12 22:51:22,37.69,22.111,37.6118,37.7679,22.1973,22.0249,37.8,55,79.14289050889377
2026-03-12 22:51:22,37.68,22.14,37.5917,37.7679,22.2309,22.0493,37.8,55,85.33860200800488
2026-03-12 22:51:23,37.73,22.152,37.6118,37.8485,22.2217,22.0813,37.8,55,71.16822315475979
2026-03-12 22:51:23,37.71,22.125,37.6722,37.7478,22.2278,22.0218,37.8,55,81.57348852674494
2026-03-12 22:51:23,37.71,22.107,37.6118,37.8082,22.1851,22.0294,37.8,55,82.67475972347893
2026-03-12 22:51:23,37.7,22.106,37.5917,37.8082,22.182,22.0294,37.8,55,87.96738318240209
2026-03-12 22:51:24,37.71,22.132,37.6118,37.8082,22.2095,22.0539,37.8,55,86.46848737408929
2026-03-12 22:51:24,37.73,22.158,37.5917,37.8686,22.2675,22.0478,37.8,55,82.37756290310226
2026-03-12 22:51:24,37.71,22.119,37.6118,37.8082,22.2339,22.005,37.8,55,91.41482535453484
2026-03-12 22:51:24,37.68,22.152,37.5715,37.7881,22.2538,22.0508,37.8,55,100
2026-03-12 22:51:25,37.73,22.152,37.632,37.8283,22.211,22.092,37.8,55,87.27105817534205
2026-03-12 22:51:25,37.69,22.129,37.6118,37.7679,22.1973,22.0615,37.8,55,100
2026-03-12 22:51:25,37.66,22.126,37.5514,37.7679,22.2263,22.0249,37.8,55,100
2026-03-12 22:51:26,37.66,22.162,37.5514,37.7679,22.2507,22.0737,37.8,55,100
2026-03-12 22:51:26,37.67,22.139,37.5715,37.7679,22.2171,22.0615,37.8,55,100
2026-03-12 22:51:26,37.7,22.148,37.6118,37.7881,22.2217,22.0752,37.8,55,100
2026-03-12 22:51:26,37.69,22.159,37.5514,37.8283,22.2263,22.092,37.8,55,100
2026-03-12 22:51:27,37.67,22.139,37.5917,37.7478,22.2309,22.0462,37.8,55,100
2026-03-12 22:51:27,37.71,22.125,37.632,37.7881,22.2232,22.0264,37.8,55,100
2026-03-12 22:51:27,37.71,22.186,37.6521,37.7679,22.2492,22.1225,37.8,55,100
2026-03-12 22:51:27,37.69,22.177,37.5917,37.7881,22.2553,22.0996,37.8,55,100
2026-03-12 22:51:28,37.71,22.161,37.5715,37.8485,22.2293,22.0935,37.8,55,100
2026-03-12 22:51:28,37.64,22.172,37.5514,37.7276,22.2263,22.118,37.8,55,100
2026-03-12 22:51:28,37.64,22.136,37.5312,37.7478,22.2004,22.0706,37.8,55,100
2026-03-12 22:51:28,37.69,22.142,37.5715,37.8082,22.2293,22.0539,37.8,55,100
2026-03-12 22:51:29,37.71,22.168,37.632,37.7881,22.2477,22.0874,37.8,55,100
2026-03-12 22:51:29,37.71,22.162,37.6118,37.8082,22.2461,22.0783,37.8,55,100
2026-03-12 22:51:29,37.69,22.148,37.6118,37.7679,22.2339,22.0615,37.8,55,100
2026-03-12 22:51:29,37.69,22.153,37.5917,37.7881,22.2309,22.0752,37.8,55,100
2026-03-12 22:51:30,37.69,22.172,37.6118,37.7679,22.2339,22.1103,37.8,55,100
2026-03-12 22:51:30,37.68,22.171,37.6118,37.7478,22.2339,22.1073,37.8,55,100
2026-03-12 22:51:30,37.72,22.156,37.6521,37.7881,22.2248,22.0874,37.8,55,100
2026-03-12 22:51:31,37.7,22.148,37.6521,37.7478,22.2126,22.0829,37.8,55,100
2026-03-12 22:51:31,37.73,22.164,37.632,37.8283,22.211,22.1164,37.8,55,100
2026-03-12 22:51:31,37.69,22.129,37.6118,37.7679,22.1973,22.0615,37.8,55,100
2026-03-12 22:51:31,37.7,22.155,37.6118,37.7881,22.2217,22.0874,37.8,55,100
2026-03-12 22:51:32,37.72,22.175,37.6722,37.7679,22.2278,22.1225,37.8,55,100
2026-03-12 22:51:32,37.73,22.194,37.6722,37.7881,22.2278,22.1607,37.8,55,100
2026-03-12 22:51:32,37.69,22.172,37.6118,37.7679,22.2217,22.1225,37.8,55,100
2026-03-12 22:51:32,37.76,22.179,37.7327,37.7881,22.2095,22.1485,37.8,55,100
2026-03-12 22:51:33,37.73,22.194,37.6722,37.7881,22.2522,22.1363,37.8,55,100
2026-03-12 22:51:33,37.68,22.183,37.6118,37.7478,22.2339,22.1317,37.8,55,100
2026-03-12 22:51:33,37.73,22.188,37.6521,37.8082,22.237,22.1393,37.8,55,100
2026-03-12 22:51:33,37.69,22.123,37.632,37.7478,22.1988,22.0462,37.8,55,100
2026-03-12 22:51:34,37.7,22.161,37.6118,37.7881,22.1851,22.1363,37.8,55,100
2026-03-12 22:51:34,37.68,22.146,37.632,37.7276,22.1988,22.0935,37.8,55,100
2026-03-12 22:51:34,37.71,22.149,37.6722,37.7478,22.2034,22.0951,37.8,55,100
2026-03-12 22:51:34,37.71,22.119,37.6118,37.8082,22.1607,22.0783,37.8,55,100
2026-03-12 22:51:35,37.71,22.119,37.6924,37.7276,22.1683,22.0691,37.8,55,100
2026-03-12 22:51:35,37.71,22.143,37.6722,37.7478,22.2034,22.0829,37.8,55,100
2026-03-12 22:51:35,37.72,22.126,37.6722,37.7679,22.179,22.0737,37.8,55,100
2026-03-12 22:51:36,37.74,22.135,37.7125,37.7679,22.1836,22.0859,37.8,55,100
2026-03-12 22:51:36,37.72,22.144,37.6924,37.7478,22.1927,22.0951,37.8,55,100
2026-03-12 22:51:36,37.73,22.103,37.6924,37.7679,22.1317,22.0737,37.8,55,100
2026-03-12 22:51:36,37.791,22.134,37.7528,37.8283,22.1637,22.1042,37.8,55,99.55816399515392
2026-03-12 22:51:37,37.75,22.129,37.7125,37.7881,22.1592,22.0996,37.8,55,100
2026-03-12 22:51:37,37.75,22.135,37.6521,37.8485,22.1637,22.1057,37.8,55,100
2026-03-12 22:51:37,37.791,22.116,37.7528,37.8283,22.1759,22.0554,37.8,55,100
2026-03-12 22:51:37,37.811,22.099,37.7729,37.8485,22.1408,22.0569,37.8,55,95.98197212974652
2026-03-12 22:51:38,37.77,22.1,37.6924,37.8485,22.1195,22.0813,37.8,55,100
2026-03-12 22:51:38,37.75,22.08,37.6521,37.8485,22.0905,22.0691,37.8,55,100
2026-03-12 22:51:38,37.72,22.071,37.6924,37.7478,22.1195,22.0218,37.8,55,100
2026-03-12 22:51:38,37.77,22.077,37.7729,37.7679,22.0798,22.0737,37.8,55,100
2026-03-12 22:51:39,37.78,22.042,37.7528,37.8082,22.0539,22.0294,37.8,55,100
2026-03-12 22:51:39,37.841,22.065,37.8334,37.8485,22.0981,22.0325,37.8,55,85.64232220033375
2026-03-12 22:51:39,37.801,22.068,37.8535,37.7478,22.089,22.0462,37.8,55,100
2026-03-12 22:51:39,37.78,22.054,37.7528,37.8082,22.0294,22.0783,37.8,55,100
2026-03-12 22:51:40,37.78,22.054,37.7528,37.8082,22.0539,22.0539,37.8,55,100
2026-03-12 22:51:40,37.78,22.041,37.7729,37.7881,22.031,22.0508,37.8,55,100
2026-03-12 22:51:40,37.861,22.055,37.8737,37.8485,22.0539,22.0569,37.8,55,79.08123572022056
2026-03-12 22:51:41,37.801,22.037,37.7729,37.8283,22.0188,22.0554,37.8,55,100
2026-03-12 22:51:41,37.801,22.049,37.7931,37.8082,22.0325,22.0661,37.8,55,98.33119875424443
2026-03-12 22:51:41,37.851,22.042,37.8737,37.8283,22.0294,22.0554,37.8,55,81.91080706795454
2026-03-12 22:51:41,37.841,22.029,37.8938,37.7881,22.0325,22.0264,37.8,55,86.32816601203592
2026-03-12 22:51:42,37.841,22.09,37.8132,37.8686,22.0233,22.1576,37.8,55,84.95552598749146
2026-03-12 22:51:42,37.811,22.02,37.8132,37.8082,21.9867,22.0539,37.8,55,93.8782819999356
2026-03-12 22:51:42,37.821,22.021,37.8132,37.8283,21.9989,22.0432,37.8,55,88.98386430199304
2026-03-12 22:51:42,37.811,22.008,37.8535,37.7679,21.9791,22.0371,37.8,55,92.24957394897378
2026-03-12 22:51:43,37.851,21.981,37.8535,37.8485,21.9669,21.9959,37.8,55,78.42854444981828
2026-03-12 22:51:43,37.841,21.981,37.8938,37.7881,21.9593,22.002,37.8,55,82.39342615735325
2026-03-12 22:51:43,37.871,21.959,37.8737,37.8686,21.9196,21.9989,37.8,55,71.18092660681717
2026-03-12 22:51:43,37.871,21.953,37.8535,37.8888,21.9303,21.976,37.8,55,70.9605653562742
2026-03-12 22:51:44,37.871,21.935,37.8535,37.8888,21.8814,21.9883,37.8,55,69.37351303573588
2026-03-12 22:51:44,37.861,21.94,37.8938,37.8283,21.9104,21.9699,37.8,55,71.06618794142824
2026-03-12 22:51:44,37.851,21.945,37.8535,37.8485,21.9059,21.9837,37.8,55,72.52600829521677
2026-03-12 22:51:44,37.841,21.926,37.8938,37.7881,21.8982,21.9532,37.8,55,74.20946771512374
2026-03-12 22:51:45,37.911,21.933,37.9542,37.8686,21.8799,21.9867,37.8,55,49.877806500946924
2026-03-12 22:51:45,37.921,21.946,37.9744,37.8686,21.8814,22.0111,37.8,55,47.310282533318286
2026-03-12 22:51:45,37.861,21.952,37.8535,37.8686,21.8814,22.0233,37.8,55,64.74062371614866
2026-03-12 22:51:46,37.881,21.973,37.8938,37.8686,21.9104,22.0356,37.8,55,54.079121087215086
2026-03-12 22:51:46,37.911,21.946,37.9542,37.8686,21.8799,22.0111,37.8,55,43.34133570732556
2026-03-12 22:51:46,37.932,21.917,37.9341,37.929,21.854,21.9806,37.8,55,35.33997105047903
2026-03-12 22:51:46,37.942,21.936,38.0146,37.8686,21.8616,22.0111,37.8,55,30.066467590440904
2026-03-12 22:51:47,37.911,21.909,37.9341,37.8888,21.8418,21.976,37.8,55,37.51562479808252
2026-03-12 22:51:47,37.932,21.874,38.0146,37.8485,21.8372,21.9104,37.8,55,26.73183290163116
2026-03-12 22:51:47,37.972,21.909,38.0549,37.8888,21.8173,22.0005,37.8,55,11.619404628833776
2026-03-12 22:51:47,37.921,21.879,37.9139,37.929,21.7655,21.9928,37.8,55,26.32649927662553
2026-03-12 22:51:48,37.942,21.869,38.0146,37.8686,21.7639,21.9745,37.8,55,14.405968360549684
2026-03-12 22:51:48,37.891,21.876,37.9139,37.8686,21.7777,21.9745,37.8,55,28.914775015899245
2026-03-12 22:51:48,37.982,21.868,37.9744,37.9895,21.7594,21.976,37.8,55,0
2026-03-12 22:51:48,37.982,21.868,38.0751,37.8888,21.7716,21.9638,37.8,55,0
2026-03-12 22:51:49,37.972,21.872,38.0146,37.929,21.7517,21.9928,37.8,55,0
2026-03-12 22:51:49,37.992,21.894,38.0751,37.9089,21.796,21.9913,37.8,55,0
2026-03-12 22:51:49,37.972,21.854,38.0146,37.929,21.7639,21.944,37.8,55,0
2026-03-12 22:51:49,37.962,21.914,37.9744,37.9492,21.7838,22.0447,37.8,55,0
2026-03-12 22:51:50,37.972,21.8,37.9945,37.9492,21.7258,21.8738,37.8,55,0
2026-03-12 22:51:50,37.952,21.767,38.0348,37.8686,21.6449,21.8891,37.8,55,0
2026-03-12 22:51:50,38.012,21.798,38.0751,37.9492,21.6739,21.9226,37.8,55,0
2026-03-12 22:51:51,38.012,21.798,38.0751,37.9492,21.6617,21.9348,37.8,55,0
2026-03-12 22:51:51,37.982,21.764,38.0549,37.9089,21.6342,21.8936,37.8,55,0
2026-03-12 22:51:51,37.982,21.807,38.0348,37.929,21.6571,21.9562,37.8,55,0
2026-03-12 22:51:51,37.972,21.788,38.0348,37.9089,21.6571,21.9181,37.8,55,0
2026-03-12 22:51:52,37.962,21.81,37.9945,37.929,21.6648,21.9562,37.8,55,0
2026-03-12 22:51:52,38.032,21.788,38.0751,37.9895,21.6129,21.9638,37.8,55,0
2026-03-12 22:51:52,38.002,21.79,38.1154,37.8888,21.6526,21.9272,37.8,55,0
2026-03-12 22:51:52,38.012,21.755,38.0952,37.929,21.6266,21.883,37.8,55,0
2026-03-12 22:51:53,38.012,21.755,38.1154,37.9089,21.6403,21.8692,37.8,55,0
2026-03-12 22:51:53,38.012,21.767,38.0549,37.9693,21.6587,21.8753,37.8,55,0
2026-03-12 22:51:53,37.992,21.752,38.0549,37.929,21.622,21.883,37.8,55,0
2026-03-12 22:51:53,38.052,21.784,38.0952,38.0096,21.6388,21.9287,37.8,55,0
2026-03-12 22:51:54,38.002,21.736,38.0751,37.929,21.6007,21.8708,37.8,55,0
2026-03-12 22:51:54,38.012,21.773,38.0549,37.9693,21.6464,21.8997,37.8,55,0
2026-03-12 22:51:54,38.052,21.741,38.1154,37.9895,21.6037,21.8784,37.8,55,0
2026-03-12 22:51:54,38.062,21.767,38.1355,37.9895,21.6312,21.9028,37.8,55,0
2026-03-12 22:51:55,38.052,21.753,38.0952,38.0096,21.6266,21.8799,37.8,55,0
2026-03-12 22:51:55,38.022,21.756,38.0952,37.9492,21.6144,21.8982,37.8,55,0
2026-03-12 22:51:55,38.093,21.72,38.1556,38.0298,21.5839,21.857,37.8,55,0
2026-03-12 22:51:55,38.052,21.717,38.1154,37.9895,21.6037,21.8296,37.8,55,0
2026-03-12 22:51:56,38.093,21.691,38.1959,37.9895,21.5518,21.8296,37.8,55,0
2026-03-12 22:51:56,38.062,21.724,38.1355,37.9895,21.5946,21.854,37.8,55,0
2026-03-12 22:51:56,38.062,21.755,38.1355,37.9895,21.5702,21.9394,37.8,55,0
2026-03-12 22:51:57,38.073,21.736,38.1154,38.0298,21.5915,21.8814,37.8,55,0
2026-03-12 22:51:57,38.022,21.665,38.1355,37.9089,21.4725,21.857,37.8,55,0
2026-03-12 22:51:57,38.123,21.682,38.1758,38.07,21.5137,21.8494,37.8,55,0
2026-03-12 22:51:57,38.103,21.691,38.1355,38.07,21.4969,21.886,37.8,55,0
2026-03-12 22:51:58,38.143,21.659,38.1959,38.0902,21.4664,21.8524,37.8,55,0
2026-03-12 22:51:58,38.073,21.664,38.1355,38.0096,21.4847,21.8433,37.8,55,0
2026-03-12 22:51:58,38.103,21.655,38.1355,38.07,21.4847,21.825,37.8,55,0
2026-03-12 22:51:58,38.113,21.638,38.1758,38.0499,21.4405,21.8357,37.8,55,0
2026-03-12 22:51:59,38.052,21.65,38.0751,38.0298,21.442,21.857,37.8,55,0
2026-03-12 22:51:59,38.123,21.645,38.1758,38.07,21.4893,21.8006,37.8,55,0
2026-03-12 22:51:59,38.093,21.617,38.1758,38.0096,21.4282,21.8067,37.8,55,0
2026-03-12 22:51:59,38.093,21.623,38.1556,38.0298,21.4618,21.7838,37.8,55,0
2026-03-12 22:52:00,38.113,21.643,38.1556,38.07,21.5106,21.7762,37.8,55,0
2026-03-12 22:52:00,38.113,21.619,38.1959,38.0298,21.4664,21.7716,37.8,55,0
2026-03-12 22:52:00,38.163,21.564,38.2362,38.0902,21.4832,21.6449,37.8,55,0
2026-03-12 22:52:00,38.052,21.576,38.1154,37.9895,21.4328,21.7197,37.8,55,0
2026-03-12 22:52:01,38.143,21.617,38.2362,38.0499,21.471,21.7624,37.8,55,0
2026-03-12 22:52:01,38.123,21.627,38.2161,38.0298,21.5061,21.7472,37.8,55,0
2026-03-12 22:52:01,38.133,21.64,38.1758,38.0902,21.4893,21.7914,37.8,55,0
2026-03-12 22:52:02,38.123,21.633,38.1758,38.07,21.4893,21.7762,37.8,55,0
2026-03-12 22:52:02,38.123,21.645,38.1959,38.0499,21.5152,21.7746,37.8,55,0
2026-03-12 22:52:02,38.093,21.672,38.1556,38.0298,21.5229,21.8204,37.8,55,0
2026-03-12 22:52:02,38.103,21.667,38.1959,38.0096,21.5274,21.8067,37.8,55,0
2026-03-12 22:52:03,38.123,21.639,38.2161,38.0298,21.5061,21.7716,37.8,55,0
2026-03-12 22:52:03,38.163,21.656,38.2564,38.07,21.5351,21.7762,37.8,55,0
2026-03-12 22:52:03,38.153,21.636,38.2362,38.07,21.4832,21.7884,37.8,55,0
2026-03-12 22:52:03,38.133,21.652,38.2362,38.0298,21.5198,21.7838,37.8,55,0
2026-03-12 22:52:04,38.133,21.676,38.1959,38.07,21.5274,21.825,37.8,55,0
2026-03-12 22:52:04,38.133,21.646,38.2161,38.0499,21.5305,21.7624,37.8,55,0
2026-03-12 22:52:04,38.133,21.634,38.2564,38.0096,21.5229,21.7456,37.8,55,0
2026-03-12 22:52:04,38.123,21.602,38.1959,38.0499,21.4786,21.7258,37.8,55,0
2026-03-12 22:52:05,38.153,21.624,38.1556,38.1506,21.5106,21.7365,37.8,55,0
2026-03-12 22:52:05,38.173,21.632,38.2362,38.1103,21.5076,21.7563,37.8,55,0
2026-03-12 22:52:05,38.173,21.608,38.2564,38.0902,21.4618,21.7548,37.8,55,0
2026-03-12 22:52:05,38.173,21.644,38.2362,38.1103,21.5198,21.7685,37.8,55,0
2026-03-12 22:52:06,38.153,21.617,38.1959,38.1103,21.4786,21.7563,37.8,55,0
2026-03-12 22:52:06,38.193,21.617,38.2564,38.1305,21.4862,21.7472,37.8,55,0
2026-03-12 22:52:06,38.123,21.627,38.2161,38.0298,21.4939,21.7594,37.8,55,0
2026-03-12 22:52:07,38.123,21.621,38.1758,38.07,21.4771,21.7639,37.8,55,0
2026-03-12 22:52:07,38.183,21.621,38.1959,38.1707,21.4908,21.7502,37.8,55,0
2026-03-12 22:52:07,38.153,21.636,38.2362,38.07,21.4954,21.7762,37.8,55,0
2026-03-12 22:52:07,38.153,21.599,38.1959,38.1103,21.4542,21.7441,37.8,55,0
2026-03-12 22:52:08,38.153,21.624,38.1959,38.1103,21.4786,21.7685,37.8,55,0
2026-03-12 22:52:08,38.173,21.639,38.2564,38.0902,21.4984,21.7792,37.8,55,0
2026-03-12 22:52:08,38.193,21.641,38.2564,38.1305,21.4984,21.7838,37.8,55,0
2026-03-12 22:52:08,38.163,21.625,38.2564,38.07,21.5106,21.7395,37.8,55,0
2026-03-12 22:52:09,38.143,21.611,38.1758,38.1103,21.4771,21.7441,37.8,55,0
2026-03-12 22:52:09,38.173,21.62,38.2765,38.07,21.5,21.7395,37.8,55,0
2026-03-12 22:52:09,38.133,21.627,38.2362,38.0298,21.5198,21.735,37.8,55,0
2026-03-12 22:52:09,38.203,21.605,38.2564,38.1506,21.4862,21.7243,37.8,55,0
2026-03-12 22:52:10,38.163,21.631,38.2362,38.0902,21.5198,21.7426,37.8,55,0
2026-03-12 22:52:10,38.083,21.579,38.1556,38.0096,21.474,21.6846,37.8,55,0
2026-03-12 22:52:10,38.183,21.572,38.2362,38.1305,21.4588,21.6861,37.8,55,0
2026-03-12 22:52:10,38.143,21.598,38.2161,38.07,21.4939,21.7029,37.8,55,0
2026-03-12 22:52:11,38.153,21.594,38.2161,38.0902,21.4817,21.706,37.8,55,0
2026-03-12 22:52:11,38.163,21.595,38.2564,38.07,21.4984,21.6907,37.8,55,0
2026-03-12 22:52:11,38.173,21.614,38.2161,38.1305,21.5061,21.7227,37.8,55,0
2026-03-12 22:52:12,38.183,21.609,38.2161,38.1506,21.4817,21.7365,37.8,55,0
2026-03-12 22:52:12,38.123,21.614,38.0952,38.1506,21.4923,21.7365,37.8,55,0
2026-03-12 22:52:12,38.143,21.598,38.1959,38.0902,21.4664,21.7304,37.8,55,0
2026-03-12 22:52:12,38.153,21.611,38.2765,38.0298,21.5122,21.7105,37.8,55,0
2026-03-12 22:52:13,38.103,21.594,38.1556,38.0499,21.4618,21.7258,37.8,55,0
2026-03-12 22:52:13,38.123,21.584,38.1556,38.0902,21.474,21.6938,37.8,55,0
2026-03-12 22:52:13,38.163,21.607,38.1959,38.1305,21.5152,21.6983,37.8,55,0
2026-03-12 22:52:13,38.173,21.601,38.1959,38.1506,21.4908,21.7121,37.8,55,0
2026-03-12 22:52:14,38.123,21.584,38.1959,38.0499,21.4542,21.7136,37.8,55,0
2026-03-12 22:52:14,38.123,21.578,38.1758,38.07,21.4771,21.6785,37.8,55,0
2026-03-12 22:52:14,38.153,21.594,38.2161,38.0902,21.4939,21.6938,37.8,55,0
2026-03-12 22:52:14,38.183,21.591,38.2564,38.1103,21.4496,21.7319,37.8,55,0
2026-03-12 22:52:15,38.173,21.602,38.2161,38.1305,21.4694,21.735,37.8,55,0
2026-03-12 22:52:15,38.143,21.598,38.1959,38.0902,21.4908,21.706,37.8,55,0
2026-03-12 22:52:15,38.153,21.606,38.1758,38.1305,21.5015,21.7105,37.8,55,0
2026-03-12 22:52:15,38.163,21.595,38.2161,38.1103,21.4939,21.6953,37.8,55,0
2026-03-12 22:52:16,38.113,21.607,38.1556,38.07,21.4984,21.7151,37.8,55,0
2026-03-12 22:52:16,38.143,21.604,38.1355,38.1506,21.5091,21.6999,37.8,55,0
2026-03-12 22:52:16,38.133,21.609,38.1959,38.07,21.4908,21.7273,37.8,55,0
2026-03-12 22:52:17,38.143,21.58,38.1758,38.1103,21.4893,21.6709,37.8,55,0
2026-03-12 22:52:17,38.113,21.595,38.1556,38.07,21.4984,21.6907,37.8,55,0
2026-03-12 22:52:17,38.193,21.628,38.2362,38.1506,21.5076,21.7487,37.8,55,0
2026-03-12 22:52:17,38.173,21.638,38.2362,38.1103,21.5198,21.7563,37.8,55,0
2026-03-12 22:52:18,38.183,21.603,38.2564,38.1103,21.5106,21.6953,37.8,55,0
2026-03-12 22:52:18,38.113,21.595,38.1758,38.0499,21.4649,21.7258,37.8,55,0
2026-03-12 22:52:18,38.193,21.604,38.1959,38.1909,21.5152,21.6922,37.8,55,0
2026-03-12 22:52:18,38.143,21.58,38.2161,38.07,21.4694,21.6907,37.8,55,0
2026-03-12 22:52:19,38.163,21.582,38.1959,38.1305,21.4786,21.6861,37.8,55,0
2026-03-12 22:52:19,38.133,21.61,38.1758,38.0902,21.5137,21.706,37.8,55,0
2026-03-12 22:52:19,38.123,21.621,38.1758,38.07,21.5137,21.7273,37.8,55,0
2026-03-12 22:52:19,38.163,21.625,38.2161,38.1103,21.5305,21.7197,37.8,55,0
2026-03-12 22:52:20,38.103,21.612,38.1355,38.07,21.5335,21.6907,37.8,55,0
2026-03-12 22:52:20,38.173,21.614,38.1556,38.1909,21.5229,21.7044,37.8,55,0
2026-03-12 22:52:20,38.143,21.617,38.1355,38.1506,21.5213,21.7121,37.8,55,0
2026-03-12 22:52:20,38.113,21.614,38.1355,38.0902,21.5457,21.6815,37.8,55,0
2026-03-12 22:52:21,38.143,21.604,38.1556,38.1305,21.5106,21.6983,37.8,55,0
2026-03-12 22:52:21,38.083,21.567,38.1154,38.0499,21.4939,21.6403,37.8,55,0
2026-03-12 22:52:21,38.113,21.613,38.1556,38.07,21.5473,21.6785,37.8,55,0
2026-03-12 22:52:22,38.133,21.652,38.1556,38.1103,21.5473,21.7563,37.8,55,0
2026-03-12 22:52:22,38.133,21.658,38.1556,38.1103,21.5717,21.7441,37.8,55,0
2026-03-12 22:52:22,38.113,21.662,38.1556,38.07,21.5595,21.7639,37.8,55,0
2026-03-12 22:52:22,38.183,21.646,38.2564,38.1103,21.5595,21.7319,37.8,55,0
2026-03-12 22:52:23,38.143,21.659,38.1758,38.1103,21.5625,21.7563,37.8,55,0
2026-03-12 22:52:23,38.133,21.701,38.1355,38.1305,21.5946,21.8082,37.8,55,0
2026-03-12 22:52:23,38.163,21.65,38.2161,38.1103,21.5305,21.7685,37.8,55,0
2026-03-12 22:52:23,38.113,21.65,38.1556,38.07,21.5351,21.7639,37.8,55,0
2026-03-12 22:52:24,38.103,21.606,38.1154,38.0902,21.4817,21.7304,37.8,55,0
2026-03-12 22:52:24,38.083,21.634,38.1355,38.0298,21.5213,21.7472,37.8,55,0
2026-03-12 22:52:24,38.123,21.602,38.1154,38.1305,21.5061,21.6983,37.8,55,0
2026-03-12 22:52:24,38.062,21.644,38.1154,38.0096,21.5183,21.77,37.8,55,0
2026-03-12 22:52:25,38.133,21.604,38.1355,38.1305,21.5213,21.6861,37.8,55,0
2026-03-12 22:52:25,38.103,21.594,38.1355,38.07,21.5091,21.6785,37.8,55,0
2026-03-12 22:52:25,38.083,21.628,38.1154,38.0499,21.5183,21.738,37.8,55,0
2026-03-12 22:52:25,38.133,21.646,38.1355,38.1305,21.5579,21.735,37.8,55,0
2026-03-12 22:52:26,38.093,21.611,38.1154,38.07,21.5549,21.6663,37.8,55,0
2026-03-12 22:52:26,38.042,21.624,38.0952,37.9895,21.529,21.7197,37.8,55,0
2026-03-12 22:52:26,38.133,21.622,38.1355,38.1305,21.5091,21.735,37.8,55,0
2026-03-12 22:52:27,38.052,21.631,38.0549,38.0499,21.5488,21.7136,37.8,55,0
2026-03-12 22:52:27,38.133,21.615,38.1154,38.1506,21.5427,21.6876,37.8,55,0
2026-03-12 22:52:27,38.103,21.655,38.1355,38.07,21.5946,21.7151,37.8,55,0
2026-03-12 22:52:27,38.093,21.66,38.0751,38.1103,21.5885,21.7319,37.8,55,0
2026-03-12 22:52:28,38.012,21.663,38.0146,38.0096,21.593,21.7334,37.8,55,0
2026-03-12 22:52:28,38.103,21.673,38.1758,38.0298,21.5869,21.7594,37.8,55,0
2026-03-12 22:52:28,38.103,21.649,38.0952,38.1103,21.5778,21.7197,37.8,55,0
2026-03-12 22:52:28,38.042,21.643,38.0952,37.9895,21.5778,21.7075,37.8,55,0
2026-03-12 22:52:29,38.073,21.701,38.0952,38.0499,21.6266,21.7746,37.8,55,0
2026-03-12 22:52:29,38.103,21.679,38.1154,38.0902,21.6159,21.7426,37.8,55,0
2026-03-12 22:52:29,38.083,21.689,38.0549,38.1103,21.561,21.8173,37.8,55,0
2026-03-12 22:52:29,38.073,21.664,38.0348,38.1103,21.5961,21.7319,37.8,55,0
2026-03-12 22:52:30,38.062,21.693,38.0146,38.1103,21.6175,21.7685,37.8,55,0
2026-03-12 22:52:30,38.103,21.716,38.0952,38.1103,21.6144,21.8173,37.8,55,0
2026-03-12 22:52:30,38.073,21.676,38.0348,38.1103,21.6205,21.7319,37.8,55,0
2026-03-12 22:52:30,38.083,21.689,38.1154,38.0499,21.6037,21.7746,37.8,55,0
2026-03-12 22:52:31,38.083,21.646,38.0952,38.07,21.6022,21.6907,37.8,55,0
2026-03-12 22:52:31,38.062,21.639,38.0751,38.0499,21.6129,21.6648,37.8,55,0
2026-03-12 22:52:31,38.073,21.609,38.0751,38.07,21.5396,21.6785,37.8,55,0
2026-03-12 22:52:32,38.083,21.64,38.0952,38.07,21.6022,21.6785,37.8,55,0
2026-03-12 22:52:32,38.062,21.656,38.0549,38.07,21.5976,21.7151,37.8,55,0
2026-03-12 22:52:32,38.062,21.656,38.0952,38.0298,21.59,21.7227,37.8,55,0
2026-03-12 22:52:32,38.032,21.624,38.0751,37.9895,21.5885,21.6587,37.8,55,0
2026-03-12 22:52:33,38.062,21.681,38.0549,38.07,21.622,21.7395,37.8,55,0
2026-03-12 22:52:33,38.052,21.674,38.0751,38.0298,21.6495,21.6983,37.8,55,0
2026-03-12 22:52:33,38.032,21.672,38.0348,38.0298,21.6327,21.7105,37.8,55,0
2026-03-12 22:52:33,38.052,21.686,38.0952,38.0096,21.6388,21.7334,37.8,55,0
2026-03-12 22:52:34,38.052,21.662,38.0751,38.0298,21.6129,21.7105,37.8,55,0
2026-03-12 22:52:34,38.062,21.662,38.0549,38.07,21.622,21.7029,37.8,55,0
2026-03-12 22:52:34,38.113,21.686,38.1154,38.1103,21.6526,21.7197,37.8,55,0
2026-03-12 22:52:34,38.032,21.653,38.0348,38.0298,21.5961,21.7105,37.8,55,0
2026-03-12 22:52:35,38.052,21.686,38.0348,38.07,21.5961,21.7762,37.8,55,0
2026-03-12 22:52:35,38.083,21.72,38.1154,38.0499,21.6526,21.7868,37.8,55,0
2026-03-12 22:52:35,38.012,21.712,37.9744,38.0499,21.6617,21.7624,37.8,55,0
2026-03-12 22:52:35,38.073,21.707,38.0751,38.07,21.6739,21.7395,37.8,55,0
2026-03-12 22:52:36,38.062,21.688,38.0348,38.0902,21.6449,21.7304,37.8,55,0
2026-03-12 22:52:36,38.083,21.684,38.0348,38.1305,21.6693,21.6983,37.8,55,0
2026-03-12 22:52:36,38.093,21.727,38.0952,38.0902,21.7243,21.7304,37.8,55,0
2026-03-12 22:52:37,38.073,21.719,38.0549,38.0902,21.7197,21.7182,37.8,55,0
2026-03-12 22:52:37,38.032,21.72,37.9945,38.07,21.7014,21.7395,37.8,55,0
2026-03-12 22:52:37,38.002,21.711,37.9945,38.0096,21.677,21.7456,37.8,55,0
2026-03-12 22:52:37,38.012,21.688,38.0348,37.9895,21.6693,21.7075,37.8,55,0
2026-03-12 22:52:38,38.032,21.678,38.0146,38.0499,21.6297,21.7258,37.8,55,0
2026-03-12 22:52:38,38.042,21.691,38.0146,38.07,21.6785,21.7029,37.8,55,0
2026-03-12 22:52:38,38.052,21.68,38.0549,38.0499,21.6587,21.7014,37.8,55,0
2026-03-12 22:52:38,37.992,21.685,38.0146,37.9693,21.6907,21.68,37.8,55,0
2026-03-12 22:52:39,38.012,21.73,37.9744,38.0499,21.6861,21.7746,37.8,55,0
2026-03-12 22:52:39,38.002,21.668,37.9744,38.0298,21.6739,21.6617,37.8,55,0
2026-03-12 22:52:39,38.052,21.711,37.9945,38.1103,21.7014,21.7197,37.8,55,0
2026-03-12 22:52:39,37.992,21.723,38.0348,37.9492,21.7182,21.7273,37.8,55,0
2026-03-12 22:52:40,38.062,21.705,38.0146,38.1103,21.7151,21.6953,37.8,55,0
2026-03-12 22:52:40,38.032,21.788,38.0146,38.0499,21.7517,21.8235,37.8,55,0
2026-03-12 22:52:40,37.962,21.713,38.0146,37.9089,21.6785,21.7472,37.8,55,0
2026-03-12 22:52:40,38.012,21.736,37.9542,38.07,21.7212,21.7517,37.8,55,0
2026-03-12 22:52:41,38.042,21.789,38.0348,38.0499,21.767,21.8112,37.8,55,0
2026-03-12 22:52:41,38.002,21.759,37.9744,38.0298,21.735,21.7838,37.8,55,0
2026-03-12 22:52:41,38.012,21.73,38.0146,38.0096,21.7151,21.7456,37.8,55,0
2026-03-12 22:52:42,38.002,21.748,37.9945,38.0096,21.7746,21.7212,37.8,55,0
2026-03-12 22:52:42,38.002,21.784,37.9744,38.0298,21.7838,21.7838,37.8,55,0
2026-03-12 22:52:42,38.032,21.769,38.0146,38.0499,21.7762,21.7624,37.8,55,0
2026-03-12 22:52:42,37.992,21.765,37.9139,38.07,21.7899,21.7395,37.8,55,0
2026-03-12 22:52:43,37.972,21.75,37.9744,37.9693,21.7594,21.7411,37.8,55,0
2026-03-12 22:52:43,38.002,21.76,37.9945,38.0096,21.7624,21.7578,37.8,55,0
2026-03-12 22:52:43,37.972,21.769,37.9341,38.0096,21.7929,21.7456,37.8,55,0
2026-03-12 22:52:43,37.972,21.811,37.9139,38.0298,21.7899,21.8326,37.8,55,0
2026-03-12 22:52:44,37.962,21.793,37.9341,37.9895,21.7685,21.8173,37.8,55,0
2026-03-12 22:52:44,37.992,21.777,37.9744,38.0096,21.796,21.7578,37.8,55,0
2026-03-12 22:52:44,38.022,21.775,37.9542,38.0902,21.7823,21.767,37.8,55,0
2026-03-12 22:52:44,37.921,21.781,37.8737,37.9693,21.7609,21.8021,37.8,55,0
2026-03-12 22:52:45,38.012,21.798,37.9744,38.0499,21.8082,21.7868,37.8,55,0
2026-03-12 22:52:45,37.911,21.775,37.8535,37.9693,21.7594,21.7899,37.8,55,0
2026-03-12 22:52:45,37.972,21.781,37.8938,38.0499,21.8006,21.7624,37.8,55,0
2026-03-12 22:52:45,37.992,21.801,37.9139,38.07,21.7899,21.8128,37.8,55,0
2026-03-12 22:52:46,37.952,21.767,37.9139,37.9895,21.7777,21.7563,37.8,55,0
2026-03-12 22:52:46,37.921,21.703,37.8535,37.9895,21.6373,21.7685,37.8,55,0
2026-03-12 22:52:46,37.982,21.752,37.9744,37.9895,21.6983,21.8051,37.8,55,0
2026-03-12 22:52:47,37.982,21.764,37.9542,38.0096,21.77,21.7578,37.8,55,0
2026-03-12 22:52:47,37.952,21.785,37.8938,38.0096,21.7762,21.7945,37.8,55,0
2026-03-12 22:52:47,37.962,21.804,37.9542,37.9693,21.7945,21.8143,37.8,55,0
2026-03-12 22:52:47,37.952,21.785,37.8737,38.0298,21.7731,21.796,37.8,55,0
2026-03-12 22:52:48,37.982,21.837,37.8938,38.07,21.825,21.8494,37.8,55,0
2026-03-12 22:52:48,37.942,21.821,37.8938,37.9895,21.8128,21.8296,37.8,55,0
2026-03-12 22:52:48,37.932,21.814,37.8938,37.9693,21.8616,21.7655,37.8,55,0
2026-03-12 22:52:48,37.891,21.821,37.8535,37.929,21.8204,21.8219,37.8,55,0
2026-03-12 22:52:49,37.942,21.797,37.8938,37.9895,21.825,21.7685,37.8,55,0
2026-03-12 22:52:49,37.972,21.823,37.9139,38.0298,21.8387,21.8082,37.8,55,0
2026-03-12 22:52:49,37.861,21.812,37.8132,37.9089,21.828,21.796,37.8,55,0
2026-03-12 22:52:49,37.851,21.78,37.8132,37.8888,21.7914,21.7685,37.8,55,0
2026-03-12 22:52:50,37.901,21.798,37.8334,37.9693,21.7929,21.8021,37.8,55,0
2026-03-12 22:52:50,37.952,21.828,37.9139,37.9895,21.8753,21.7807,37.8,55,0
2026-03-12 22:52:50,37.942,21.814,37.8535,38.0298,21.8448,21.7838,37.8,55,0
2026-03-12 22:52:50,37.932,21.832,37.9139,37.9492,21.8753,21.7884,37.8,55,0
2026-03-12 22:52:51,37.911,21.805,37.8737,37.9492,21.8585,21.7517,37.8,55,0
2026-03-12 22:52:51,37.881,21.814,37.8334,37.929,21.8418,21.7853,37.8,55,0
2026-03-12 22:52:51,37.901,21.84,37.8334,37.9693,21.8784,21.8021,37.8,55,0
2026-03-12 22:52:52,37.932,21.844,37.8535,38.0096,21.857,21.8311,37.8,55,0
2026-03-12 22:52:52,37.891,21.833,37.8334,37.9492,21.854,21.8128,37.8,55,0
2026-03-12 22:52:52,37.962,21.835,37.9139,38.0096,21.8875,21.7823,37.8,55,0
2026-03-12 22:52:52,37.861,21.867,37.8132,37.9089,21.8891,21.8448,37.8,55,0
2026-03-12 22:52:53,37.871,21.837,37.7931,37.9492,21.8738,21.8006,37.8,55,0
2026-03-12 22:52:53,37.911,21.884,37.8535,37.9693,21.9059,21.8631,37.8,55,0
2026-03-12 22:52:53,37.881,21.888,37.8132,37.9492,21.9257,21.8494,37.8,55,0
2026-03-12 22:52:53,37.871,21.868,37.8334,37.9089,21.8906,21.8448,37.8,55,0
2026-03-12 22:52:54,37.891,21.858,37.8132,37.9693,21.8524,21.8631,37.8,55,0
2026-03-12 22:52:54,37.841,21.871,37.7729,37.9089,21.8967,21.8448,37.8,55,0
2026-03-12 22:52:54,37.911,21.86,37.8334,37.9895,21.8906,21.8296,37.8,55,0
2026-03-12 22:52:54,37.881,21.856,37.8334,37.929,21.8784,21.8341,37.8,55,0
2026-03-12 22:52:55,37.891,21.876,37.8535,37.929,21.8936,21.8585,37.8,55,0
2026-03-12 22:52:55,37.911,21.872,37.8132,38.0096,21.9013,21.8433,37.8,55,0
2026-03-12 22:52:55,37.831,21.846,37.7528,37.9089,21.8952,21.796,37.8,55,0
2026-03-12 22:52:55,37.891,21.888,37.8334,37.9492,21.915,21.8616,37.8,55,0
2026-03-12 22:52:56,37.901,21.871,37.8334,37.9693,21.9272,21.8143,37.8,55,0
2026-03-12 22:52:56,37.791,21.883,37.7327,37.8485,21.9043,21.8616,37.8,55,7.560051783917659
2026-03-12 22:52:56,37.871,21.868,37.7528,37.9895,21.9074,21.8296,37.8,55,0
2026-03-12 22:52:57,37.891,21.888,37.7931,37.9895,21.9348,21.8418,37.8,55,0
2026-03-12 22:52:57,37.871,21.874,37.7931,37.9492,21.9471,21.8006,37.8,55,0
2026-03-12 22:52:57,37.891,21.864,37.8334,37.9492,21.915,21.8128,37.8,55,0
2026-03-12 22:52:57,37.841,21.901,37.8132,37.8686,21.9501,21.8524,37.8,55,0
2026-03-12 22:52:58,37.811,21.904,37.7327,37.8888,21.9409,21.8662,37.8,55,0
2026-03-12 22:52:58,37.881,21.906,37.7729,37.9895,21.9455,21.8662,37.8,55,0
2026-03-12 22:52:58,37.881,21.888,37.8132,37.9492,21.9257,21.8494,37.8,55,0
2026-03-12 22:52:58,37.831,21.875,37.8132,37.8485,21.9501,21.8006,37.8,55,0
2026-03-12 22:52:59,37.801,21.915,37.7125,37.8888,21.9638,21.8662,37.8,55,1.1087579916207444
2026-03-12 22:52:59,37.821,21.917,37.7528,37.8888,21.9562,21.8784,37.8,55,0
2026-03-12 22:52:59,37.801,21.915,37.7729,37.8283,21.9577,21.8723,37.8,55,0.6523984259586587
2026-03-12 22:52:59,37.861,21.916,37.7528,37.9693,21.9806,21.8509,37.8,55,0
2026-03-12 22:53:00,37.77,21.936,37.7327,37.8082,21.9898,21.883,37.8,55,12.622548874780477
2026-03-12 22:53:00,37.861,21.91,37.7528,37.9693,21.944,21.8753,37.8,55,0
2026-03-12 22:53:00,37.811,21.91,37.7729,37.8485,21.9821,21.8372,37.8,55,0
2026-03-12 22:53:00,37.821,21.93,37.7528,37.8888,21.944,21.915,37.8,55,0
2026-03-12 22:53:01,37.791,21.926,37.6521,37.929,21.9562,21.8952,37.8,55,3.91010288223156
2026-03-12 22:53:01,37.791,21.92,37.7125,37.8686,21.976,21.8647,37.8,55,2.742373761345206
2026-03-12 22:53:01,37.831,21.937,37.7528,37.9089,21.9684,21.9059,37.8,55,0
2026-03-12 22:53:02,37.821,21.942,37.7327,37.9089,21.9654,21.9181,37.8,55,0
2026-03-12 22:53:02,37.831,21.955,37.7125,37.9492,21.9883,21.9226,37.8,55,0
2026-03-12 22:53:02,37.851,21.926,37.7729,37.929,21.9699,21.883,37.8,55,0
2026-03-12 22:53:02,37.76,21.917,37.6722,37.8485,21.9593,21.8738,37.8,55,15.444727532338984
2026-03-12 22:53:03,37.791,21.908,37.7729,37.8082,21.9944,21.8219,37.8,55,2.0220755974471256
2026-03-12 22:53:03,37.841,21.95,37.7729,37.9089,22.0066,21.8936,37.8,55,0
2026-03-12 22:53:03,37.801,21.97,37.7327,37.8686,22.0142,21.9257,37.8,55,1.721800411517857
2026-03-12 22:53:03,37.791,21.939,37.7125,37.8686,22.0005,21.8769,37.8,55,3.154370263733929
2026-03-12 22:53:04,37.78,21.949,37.7327,37.8283,22.0142,21.8845,37.8,55,6.507088536464079
2026-03-12 22:53:04,37.811,21.946,37.6924,37.929,21.9852,21.9074,37.8,55,0
2026-03-12 22:53:04,37.831,21.943,37.7125,37.9492,22.0249,21.8616,37.8,55,0
2026-03-12 22:53:04,37.77,21.955,37.7125,37.8283,22.0127,21.8967,37.8,55,11.25258809448124
2026-03-12 22:53:05,37.791,21.981,37.6924,37.8888,22.0218,21.9394,37.8,55,2.254396037423363
2026-03-12 22:53:05,37.75,21.946,37.632,37.8686,22.0279,21.8647,37.8,55,16.859940897587364
2026-03-12 22:53:05,37.75,21.922,37.6924,37.8082,21.9852,21.8585,37.8,55,16.10989192963021
2026-03-12 22:53:05,37.76,21.917,37.6118,37.9089,21.9898,21.8448,37.8,55,13.94864060928685
2026-03-12 22:53:06,37.74,21.957,37.632,37.8485,22.0035,21.9104,37.8,55,21.858794238322986
2026-03-12 22:53:06,37.76,21.971,37.6722,37.8485,22.0569,21.886,37.8,55,15.72950532883075
2026-03-12 22:53:06,37.811,21.971,37.7327,37.8888,22.0264,21.915,37.8,55,0.8096065440002076
2026-03-12 22:53:07,37.77,21.972,37.6521,37.8888,22.0539,21.8906,37.8,55,16.33636681365391
2026-03-12 22:53:07,37.78,21.949,37.7125,37.8485,22.0127,21.886,37.8,55,11.858158154910681
2026-03-12 22:53:07,37.821,21.991,37.7125,37.929,22.0615,21.9196,37.8,55,0
2026-03-12 22:53:07,37.791,22.0,37.7125,37.8686,22.0371,21.9623,37.8,55,10.554327838343648
2026-03-12 22:53:08,37.76,21.984,37.6924,37.8283,22.034,21.9333,37.8,55,19.54979869291091
2026-03-12 22:53:08,37.74,22.036,37.632,37.8485,22.0645,22.0081,37.8,55,25.601160871600293
2026-03-12 22:53:08,37.75,22.013,37.6521,37.8485,22.0539,21.9715,37.8,55,22.75051599663004
2026-03-12 22:53:08,37.76,21.996,37.632,37.8888,22.0523,21.9394,37.8,55,21.044862472019798
2026-03-12 22:53:09,37.69,21.994,37.5917,37.7881,22.0844,21.9043,37.8,55,45.354090554268595
2026-03-12 22:53:09,37.74,22.0,37.632,37.8485,22.0645,21.9348,37.8,55,28.21955834575788
2026-03-12 22:53:09,37.72,22.053,37.632,37.8082,22.0768,22.0294,37.8,55,38.40200033026325
2026-03-12 22:53:09,37.75,22.007,37.632,37.8686,22.1012,21.9135,37.8,55,29.458464660343378
2026-03-12 22:53:10,37.65,21.99,37.5917,37.7075,22.0356,21.944,37.8,55,64.73242774109724
2026-03-12 22:53:10,37.73,22.017,37.6521,37.8082,22.1027,21.9318,37.8,55,37.28275383625681
2026-03-12 22:53:10,37.74,22.042,37.6924,37.7881,22.0706,22.0142,37.8,55,39.21835871701361
2026-03-12 22:53:10,37.7,21.965,37.5514,37.8485,22.0432,21.886,37.8,55,54.13517014798083
2026-03-12 22:53:11,37.75,22.043,37.6521,37.8485,22.0905,21.9959,37.8,55,38.14488165781456
2026-03-12 22:53:11,37.72,22.004,37.632,37.8082,22.0523,21.9562,37.8,55,51.38418635153484
2026-03-12 22:53:11,37.74,22.006,37.6521,37.8283,22.0417,21.9699,37.8,55,45.24391870804683
2026-03-12 22:53:12,37.7,22.045,37.5715,37.8283,22.0951,21.9944,37.8,55,60.61720941378197
2026-03-12 22:53:12,37.66,22.022,37.5312,37.7881,22.1027,21.9409,37.8,55,74.14792572949008
2026-03-12 22:53:12,37.68,22.018,37.5715,37.7881,22.0829,21.9532,37.8,55,68.89562887350901
2026-03-12 22:53:12,37.66,22.01,37.5312,37.7881,22.0661,21.9532,37.8,55,79.05011180407028
2026-03-12 22:53:13,37.73,22.036,37.6924,37.7679,22.0951,21.976,37.8,55,58.314029645002975
2026-03-12 22:53:13,37.68,22.012,37.5917,37.7679,22.0966,21.9272,37.8,55,79.46834795660784
2026-03-12 22:53:13,37.68,22.018,37.5917,37.7679,22.121,21.915,37.8,55,79.8737628858956
2026-03-12 22:53:13,37.76,22.026,37.6521,37.8686,22.1149,21.9379,37.8,55,56.317508770194046
2026-03-12 22:53:14,37.73,22.06,37.632,37.8283,22.1378,21.9821,37.8,55,70.70168075648652
2026-03-12 22:53:14,37.72,22.041,37.632,37.8082,22.1256,21.9562,37.8,55,74.17829555362333
2026-03-12 22:53:14,37.7,22.074,37.5514,37.8485,22.1042,22.0447,37.8,55,82.07028456332695
2026-03-12 22:53:14,37.72,22.046,37.6521,37.7881,22.1515,21.9409,37.8,55,76.83573817581528
2026-03-12 22:53:15,37.67,22.053,37.5917,37.7478,22.121,21.9852,37.8,55,95.93513302584174
2026-03-12 22:53:15,37.7,22.039,37.6118,37.7881,22.1241,21.9532,37.8,55,86.72338409099531
2026-03-12 22:53:15,37.71,22.052,37.6118,37.8082,22.1485,21.9562,37.8,55,87.0467225751012
2026-03-12 22:53:15,37.74,22.049,37.632,37.8485,22.1378,21.9593,37.8,55,79.67835991207626
2026-03-12 22:53:16,37.69,22.055,37.5917,37.7881,22.1454,21.9654,37.8,55,98.78617842236724
2026-03-12 22:53:16,37.72,22.059,37.6118,37.8283,22.1118,22.0066,37.8,55,89.12544280079669
2026-03-12 22:53:16,37.7,22.075,37.632,37.7679,22.1622,21.9883,37.8,55,98.8432292795973
2026-03-12 22:53:17,37.72,22.089,37.6521,37.7881,22.1637,22.0142,37.8,55,93.60770569613486
2026-03-12 22:53:17,37.71,22.045,37.5715,37.8485,22.1073,21.9837,37.8,55,99.58932128026447
2026-03-12 22:53:17,37.71,22.058,37.5917,37.8283,22.1088,22.0066,37.8,55,100
2026-03-12 22:53:17,37.7,22.063,37.632,37.7679,22.1622,21.9638,37.8,55,100
2026-03-12 22:53:18,37.68,22.036,37.6118,37.7478,22.1241,21.9486,37.8,55,100
2026-03-12 22:53:18,37.7,22.026,37.6118,37.7881,22.1241,21.9287,37.8,55,100
2026-03-12 22:53:18,37.72,22.041,37.6722,37.7679,22.1546,21.9272,37.8,55,100
2026-03-12 22:53:18,37.65,22.069,37.5514,37.7478,22.1042,22.034,37.8,55,100
2026-03-12 22:53:19,37.71,22.076,37.632,37.7881,22.1622,21.9898,37.8,55,100
2026-03-12 22:53:19,37.68,22.073,37.5917,37.7679,22.1576,21.9883,37.8,55,100
2026-03-12 22:53:19,37.71,22.126,37.6118,37.8082,22.1729,22.0783,37.8,55,100
2026-03-12 22:53:19,37.67,22.102,37.5917,37.7478,22.1576,22.0462,37.8,55,100
2026-03-12 22:53:20,37.68,22.036,37.5917,37.7679,22.1454,21.9272,37.8,55,100
2026-03-12 22:53:20,37.66,22.046,37.5715,37.7478,22.1195,21.973,37.8,55,100
2026-03-12 22:53:20,37.73,22.042,37.6521,37.8082,22.1027,21.9806,37.8,55,100
2026-03-12 22:53:20,37.65,22.069,37.5917,37.7075,22.1454,21.9928,37.8,55,100
2026-03-12 22:53:21,37.68,22.061,37.5917,37.7679,22.1332,21.9883,37.8,55,100
2026-03-12 22:53:21,37.69,22.062,37.5715,37.8082,22.1439,21.9806,37.8,55,100
2026-03-12 22:53:21,37.7,22.039,37.5715,37.8283,22.0829,21.9944,37.8,55,100
2026-03-12 22:53:22,37.68,22.042,37.6118,37.7478,22.1363,21.9486,37.8,55,100
2026-03-12 22:53:22,37.68,22.042,37.6118,37.7478,22.1485,21.9364,37.8,55,100
2026-03-12 22:53:22,37.73,22.036,37.6924,37.7679,22.0951,21.976,37.8,55,100
2026-03-12 22:53:22,37.71,22.034,37.6118,37.8082,22.0874,21.9806,37.8,55,100
2026-03-12 22:53:23,37.72,22.059,37.6722,37.7679,22.1302,21.9883,37.8,55,100
2026-03-12 22:53:23,37.71,22.034,37.6118,37.8082,22.0996,21.9684,37.8,55,100
2026-03-12 22:53:23,37.71,22.027,37.632,37.7881,22.0768,21.9776,37.8,55,100
2026-03-12 22:53:23,37.72,22.029,37.6118,37.8283,22.0874,21.9699,37.8,55,100
2026-03-12 22:53:24,37.7,22.063,37.5917,37.8082,22.0844,22.0417,37.8,55,100
2026-03-12 22:53:24,37.7,22.069,37.6118,37.7881,22.1485,21.9898,37.8,55,100
2026-03-12 22:53:24,37.72,22.059,37.632,37.8082,22.1256,21.9928,37.8,55,100
2026-03-12 22:53:24,37.68,22.067,37.6118,37.7478,22.1607,21.973,37.8,55,100
2026-03-12 22:53:25,37.67,22.053,37.5917,37.7478,22.0966,22.0096,37.8,55,100
2026-03-12 22:53:25,37.71,21.991,37.632,37.7881,22.0279,21.9532,37.8,55,100
2026-03-12 22:53:25,37.69,22.025,37.6521,37.7276,22.0905,21.9593,37.8,55,100
2026-03-12 22:53:25,37.71,22.052,37.632,37.7881,22.0645,22.0386,37.8,55,100
2026-03-12 22:53:26,37.71,22.021,37.6722,37.7478,22.0691,21.973,37.8,55,100
2026-03-12 22:53:26,37.74,22.0,37.7125,37.7679,22.0615,21.9394,37.8,55,100
2026-03-12 22:53:26,37.69,22.031,37.5917,37.7881,22.0966,21.9654,37.8,55,100
2026-03-12 22:53:27,37.73,22.023,37.6118,37.8485,22.063,21.9837,37.8,55,100
2026-03-12 22:53:27,37.73,22.005,37.6521,37.8082,22.0294,21.9806,37.8,55,100
2026-03-12 22:53:27,37.72,21.992,37.6722,37.7679,22.0569,21.9272,37.8,55,100
2026-03-12 22:53:27,37.73,21.987,37.6722,37.7881,22.0325,21.9409,37.8,55,100
2026-03-12 22:53:28,37.78,22.016,37.7327,37.8283,22.0508,21.9821,37.8,55,100
2026-03-12 22:53:28,37.74,22.025,37.6722,37.8082,22.0691,21.9806,37.8,55,100
2026-03-12 22:53:28,37.76,21.978,37.6924,37.8283,22.0096,21.9455,37.8,55,100
2026-03-12 22:53:28,37.78,22.005,37.7528,37.8082,22.0172,21.9928,37.8,55,100
2026-03-12 22:53:29,37.77,21.973,37.7327,37.8082,22.0142,21.9318,37.8,55,100
2026-03-12 22:53:29,37.75,22.007,37.6924,37.8082,22.0096,22.005,37.8,55,100
2026-03-12 22:53:29,37.72,21.979,37.6924,37.7478,21.9852,21.973,37.8,55,100
2026-03-12 22:53:29,37.791,21.987,37.7729,37.8082,22.0066,21.9684,37.8,55,99.09944891827924
2026-03-12 22:53:30,37.78,21.992,37.7327,37.8283,22.002,21.9821,37.8,55,100
2026-03-12 22:53:30,37.791,21.994,37.7729,37.8082,21.9944,21.9928,37.8,55,100
2026-03-12 22:53:30,37.791,22.0,37.8132,37.7679,21.9989,22.0005,37.8,55,100
2026-03-12 22:53:30,37.811,22.001,37.7729,37.8485,22.0066,21.9959,37.8,55,95.98594218857703
2026-03-12 22:53:31,37.76,21.966,37.7125,37.8082,21.9394,21.9928,37.8,55,100
2026-03-12 22:53:31,37.73,21.962,37.6924,37.7679,21.9364,21.9883,37.8,55,100
2026-03-12 22:53:31,37.78,21.992,37.7327,37.8283,21.9409,22.0432,37.8,55,100
2026-03-12 22:53:32,37.801,21.952,37.8132,37.7881,21.9501,21.9532,37.8,55,98.75973880628229
2026-03-12 22:53:32,37.801,21.897,37.7729,37.8283,21.8479,21.9455,37.8,55,99.69520794958353
2026-03-12 22:53:32,37.821,21.923,37.8132,37.8283,21.9013,21.9455,37.8,55,93.11357279143687
2026-03-12 22:53:32,37.821,21.93,37.8334,37.8082,21.9028,21.9562,37.8,55,93.55556886811958
2026-03-12 22:53:33,37.831,21.912,37.7729,37.8888,21.8723,21.9516,37.8,55,89.80615079153478
2026-03-12 22:53:33,37.801,21.915,37.8132,37.7881,21.8769,21.9532,37.8,55,99.40743391147001
2026-03-12 22:53:33,37.811,21.934,37.7729,37.8485,21.9089,21.9593,37.8,55,94.73765350342224
2026-03-12 22:53:33,37.821,21.893,37.7729,37.8686,21.8357,21.9501,37.8,55,91.66808873460027
2026-03-12 22:53:34,37.821,21.899,37.8535,37.7881,21.8326,21.9654,37.8,55,91.6549084419592
2026-03-12 22:53:34,37.841,21.889,37.8535,37.8283,21.8448,21.9333,37.8,55,84.62580594465291
2026-03-12 22:53:34,37.851,21.908,37.8334,37.8686,21.854,21.9623,37.8,55,81.34164205509171
2026-03-12 22:53:34,37.831,21.9,37.8132,37.8485,21.8402,21.9593,37.8,55,87.2173466689932
2026-03-12 22:53:35,37.871,21.923,37.9542,37.7881,21.8677,21.9776,37.8,55,72.49269392335599
2026-03-12 22:53:35,37.851,21.89,37.8737,37.8283,21.8463,21.9333,37.8,55,79.28086182257408
2026-03-12 22:53:35,37.911,21.891,37.9139,37.9089,21.8509,21.9303,37.8,55,57.552594812095826
2026-03-12 22:53:35,37.891,21.901,37.9542,37.8283,21.8677,21.9333,37.8,55,64.3675900925938
2026-03-12 22:53:36,37.871,21.892,37.8737,37.8686,21.8097,21.9745,37.8,55,67.98033391540943
2026-03-12 22:53:36,37.871,21.849,37.8737,37.8686,21.7853,21.9135,37.8,55,65.48018908271207
2026-03-12 22:53:36,37.861,21.885,37.8938,37.8283,21.8006,21.9699,37.8,55,67.17289585509003
2026-03-12 22:53:37,37.851,21.853,37.8737,37.8283,21.7853,21.9211,37.8,55,68.6327640431602
2026-03-12 22:53:37,37.911,21.866,37.9341,37.8888,21.8051,21.9272,37.8,55,47.35848766823853
2026-03-12 22:53:37,37.871,21.862,37.8938,37.8485,21.7884,21.9348,37.8,55,60.7227604453293
2026-03-12 22:53:37,37.921,21.843,37.9341,37.9089,21.7685,21.9181,37.8,55,40.91123480205377
2026-03-12 22:53:38,37.871,21.825,37.8938,37.8485,21.7762,21.8738,37.8,55,56.887885586410846
2026-03-12 22:53:38,37.962,21.841,37.9945,37.929,21.799,21.883,37.8,55,23.172568151827342
2026-03-12 22:53:38,37.942,21.845,38.0146,37.8686,21.8006,21.8891,37.8,55,30.26303164834032
2026-03-12 22:53:38,37.932,21.838,37.9542,37.9089,21.77,21.9059,37.8,55,29.456424554734827
2026-03-12 22:53:39,37.881,21.838,37.9139,37.8485,21.7777,21.8982,37.8,55,42.776698417146946
2026-03-12 22:53:39,37.921,21.818,37.9542,37.8888,21.7456,21.8906,37.8,55,25.51962198695363
2026-03-12 22:53:39,37.942,21.839,37.9542,37.929,21.7578,21.9196,37.8,55,17.75297533728962
2026-03-12 22:53:39,37.942,21.827,37.9542,37.929,21.7334,21.9196,37.8,55,15.537255671720295
2026-03-12 22:53:40,37.982,21.813,38.0549,37.9089,21.7563,21.8692,37.8,55,0
2026-03-12 22:53:40,37.921,21.794,37.9542,37.8888,21.7212,21.8662,37.8,55,17.003622884461997
2026-03-12 22:53:40,37.982,21.831,38.0146,37.9492,21.7639,21.8982,37.8,55,0
2026-03-12 22:53:40,37.952,21.785,37.9542,37.9492,21.6968,21.8738,37.8,55,0.06808505371099893
2026-03-12 22:53:41,37.992,21.759,38.0549,37.929,21.6709,21.8463,37.8,55,0
2026-03-12 22:53:41,37.982,21.782,38.0146,37.9492,21.6785,21.886,37.8,55,0
2026-03-12 22:53:41,37.982,21.77,38.0348,37.929,21.6693,21.8708,37.8,55,0
2026-03-12 22:53:42,38.022,21.762,38.0952,37.9492,21.6754,21.8494,37.8,55,0
2026-03-12 22:53:42,37.972,21.763,38.0348,37.9089,21.6571,21.8692,37.8,55,0
2026-03-12 22:53:42,37.972,21.762,38.0549,37.8888,21.6587,21.8662,37.8,55,0
2026-03-12 22:53:42,37.982,21.715,37.9945,37.9693,21.6037,21.8265,37.8,55,0
2026-03-12 22:53:43,38.002,21.742,38.0348,37.9693,21.6571,21.8265,37.8,55,0
2026-03-12 22:53:43,38.012,21.73,38.0549,37.9693,21.6342,21.8265,37.8,55,0
2026-03-12 22:53:43,38.002,21.717,38.1154,37.8888,21.6159,21.8173,37.8,55,0
2026-03-12 22:53:43,38.083,21.714,38.1556,38.0096,21.6449,21.7823,37.8,55,0
2026-03-12 22:53:44,38.022,21.714,38.0952,37.9492,21.5656,21.8616,37.8,55,0
2026-03-12 22:53:44,38.052,21.711,38.1556,37.9492,21.5839,21.8372,37.8,55,0
2026-03-12 22:53:44,38.042,21.71,38.1355,37.9492,21.5702,21.8494,37.8,55,0
2026-03-12 22:53:44,38.062,21.743,38.1355,37.9895,21.5946,21.8906,37.8,55,0
2026-03-12 22:53:45,38.052,21.711,38.0751,38.0298,21.5763,21.8448,37.8,55,0
2026-03-12 22:53:45,37.992,21.698,38.0952,37.8888,21.5534,21.8418,37.8,55,0
2026-03-12 22:53:45,38.052,21.674,38.0952,38.0096,21.5167,21.8311,37.8,55,0
2026-03-12 22:53:45,38.093,21.684,38.1556,38.0298,21.5106,21.857,37.8,55,0
2026-03-12 22:53:46,38.022,21.664,38.1154,37.929,21.5427,21.7853,37.8,55,0
2026-03-12 22:53:46,38.083,21.647,38.2161,37.9492,21.5305,21.7639,37.8,55,0
2026-03-12 22:53:46,38.083,21.672,38.1758,37.9895,21.5625,21.7807,37.8,55,0
2026-03-12 22:53:47,38.052,21.656,38.0952,38.0096,21.5045,21.8067,37.8,55,0
2026-03-12 22:53:47,38.073,21.64,38.1556,37.9895,21.4984,21.7807,37.8,55,0
2026-03-12 22:53:47,38.052,21.65,38.1154,37.9895,21.5061,21.7929,37.8,55,0
2026-03-12 22:53:47,38.113,21.65,38.1758,38.0499,21.5259,21.7746,37.8,55,0
2026-03-12 22:53:48,38.062,21.633,38.1355,37.9895,21.5213,21.7441,37.8,55,0
2026-03-12 22:53:48,38.123,21.651,38.1355,38.1103,21.5091,21.7929,37.8,55,0
2026-03-12 22:53:48,38.073,21.609,38.1355,38.0096,21.4603,21.7578,37.8,55,0
2026-03-12 22:53:48,38.073,21.64,38.1758,37.9693,21.4527,21.8265,37.8,55,0
2026-03-12 22:53:49,38.113,21.62,38.2161,38.0096,21.4572,21.7823,37.8,55,0
2026-03-12 22:53:49,38.093,21.611,38.2362,37.9492,21.4343,21.7884,37.8,55,0
2026-03-12 22:53:49,38.123,21.627,38.1959,38.0499,21.4664,21.7868,37.8,55,0
2026-03-12 22:53:49,38.022,21.579,38.1355,37.9089,21.4359,21.7227,37.8,55,0
2026-03-12 22:53:50,38.093,21.623,38.1556,38.0298,21.474,21.7716,37.8,55,0
2026-03-12 22:53:50,38.083,21.628,38.1959,37.9693,21.4786,21.7777,37.8,55,0
2026-03-12 22:53:50,38.113,21.589,38.2362,37.9895,21.471,21.7075,37.8,55,0
2026-03-12 22:53:50,38.073,21.603,38.1556,37.9895,21.4496,21.7563,37.8,55,0
2026-03-12 22:53:51,38.113,21.595,38.1556,38.07,21.4374,21.7517,37.8,55,0
2026-03-12 22:53:51,38.123,21.621,38.2765,37.9693,21.4633,21.7777,37.8,55,0
2026-03-12 22:53:51,38.103,21.637,38.1758,38.0298,21.4771,21.796,37.8,55,0
2026-03-12 22:53:52,38.143,21.598,38.2362,38.0499,21.4221,21.7746,37.8,55,0
2026-03-12 22:53:52,38.133,21.598,38.2161,38.0499,21.4572,21.738,37.8,55,0
2026-03-12 22:53:52,38.123,21.608,38.2362,38.0096,21.4343,21.7823,37.8,55,0
2026-03-12 22:53:52,38.143,21.562,38.2362,38.0499,21.4099,21.7136,37.8,55,0
2026-03-12 22:53:53,38.133,21.579,38.2161,38.0499,21.4328,21.7258,37.8,55,0
2026-03-12 22:53:53,38.123,21.608,38.1758,38.07,21.4649,21.7517,37.8,55,0
2026-03-12 22:53:53,38.133,21.572,38.2362,38.0298,21.4099,21.735,37.8,55,0
2026-03-12 22:53:53,38.133,21.603,38.2362,38.0298,21.4343,21.7716,37.8,55,0
2026-03-12 22:53:54,38.183,21.621,38.2765,38.0902,21.4633,21.7792,37.8,55,0
2026-03-12 22:53:54,38.133,21.579,38.1959,38.07,21.4054,21.7517,37.8,55,0
2026-03-12 22:53:54,38.083,21.543,38.1556,38.0096,21.3642,21.7212,37.8,55,0
2026-03-12 22:53:54,38.143,21.537,38.2161,38.07,21.323,21.7517,37.8,55,0
2026-03-12 22:53:55,38.143,21.501,38.2161,38.07,21.3107,21.6907,37.8,55,0
2026-03-12 22:53:55,38.163,21.515,38.2362,38.0902,21.3489,21.6815,37.8,55,0
2026-03-12 22:53:55,38.133,21.548,38.1959,38.07,21.3687,21.7273,37.8,55,0
2026-03-12 22:53:55,38.123,21.492,38.2362,38.0096,21.3001,21.6846,37.8,55,0
2026-03-12 22:53:56,38.163,21.497,38.1758,38.1506,21.3062,21.6876,37.8,55,0
2026-03-12 22:53:56,38.153,21.496,38.2161,38.0902,21.2985,21.6938,37.8,55,0
2026-03-12 22:53:56,38.123,21.498,38.1959,38.0499,21.3199,21.677,37.8,55,0
2026-03-12 22:53:57,38.143,21.537,38.2765,38.0096,21.3901,21.6846,37.8,55,0
2026-03-12 22:53:57,38.163,21.515,38.2765,38.0499,21.3779,21.6526,37.8,55,0
2026-03-12 22:53:57,38.133,21.542,38.1556,38.1103,21.3764,21.7075,37.8,55,0
2026-03-12 22:53:57,38.123,21.535,38.1959,38.0499,21.3687,21.7014,37.8,55,0
2026-03-12 22:53:58,38.143,21.537,38.2161,38.07,21.3474,21.7273,37.8,55,0
2026-03-12 22:53:58,38.163,21.54,38.2564,38.07,21.3764,21.7029,37.8,55,0
2026-03-12 22:53:58,38.143,21.574,38.1959,38.0902,21.3809,21.767,37.8,55,0
2026-03-12 22:53:58,38.133,21.573,38.1758,38.0902,21.4038,21.7426,37.8,55,0
2026-03-12 22:53:59,38.133,21.579,38.2362,38.0298,21.4099,21.7472,37.8,55,0
2026-03-12 22:53:59,38.143,21.556,38.1959,38.0902,21.3931,21.7182,37.8,55,0
2026-03-12 22:53:59,38.183,21.579,38.2765,38.0902,21.4633,21.6938,37.8,55,0
2026-03-12 22:53:59,38.163,21.57,38.2362,38.0902,21.4466,21.6938,37.8,55,0
2026-03-12 22:54:00,38.143,21.556,38.2161,38.07,21.4206,21.6907,37.8,55,0
2026-03-12 22:54:00,38.153,21.557,38.2161,38.0902,21.4206,21.6938,37.8,55,0
2026-03-12 22:54:00,38.143,21.568,38.2161,38.07,21.4084,21.7273,37.8,55,0
2026-03-12 22:54:00,38.123,21.584,38.1758,38.07,21.4282,21.7395,37.8,55,0
2026-03-12 22:54:01,38.193,21.549,38.2362,38.1506,21.4221,21.6754,37.8,55,0
2026-03-12 22:54:01,38.133,21.518,38.1758,38.0902,21.4038,21.6327,37.8,55,0
2026-03-12 22:54:01,38.163,21.546,38.1959,38.1305,21.4176,21.6739,37.8,55,0
2026-03-12 22:54:02,38.113,21.547,38.1758,38.0499,21.3794,21.7136,37.8,55,0
2026-03-12 22:54:02,38.133,21.554,38.1959,38.07,21.4298,21.6785,37.8,55,0
2026-03-12 22:54:02,38.173,21.535,38.2161,38.1305,21.3718,21.6983,37.8,55,0
2026-03-12 22:54:02,38.143,21.531,38.2161,38.07,21.3962,21.6663,37.8,55,0
2026-03-12 22:54:03,38.143,21.507,38.2362,38.0499,21.3733,21.6403,37.8,55,0
2026-03-12 22:54:03,38.153,21.544,38.2362,38.07,21.4099,21.6785,37.8,55,0
2026-03-12 22:54:03,38.183,21.505,38.2564,38.1103,21.3764,21.6342,37.8,55,0
2026-03-12 22:54:03,38.133,21.511,38.1959,38.07,21.3565,21.6663,37.8,55,0
2026-03-12 22:54:04,38.083,21.507,38.2161,37.9492,21.3718,21.6419,37.8,55,0
2026-03-12 22:54:04,38.133,21.494,38.1758,38.0902,21.355,21.6327,37.8,55,0
2026-03-12 22:54:04,38.163,21.503,38.2362,38.0902,21.3733,21.6327,37.8,55,0
2026-03-12 22:54:04,38.183,21.499,38.2765,38.0902,21.3779,21.6205,37.8,55,0
2026-03-12 22:54:05,38.143,21.482,38.2161,38.07,21.384,21.5808,37.8,55,0
2026-03-12 22:54:05,38.183,21.493,38.1758,38.1909,21.3916,21.5946,37.8,55,0
2026-03-12 22:54:05,38.163,21.472,38.2362,38.0902,21.3489,21.5961,37.8,55,0
2026-03-12 22:54:05,38.193,21.469,38.2362,38.1506,21.3245,21.6144,37.8,55,0
2026-03-12 22:54:06,38.133,21.493,38.1959,38.07,21.3565,21.6297,37.8,55,0
2026-03-12 22:54:06,38.123,21.511,38.1959,38.0499,21.3809,21.6403,37.8,55,0
2026-03-12 22:54:06,38.123,21.517,38.1959,38.0499,21.3321,21.7014,37.8,55,0
2026-03-12 22:54:07,38.083,21.506,38.1154,38.0499,21.384,21.6281,37.8,55,0
2026-03-12 22:54:07,38.133,21.506,38.2161,38.0499,21.3962,21.6159,37.8,55,0
2026-03-12 22:54:07,38.103,21.508,38.0952,38.1103,21.3947,21.622,37.8,55,0
2026-03-12 22:54:07,38.093,21.471,38.1758,38.0096,21.3672,21.5747,37.8,55,0
2026-03-12 22:54:08,38.123,21.486,38.1556,38.0902,21.3764,21.5961,37.8,55,0
2026-03-12 22:54:08,38.123,21.462,38.1758,38.07,21.355,21.5686,37.8,55,0
2026-03-12 22:54:08,38.143,21.482,38.2362,38.0499,21.3611,21.6037,37.8,55,0
2026-03-12 22:54:08,38.123,21.517,38.1556,38.0902,21.4252,21.6083,37.8,55,0
2026-03-12 22:54:09,38.143,21.519,38.1758,38.1103,21.4405,21.5976,37.8,55,0
2026-03-12 22:54:09,38.153,21.52,38.1959,38.1103,21.4054,21.6342,37.8,55,0
2026-03-12 22:54:09,38.093,21.489,38.1758,38.0096,21.3794,21.5991,37.8,55,0
2026-03-12 22:54:09,38.153,21.495,38.2362,38.07,21.3855,21.6052,37.8,55,0
2026-03-12 22:54:10,38.183,21.523,38.2966,38.07,21.4405,21.6052,37.8,55,0
2026-03-12 22:54:10,38.153,21.526,38.2362,38.07,21.4343,21.6175,37.8,55,0
2026-03-12 22:54:10,38.153,21.533,38.1758,38.1305,21.4405,21.6251,37.8,55,0
2026-03-12 22:54:10,38.113,21.527,38.1556,38.07,21.4008,21.6541,37.8,55,0
2026-03-12 22:54:11,38.153,21.526,38.1556,38.1506,21.413,21.6388,37.8,55,0
2026-03-12 22:54:11,38.163,21.515,38.2161,38.1103,21.4328,21.5976,37.8,55,0
2026-03-12 22:54:11,38.103,21.545,38.1355,38.07,21.4603,21.6297,37.8,55,0
2026-03-12 22:54:12,38.133,21.53,38.1758,38.0902,21.4405,21.6205,37.8,55,0
2026-03-12 22:54:12,38.153,21.563,38.1758,38.1305,21.4405,21.6861,37.8,55,0
2026-03-12 22:54:12,38.123,21.535,38.2161,38.0298,21.4572,21.6129,37.8,55,0
2026-03-12 22:54:12,38.123,21.553,38.1355,38.1103,21.4603,21.6464,37.8,55,0
2026-03-12 22:54:13,38.153,21.575,38.1758,38.1305,21.4893,21.6617,37.8,55,0
2026-03-12 22:54:13,38.143,21.574,38.2161,38.07,21.4817,21.6663,37.8,55,0
2026-03-12 22:54:13,38.153,21.533,38.1758,38.1305,21.4282,21.6373,37.8,55,0
2026-03-12 22:54:13,38.083,21.543,38.1154,38.0499,21.445,21.6403,37.8,55,0
2026-03-12 22:54:14,38.123,21.547,38.1355,38.1103,21.4603,21.6342,37.8,55,0
2026-03-12 22:54:14,38.062,21.553,38.0952,38.0298,21.4923,21.6129,37.8,55,0
2026-03-12 22:54:14,38.103,21.557,38.1758,38.0298,21.4771,21.6373,37.8,55,0
2026-03-12 22:54:14,38.143,21.55,38.2161,38.07,21.4817,21.6175,37.8,55,0
2026-03-12 22:54:15,38.153,21.545,38.1758,38.1305,21.4893,21.6007,37.8,55,0
2026-03-12 22:54:15,38.133,21.543,38.1758,38.0902,21.4771,21.6083,37.8,55,0
2026-03-12 22:54:15,38.123,21.553,38.1355,38.1103,21.4725,21.6342,37.8,55,0
2026-03-12 22:54:15,38.093,21.507,38.1154,38.07,21.445,21.5686,37.8,55,0
2026-03-12 22:54:16,38.083,21.53,38.1154,38.0499,21.4694,21.5915,37.8,55,0
2026-03-12 22:54:16,38.103,21.557,38.1355,38.07,21.4969,21.6175,37.8,55,0
2026-03-12 22:54:16,38.143,21.543,38.1556,38.1305,21.474,21.6129,37.8,55,0
2026-03-12 22:54:16,38.113,21.576,38.1556,38.07,21.4862,21.6663,37.8,55,0
2026-03-12 22:54:17,38.083,21.556,38.0751,38.0902,21.4664,21.6449,37.8,55,0
2026-03-12 22:54:17,38.153,21.581,38.1556,38.1506,21.4984,21.6632,37.8,55,0
2026-03-12 22:54:17,38.103,21.564,38.0751,38.1305,21.5152,21.6129,37.8,55,0
2026-03-12 22:54:18,38.133,21.603,38.1154,38.1506,21.5427,21.6632,37.8,55,0
2026-03-12 22:54:18,38.113,21.564,38.1154,38.1103,21.5183,21.6098,37.8,55,0
2026-03-12 22:54:18,38.123,21.59,38.2161,38.0298,21.5183,21.6617,37.8,55,0
2026-03-12 22:54:18,38.062,21.547,38.0348,38.0902,21.4862,21.6083,37.8,55,0
2026-03-12 22:54:19,38.093,21.563,38.0952,38.0902,21.4679,21.6571,37.8,55,0
2026-03-12 22:54:19,38.123,21.559,38.0952,38.1506,21.4557,21.6632,37.8,55,0
2026-03-12 22:54:19,38.093,21.586,38.1154,38.07,21.5183,21.6541,37.8,55,0
2026-03-12 22:54:19,38.123,21.541,38.1758,38.07,21.4893,21.593,37.8,55,0
2026-03-12 22:54:20,38.073,21.554,38.0751,38.07,21.4908,21.6175,37.8,55,0
2026-03-12 22:54:20,38.103,21.551,38.0952,38.1103,21.4801,21.622,37.8,55,0
2026-03-12 22:54:20,38.073,21.572,38.0751,38.07,21.5274,21.6175,37.8,55,0
2026-03-12 22:54:20,38.103,21.582,38.0952,38.1103,21.529,21.6342,37.8,55,0
2026-03-12 22:54:21,38.083,21.562,38.0751,38.0902,21.4908,21.6327,37.8,55,0
2026-03-12 22:54:21,38.093,21.532,38.0952,38.0902,21.4679,21.5961,37.8,55,0
2026-03-12 22:54:21,38.073,21.591,38.0549,38.0902,21.5366,21.6449,37.8,55,0
2026-03-12 22:54:21,38.093,21.581,38.0952,38.0902,21.529,21.6327,37.8,55,0
2026-03-12 22:54:22,38.073,21.56,38.0348,38.1103,21.5106,21.6098,37.8,55,0
2026-03-12 22:54:22,38.073,21.597,38.0549,38.0902,21.5366,21.6571,37.8,55,0
2026-03-12 22:54:22,38.073,21.59,38.1154,38.0298,21.5549,21.6251,37.8,55,0
2026-03-12 22:54:23,38.062,21.583,38.0146,38.1103,21.5198,21.6464,37.8,55,0
2026-03-12 22:54:23,38.062,21.62,38.0952,38.0298,21.59,21.6495,37.8,55,0
2026-03-12 22:54:23,38.083,21.592,38.0348,38.1305,21.5473,21.6373,37.8,55,0
2026-03-12 22:54:23,38.052,21.625,38.0751,38.0298,21.564,21.6861,37.8,55,0
2026-03-12 22:54:24,38.042,21.588,38.0751,38.0096,21.5763,21.5991,37.8,55,0
2026-03-12 22:54:24,38.073,21.609,38.0952,38.0499,21.5412,21.677,37.8,55,0
2026-03-12 22:54:24,38.022,21.585,38.0348,38.0096,21.4862,21.6846,37.8,55,0
2026-03-12 22:54:24,38.022,21.548,37.9744,38.07,21.442,21.6541,37.8,55,0
2026-03-12 22:54:25,38.042,21.551,38.0751,38.0096,21.4908,21.6114,37.8,55,0
2026-03-12 22:54:25,38.032,21.556,37.9945,38.07,21.4817,21.6297,37.8,55,0
2026-03-12 22:54:25,38.022,21.591,38.0146,38.0298,21.5076,21.6739,37.8,55,0
2026-03-12 22:54:25,38.002,21.595,37.9945,38.0096,21.5305,21.6602,37.8,55,0
2026-03-12 22:54:26,38.052,21.607,38.0549,38.0499,21.5488,21.6648,37.8,55,0
2026-03-12 22:54:26,38.002,21.601,38.0146,37.9895,21.5686,21.6342,37.8,55,0
2026-03-12 22:54:26,38.083,21.592,38.0751,38.0902,21.5763,21.6083,37.8,55,0
2026-03-12 22:54:26,38.022,21.591,38.0146,38.0298,21.5686,21.6129,37.8,55,0
2026-03-12 22:54:27,38.062,21.608,38.0348,38.0902,21.5961,21.6205,37.8,55,0
2026-03-12 22:54:27,38.042,21.618,38.0348,38.0499,21.5595,21.677,37.8,55,0
2026-03-12 22:54:27,38.032,21.586,37.9945,38.07,21.5671,21.6052,37.8,55,0
2026-03-12 22:54:28,38.042,21.581,37.9744,38.1103,21.5396,21.622,37.8,55,0
2026-03-12 22:54:28,38.002,21.632,37.9945,38.0096,21.5915,21.6724,37.8,55,0
2026-03-12 22:54:28,37.992,21.625,37.9341,38.0499,21.561,21.6892,37.8,55,0
2026-03-12 22:54:28,38.002,21.65,38.0146,37.9895,21.6297,21.6709,37.8,55,0
2026-03-12 22:54:29,38.002,21.662,37.9341,38.07,21.6464,21.6785,37.8,55,0
2026-03-12 22:54:29,38.022,21.653,38.0348,38.0096,21.6571,21.648,37.8,55,0
2026-03-12 22:54:29,37.992,21.667,37.9744,38.0096,21.6617,21.6724,37.8,55,0
2026-03-12 22:54:29,38.002,21.65,38.0146,37.9895,21.6419,21.6587,37.8,55,0
2026-03-12 22:54:30,37.982,21.66,37.9542,38.0096,21.6602,21.6602,37.8,55,0
2026-03-12 22:54:30,38.062,21.639,38.0348,38.0902,21.6327,21.6449,37.8,55,0
2026-03-12 22:54:30,38.052,21.643,38.0751,38.0298,21.6373,21.6495,37.8,55,0
2026-03-12 22:54:30,38.022,21.659,37.9542,38.0902,21.6358,21.6815,37.8,55,0
2026-03-12 22:54:31,37.982,21.624,37.9744,37.9895,21.6129,21.6342,37.8,55,0
2026-03-12 22:54:31,38.002,21.656,37.9744,38.0298,21.6495,21.6617,37.8,55,0
2026-03-12 22:54:31,37.992,21.631,37.9945,37.9895,21.6403,21.622,37.8,55,0
2026-03-12 22:54:31,38.012,21.646,38.0348,37.9895,21.6449,21.6464,37.8,55,0
2026-03-12 22:54:32,38.012,21.646,37.9341,38.0902,21.6464,21.6449,37.8,55,0
2026-03-12 22:54:32,37.992,21.643,37.9542,38.0298,21.6602,21.6251,37.8,55,0
2026-03-12 22:54:32,38.022,21.658,38.0146,38.0298,21.6663,21.6495,37.8,55,0
2026-03-12 22:54:33,37.982,21.672,37.9341,38.0298,21.6587,21.6861,37.8,55,0
2026-03-12 22:54:33,38.002,21.668,37.9744,38.0298,21.6617,21.6739,37.8,55,0
2026-03-12 22:54:33,38.012,21.663,37.9945,38.0298,21.6648,21.6617,37.8,55,0
2026-03-12 22:54:33,38.012,21.675,38.0146,38.0096,21.6907,21.6602,37.8,55,0
2026-03-12 22:54:34,38.022,21.653,37.9945,38.0499,21.6281,21.677,37.8,55,0
2026-03-12 22:54:34,38.002,21.693,37.9542,38.0499,21.6846,21.7014,37.8,55,0
2026-03-12 22:54:34,38.002,21.669,37.9945,38.0096,21.6648,21.6724,37.8,55,0
2026-03-12 22:54:34,37.982,21.721,37.9744,37.9895,21.7105,21.7319,37.8,55,0
2026-03-12 22:54:35,37.972,21.69,37.8938,38.0499,21.6663,21.7136,37.8,55,0
2026-03-12 22:54:35,38.062,21.688,38.0348,38.0902,21.6938,21.6815,37.8,55,0
2026-03-12 22:54:35,38.002,21.698,37.9744,38.0298,21.7105,21.6861,37.8,55,0
2026-03-12 22:54:35,37.972,21.684,37.9542,37.9895,21.6968,21.6709,37.8,55,0
2026-03-12 22:54:36,37.972,21.696,37.9341,38.0096,21.6831,21.709,37.8,55,0
2026-03-12 22:54:36,37.972,21.696,37.9341,38.0096,21.6831,21.709,37.8,55,0
2026-03-12 22:54:36,37.962,21.682,37.8938,38.0298,21.6785,21.6861,37.8,55,0
2026-03-12 22:54:36,38.012,21.675,37.9542,38.07,21.6846,21.6663,37.8,55,0
2026-03-12 22:54:37,38.012,21.682,38.0348,37.9895,21.706,21.6587,37.8,55,0
2026-03-12 22:54:37,37.982,21.697,37.9341,38.0298,21.6831,21.7105,37.8,55,0
2026-03-12 22:54:37,37.962,21.719,37.8938,38.0298,21.7151,21.7227,37.8,55,0
2026-03-12 22:54:38,37.921,21.708,37.8737,37.9693,21.7243,21.6922,37.8,55,0
2026-03-12 22:54:38,37.972,21.745,37.9341,38.0096,21.7441,21.7456,37.8,55,0
2026-03-12 22:54:38,37.962,21.731,37.8737,38.0499,21.7121,21.7502,37.8,55,0
2026-03-12 22:54:38,37.972,21.733,37.9341,38.0096,21.7563,21.709,37.8,55,0
2026-03-12 22:54:39,37.952,21.743,37.8938,38.0096,21.7517,21.7334,37.8,55,0
2026-03-12 22:54:39,37.992,21.728,37.9542,38.0298,21.7334,21.7227,37.8,55,0
2026-03-12 22:54:39,37.921,21.74,37.8535,37.9895,21.7227,21.7563,37.8,55,0
2026-03-12 22:54:39,37.871,21.703,37.8132,37.929,21.7182,21.6876,37.8,55,0
2026-03-12 22:54:40,37.942,21.723,37.9139,37.9693,21.7533,21.6922,37.8,55,0
2026-03-12 22:54:40,37.952,21.743,37.9139,37.9895,21.7777,21.7075,37.8,55,0
2026-03-12 22:54:40,37.911,21.769,37.9139,37.9089,21.7777,21.7594,37.8,55,0
2026-03-12 22:54:40,37.962,21.719,37.9139,38.0096,21.7655,21.6724,37.8,55,0
2026-03-12 22:54:41,37.962,21.731,37.9945,37.929,21.7624,21.6999,37.8,55,0
2026-03-12 22:54:41,37.921,21.714,37.8737,37.9693,21.7487,21.68,37.8,55,0
2026-03-12 22:54:41,37.932,21.698,37.8737,37.9895,21.7365,21.6587,37.8,55,0
2026-03-12 22:54:41,38.002,21.748,37.9945,38.0096,21.7868,21.709,37.8,55,0
2026-03-12 22:54:42,37.901,21.718,37.8737,37.929,21.7731,21.6632,37.8,55,0
2026-03-12 22:54:42,37.901,21.725,37.9341,37.8686,21.7685,21.6815,37.8,55,0
2026-03-12 22:54:42,37.921,21.745,37.8737,37.9693,21.7609,21.7288,37.8,55,0
2026-03-12 22:54:43,37.921,21.745,37.8737,37.9693,21.7731,21.7166,37.8,55,0
2026-03-12 22:54:43,37.972,21.757,37.9341,38.0096,21.7807,21.7334,37.8,55,0
2026-03-12 22:54:43,37.871,21.752,37.8132,37.929,21.767,21.7365,37.8,55,0
2026-03-12 22:54:43,37.911,21.756,37.8535,37.9693,21.7716,21.7411,37.8,55,0
2026-03-12 22:54:44,37.901,21.768,37.8132,37.9895,21.7914,21.7441,37.8,55,0
2026-03-12 22:54:44,37.891,21.748,37.7931,37.9895,21.7639,21.7319,37.8,55,0
2026-03-12 22:54:44,37.921,21.739,37.8737,37.9693,21.7853,21.6922,37.8,55,0
2026-03-12 22:54:44,37.891,21.803,37.8938,37.8888,21.7884,21.8173,37.8,55,0
2026-03-12 22:54:45,37.881,21.765,37.8334,37.929,21.7929,21.7365,37.8,55,0
2026-03-12 22:54:45,37.891,21.736,37.8535,37.929,21.7838,21.6876,37.8,55,0
2026-03-12 22:54:45,37.921,21.745,37.8737,37.9693,21.7975,21.6922,37.8,55,0
2026-03-12 22:54:45,37.891,21.772,37.8535,37.929,21.7716,21.7731,37.8,55,0
2026-03-12 22:54:46,37.851,21.823,37.7729,37.929,21.8235,21.8219,37.8,55,0
2026-03-12 22:54:46,37.891,21.778,37.8737,37.9089,21.7975,21.7594,37.8,55,0
2026-03-12 22:54:46,37.861,21.744,37.7931,37.929,21.7273,21.7609,37.8,55,0
2026-03-12 22:54:46,37.932,21.783,37.8938,37.9693,21.8006,21.7655,37.8,55,0
2026-03-12 22:54:47,37.831,21.803,37.7528,37.9089,21.8097,21.796,37.8,55,0
2026-03-12 22:54:47,37.871,21.776,37.7931,37.9492,21.825,21.7273,37.8,55,0
2026-03-12 22:54:47,37.921,21.812,37.8132,38.0298,21.828,21.796,37.8,55,0
2026-03-12 22:54:48,37.911,21.811,37.8132,38.0096,21.8524,21.77,37.8,55,0
2026-03-12 22:54:48,37.861,21.793,37.7931,37.929,21.8372,21.7487,37.8,55,0
2026-03-12 22:54:48,37.861,21.812,37.7729,37.9492,21.8479,21.7762,37.8,55,0
2026-03-12 22:54:48,37.861,21.8,37.8132,37.9089,21.8524,21.7472,37.8,55,0
2026-03-12 22:54:49,37.861,21.806,37.8132,37.9089,21.8402,21.7716,37.8,55,0
2026-03-12 22:54:49,37.861,21.806,37.8132,37.9089,21.8402,21.7716,37.8,55,0
2026-03-12 22:54:49,37.921,21.781,37.8334,38.0096,21.7685,21.7945,37.8,55,0
2026-03-12 22:54:49,37.861,21.811,37.7931,37.929,21.7884,21.8341,37.8,55,0
2026-03-12 22:54:50,37.881,21.814,37.8334,37.929,21.8296,21.7975,37.8,55,0
2026-03-12 22:54:50,37.831,21.82,37.7729,37.8888,21.8235,21.8173,37.8,55,0
2026-03-12 22:54:50,37.921,21.83,37.8737,37.9693,21.8463,21.8143,37.8,55,0
2026-03-12 22:54:50,37.811,21.831,37.7125,37.9089,21.8418,21.8204,37.8,55,2.156143145680204
2026-03-12 22:54:51,37.871,21.837,37.8132,37.929,21.8769,21.7975,37.8,55,0
2026-03-12 22:54:51,37.841,21.846,37.7327,37.9492,21.8677,21.825,37.8,55,0
2026-03-12 22:54:51,37.851,21.853,37.8132,37.8888,21.9013,21.8051,37.8,55,0
2026-03-12 22:54:51,37.831,21.833,37.7528,37.9089,21.883,21.7838,37.8,55,0
2026-03-12 22:54:52,37.841,21.859,37.7528,37.929,21.8952,21.8219,37.8,55,0
2026-03-12 22:54:52,37.791,21.859,37.7125,37.8686,21.9028,21.8158,37.8,55,4.820188007827131
2026-03-12 22:54:52,37.841,21.876,37.7931,37.8888,21.9348,21.8173,37.8,55,0
2026-03-12 22:54:53,37.801,21.756,37.7327,37.8686,21.7334,21.7792,37.8,55,1.5641289414731667
2026-03-12 22:54:53,37.821,21.752,37.7327,37.9089,21.6846,21.8204,37.8,55,0
2026-03-12 22:54:53,37.78,21.809,37.6722,37.8888,21.7517,21.8662,37.8,55,7.51770507581479
2026-03-12 22:54:53,37.801,21.805,37.6924,37.9089,21.8021,21.8082,37.8,55,0
2026-03-12 22:54:54,37.831,21.839,37.7528,37.9089,21.8341,21.8448,37.8,55,0
2026-03-12 22:54:54,37.801,21.854,37.6924,37.9089,21.8753,21.8326,37.8,55,1.1086360845725591
2026-03-12 22:54:54,37.78,21.833,37.6924,37.8686,21.8509,21.8158,37.8,55,6.605301254078892
2026-03-12 22:54:54,37.78,21.839,37.6722,37.8888,21.8738,21.8051,37.8,55,6.094397191499653
2026-03-12 22:54:55,37.76,21.843,37.6521,37.8686,21.8952,21.7914,37.8,55,13.101135722971648
2026-03-12 22:54:55,37.831,21.864,37.7528,37.9089,21.9318,21.796,37.8,55,0
2026-03-12 22:54:55,37.831,21.863,37.7327,37.929,21.9287,21.7975,37.8,55,0
2026-03-12 22:54:55,37.791,21.877,37.6924,37.8888,21.912,21.8418,37.8,55,4.769848206659686
2026-03-12 22:54:56,37.821,21.917,37.7125,37.929,21.9638,21.8708,37.8,55,0
2026-03-12 22:54:56,37.811,21.892,37.7125,37.9089,21.9516,21.8326,37.8,55,0
2026-03-12 22:54:56,37.791,21.884,37.7125,37.8686,21.9516,21.8158,37.8,55,3.4536154905932244
2026-03-12 22:54:56,37.811,21.917,37.7125,37.9089,21.976,21.857,37.8,55,0
2026-03-12 22:54:57,37.821,21.917,37.7528,37.8888,21.944,21.8906,37.8,55,0
2026-03-12 22:54:57,37.75,21.909,37.6521,37.8485,21.944,21.8738,37.8,55,17.35589929360125
2026-03-12 22:54:57,37.78,21.901,37.632,37.929,21.9547,21.8463,37.8,55,5.397327243407657
2026-03-12 22:54:58,37.801,21.909,37.6722,37.929,21.9715,21.8463,37.8,55,0.32502097437096744
2026-03-12 22:54:58,37.801,21.903,37.7125,37.8888,21.9516,21.854,37.8,55,1.2610113816642274
2026-03-12 22:54:58,37.801,21.909,37.6924,37.9089,21.9852,21.8326,37.8,55,1.2386510598990892
2026-03-12 22:54:58,37.821,21.905,37.7327,37.9089,21.9654,21.8448,37.8,55,0
2026-03-12 22:54:59,37.811,21.904,37.7125,37.9089,21.9638,21.8448,37.8,55,0
2026-03-12 22:54:59,37.75,21.904,37.6924,37.8082,22.0218,21.7853,37.8,55,17.68400775288763
2026-03-12 22:54:59,37.74,21.878,37.632,37.8485,21.9425,21.8128,37.8,55,19.29890231100629
2026-03-12 22:54:59,37.831,21.863,37.7327,37.929,21.9287,21.7975,37.8,55,0
2026-03-12 22:55:00,37.791,21.865,37.7327,37.8485,21.9287,21.8006,37.8,55,6.915703919725837
2026-03-12 22:55:00,37.74,21.89,37.632,37.8485,21.9669,21.8128,37.8,55,22.01842705618305
2026-03-12 22:55:00,37.73,21.859,37.5715,37.8888,21.9242,21.7929,37.8,55,24.314628911988862
2026-03-12 22:55:00,37.73,21.92,37.6521,37.8082,21.9928,21.8463,37.8,55,25.42444631246571
2026-03-12 22:55:01,37.75,21.916,37.632,37.8686,21.9669,21.8647,37.8,55,20.430365596819907
2026-03-12 22:55:01,37.76,21.917,37.6722,37.8485,21.9837,21.8494,37.8,55,19.181256322322934
2026-03-12 22:55:01,37.74,21.921,37.6722,37.8082,22.0203,21.8219,37.8,55,27.0912753374432
2026-03-12 22:55:01,37.801,21.939,37.6924,37.9089,22.034,21.8448,37.8,55,7.514237193250674
2026-03-12 22:55:02,37.73,21.932,37.6118,37.8485,21.9898,21.8738,37.8,55,33.560022825434146
2026-03-12 22:55:02,37.77,21.905,37.6521,37.8888,21.9928,21.8173,37.8,55,18.77098423837159
2026-03-12 22:55:02,37.73,21.92,37.6118,37.8485,21.9776,21.8616,37.8,55,34.38388951953892
2026-03-12 22:55:03,37.69,21.904,37.5715,37.8082,21.973,21.8341,37.8,55,47.24286288899636
2026-03-12 22:55:03,37.76,21.904,37.6722,37.8485,21.9959,21.8128,37.8,55,24.91855812217582
2026-03-12 22:55:03,37.73,21.895,37.6521,37.8082,22.005,21.7853,37.8,55,38.84566003606664
2026-03-12 22:55:03,37.74,21.926,37.6521,37.8283,22.0294,21.8235,37.8,55,35.76405641256317
2026-03-12 22:55:04,37.69,21.921,37.5917,37.7881,22.0111,21.8311,37.8,55,53.96109797987316
2026-03-12 22:55:04,37.74,21.957,37.632,37.8485,22.0401,21.8738,37.8,55,37.74883141122718
2026-03-12 22:55:04,37.7,21.923,37.6118,37.7881,22.002,21.8433,37.8,55,54.49033049677569
2026-03-12 22:55:04,37.77,21.93,37.6722,37.8686,22.0325,21.828,37.8,55,31.941317063243364
2026-03-12 22:55:05,37.71,21.93,37.6521,37.7679,22.0294,21.8296,37.8,55,55.485306001639756
2026-03-12 22:55:05,37.71,21.948,37.5917,37.8283,22.06,21.8357,37.8,55,54.75898740599939
2026-03-12 22:55:05,37.71,21.936,37.5715,37.8485,22.034,21.8372,37.8,55,56.77369521570016
2026-03-12 22:55:05,37.72,21.93,37.6521,37.7881,22.0417,21.8189,37.8,55,55.506153499544205
2026-03-12 22:55:06,37.75,21.952,37.6521,37.8485,22.0783,21.825,37.8,55,47.91013261304748
2026-03-12 22:55:06,37.71,21.949,37.6118,37.8082,22.0508,21.8463,37.8,55,63.51816296178035
2026-03-12 22:55:06,37.7,21.965,37.632,37.7679,22.0645,21.8662,37.8,55,66.99933711568147
2026-03-12 22:55:06,37.73,21.975,37.6118,37.8485,22.0874,21.8616,37.8,55,58.93779617598961
2026-03-12 22:55:07,37.619,21.987,37.491,37.7478,22.0859,21.8875,37.8,55,98.2786240312963
2026-03-12 22:55:07,37.629,22.0,37.5312,37.7276,22.1027,21.8982,37.8,55,93.97781619712997
2026-03-12 22:55:07,37.67,22.042,37.5715,37.7679,22.1195,21.9638,37.8,55,84.80609101017971
2026-03-12 22:55:08,37.7,21.971,37.6521,37.7478,22.0417,21.8997,37.8,55,79.74225361369338
2026-03-12 22:55:08,37.68,21.994,37.5917,37.7679,22.0844,21.9028,37.8,55,89.90633401437054
2026-03-12 22:55:08,37.72,21.985,37.5917,37.8485,22.0844,21.886,37.8,55,78.55517617376051
2026-03-12 22:55:08,37.69,21.994,37.5312,37.8485,22.0783,21.9104,37.8,55,92.00806831906286
2026-03-12 22:55:09,37.68,21.963,37.5514,37.8082,22.0432,21.883,37.8,55,96.37563130857096
2026-03-12 22:55:09,37.68,21.969,37.5514,37.8082,22.0554,21.883,37.8,55,98.59985035795587
2026-03-12 22:55:09,37.74,21.964,37.7125,37.7679,22.0493,21.8784,37.8,55,81.60209091686842
2026-03-12 22:55:09,37.73,21.975,37.6118,37.8485,22.0752,21.8738,37.8,55,88.96082577956348
2026-03-12 22:55:10,37.65,21.991,37.5312,37.7679,22.0905,21.8906,37.8,55,100
2026-03-12 22:55:10,37.71,22.003,37.5514,37.8686,22.1042,21.9013,37.8,55,96.3269454617866
2026-03-12 22:55:10,37.619,21.975,37.5111,37.7276,22.063,21.886,37.8,55,100
2026-03-12 22:55:10,37.68,21.975,37.6118,37.7478,22.0752,21.8753,37.8,55,100
2026-03-12 22:55:11,37.69,21.977,37.6118,37.7679,22.0874,21.8662,37.8,55,100
2026-03-12 22:55:11,37.69,21.988,37.5917,37.7881,22.0844,21.8921,37.8,55,100
2026-03-12 22:55:11,37.71,21.997,37.6118,37.8082,22.0874,21.9074,37.8,55,100
2026-03-12 22:55:11,37.66,21.973,37.632,37.6873,22.0768,21.8692,37.8,55,100
2026-03-12 22:55:12,37.7,21.996,37.5715,37.8283,22.0951,21.8967,37.8,55,100
2026-03-12 22:55:12,37.66,22.004,37.5715,37.7478,22.0951,21.912,37.8,55,100
2026-03-12 22:55:12,37.69,21.988,37.5917,37.7881,22.0478,21.9287,37.8,55,100
2026-03-12 22:55:13,37.67,21.998,37.5514,37.7881,22.0798,21.9165,37.8,55,100
2026-03-12 22:55:13,37.69,22.031,37.5917,37.7881,22.0966,21.9654,37.8,55,100
2026-03-12 22:55:13,37.67,21.955,37.5917,37.7478,22.0356,21.8753,37.8,55,100
2026-03-12 22:55:13,37.73,21.999,37.6722,37.7881,22.1057,21.8921,37.8,55,100
2026-03-12 22:55:14,37.7,21.984,37.632,37.7679,22.0768,21.8906,37.8,55,100
2026-03-12 22:55:14,37.64,21.995,37.491,37.7881,22.0615,21.9287,37.8,55,100
2026-03-12 22:55:14,37.7,21.984,37.5917,37.8082,22.0844,21.883,37.8,55,100
2026-03-12 22:55:14,37.7,22.02,37.632,37.7679,22.1256,21.915,37.8,55,100
2026-03-12 22:55:15,37.65,21.99,37.5514,37.7478,22.0676,21.912,37.8,55,100
2026-03-12 22:55:15,37.69,21.989,37.6118,37.7679,22.0752,21.9028,37.8,55,100
2026-03-12 22:55:15,37.68,22.006,37.6118,37.7478,22.0874,21.9242,37.8,55,100
2026-03-12 22:55:15,37.72,21.997,37.6521,37.7881,22.0661,21.9287,37.8,55,100
2026-03-12 22:55:16,37.74,22.0,37.632,37.8485,22.0768,21.9226,37.8,55,100
2026-03-12 22:55:16,37.71,21.991,37.632,37.7881,22.0645,21.9165,37.8,55,100
2026-03-12 22:55:16,37.67,21.925,37.5917,37.7478,21.9379,21.912,37.8,55,100
2026-03-12 22:55:16,37.66,21.961,37.6118,37.7075,22.002,21.9196,37.8,55,100
2026-03-12 22:55:17,37.69,21.933,37.632,37.7478,21.9913,21.8753,37.8,55,100
2026-03-12 22:55:17,37.66,21.985,37.5715,37.7478,22.0462,21.9242,37.8,55,100
2026-03-12 22:55:17,37.71,22.003,37.5917,37.8283,22.0722,21.9333,37.8,55,100
2026-03-12 22:55:18,37.74,21.969,37.6521,37.8283,22.0294,21.9089,37.8,55,100
2026-03-12 22:55:18,37.629,21.982,37.5917,37.6672,22.0233,21.9409,37.8,55,100
2026-03-12 22:55:18,37.74,21.994,37.6722,37.8082,22.0325,21.9562,37.8,55,100
2026-03-12 22:55:18,37.73,21.938,37.6521,37.8082,21.9806,21.8952,37.8,55,100
2026-03-12 22:55:19,37.7,21.959,37.5917,37.8082,22.0233,21.8952,37.8,55,100
2026-03-12 22:55:19,37.7,21.941,37.6118,37.7881,21.9898,21.8921,37.8,55,100
2026-03-12 22:55:19,37.7,21.965,37.632,37.7679,22.0523,21.8784,37.8,55,100
2026-03-12 22:55:19,37.69,21.933,37.5917,37.7881,21.9745,21.8921,37.8,55,100
2026-03-12 22:55:20,37.71,21.936,37.6521,37.7679,21.9806,21.8906,37.8,55,100
2026-03-12 22:55:20,37.72,21.949,37.6722,37.7679,21.9837,21.915,37.8,55,100
2026-03-12 22:55:20,37.65,21.936,37.5715,37.7276,22.0096,21.8616,37.8,55,100
2026-03-12 22:55:20,37.73,21.956,37.6521,37.8082,21.9806,21.9318,37.8,55,100
2026-03-12 22:55:21,37.78,21.962,37.7125,37.8485,22.0005,21.9226,37.8,55,100
2026-03-12 22:55:21,37.75,21.971,37.6924,37.8082,21.9974,21.944,37.8,55,100
2026-03-12 22:55:21,37.74,21.945,37.6924,37.7881,21.9852,21.9043,37.8,55,100
2026-03-12 22:55:21,37.76,21.935,37.6722,37.8485,21.9837,21.886,37.8,55,100
2026-03-12 22:55:22,37.71,21.93,37.6521,37.7679,21.9562,21.9028,37.8,55,100
2026-03-12 22:55:22,37.76,21.923,37.7125,37.8082,21.9516,21.8952,37.8,55,100
2026-03-12 22:55:22,37.73,21.907,37.6722,37.7881,21.9226,21.8921,37.8,55,100
2026-03-12 22:55:23,37.77,21.936,37.7125,37.8283,21.9394,21.9333,37.8,55,100
2026-03-12 22:55:23,37.72,21.901,37.7125,37.7276,21.915,21.886,37.8,55,100
2026-03-12 22:55:23,37.77,21.912,37.7729,37.7679,21.9089,21.915,37.8,55,100
2026-03-12 22:55:23,37.791,21.901,37.7931,37.7881,21.9104,21.8921,37.8,55,100
2026-03-12 22:55:24,37.74,21.902,37.6924,37.7881,21.9364,21.8677,37.8,55,100
2026-03-12 22:55:24,37.801,21.915,37.7931,37.8082,21.9226,21.9074,37.8,55,96.93478304675774
2026-03-12 22:55:24,37.78,21.919,37.7327,37.8283,21.9287,21.9089,37.8,55,100
2026-03-12 22:55:24,37.841,21.883,37.8132,37.8686,21.8891,21.8769,37.8,55,85.64089032615148
2026-03-12 22:55:25,37.831,21.894,37.8132,37.8485,21.9013,21.886,37.8,55,90.78627956836466
2026-03-12 22:55:25,37.75,21.873,37.7327,37.7679,21.8921,21.854,37.8,55,100
2026-03-12 22:55:25,37.78,21.882,37.7729,37.7881,21.8723,21.8921,37.8,55,100
2026-03-12 22:55:25,37.791,21.89,37.7528,37.8283,21.8952,21.8845,37.8,55,100
2026-03-12 22:55:26,37.78,21.876,37.7729,37.7881,21.8967,21.8555,37.8,55,100
2026-03-12 22:55:26,37.831,21.857,37.8132,37.8485,21.8647,21.8494,37.8,55,88.9208439404657
2026-03-12 22:55:26,37.801,21.854,37.7931,37.8082,21.8494,21.8585,37.8,55,100
2026-03-12 22:55:26,37.841,21.84,37.8132,37.8686,21.8402,21.8402,37.8,55,85.88290738579957
2026-03-12 22:55:27,37.811,21.843,37.8132,37.8082,21.8158,21.8708,37.8,55,96.62702878958717
2026-03-12 22:55:27,37.891,21.839,37.9341,37.8485,21.8173,21.8616,37.8,55,68.77678592481674
2026-03-12 22:55:27,37.871,21.868,37.8535,37.8888,21.8448,21.8906,37.8,55,76.95071209270996
2026-03-12 22:55:28,37.861,21.879,37.8132,37.9089,21.8524,21.9059,37.8,55,77.7311966625512
2026-03-12 22:55:28,37.831,21.875,37.8334,37.8283,21.8784,21.8723,37.8,55,85.74841919078784
2026-03-12 22:55:28,37.851,21.847,37.8535,37.8485,21.857,21.8372,37.8,55,77.12828529902723
2026-03-12 22:55:28,37.921,21.874,37.9341,37.9089,21.854,21.8936,37.8,55,53.94172332565363
2026-03-12 22:55:29,37.871,21.843,37.8334,37.9089,21.8051,21.8814,37.8,55,70.82489431008655
2026-03-12 22:55:29,37.942,21.803,37.9341,37.9492,21.7685,21.8372,37.8,55,43.67098002760215
2026-03-12 22:55:29,37.861,21.812,37.8938,37.8283,21.7762,21.8479,37.8,55,70.30060635356429
2026-03-12 22:55:29,37.891,21.797,37.8938,37.8888,21.7517,21.8418,37.8,55,55.40115616424081
2026-03-12 22:55:30,37.881,21.808,37.8938,37.8686,21.7884,21.828,37.8,55,58.0044393338363
2026-03-12 22:55:30,37.851,21.817,37.8132,37.8888,21.767,21.8662,37.8,55,65.57841984161067
2026-03-12 22:55:30,37.901,21.817,37.8938,37.9089,21.7639,21.8692,37.8,55,46.67074118275893
2026-03-12 22:55:30,37.871,21.794,37.8938,37.8485,21.7639,21.825,37.8,55,56.533736956896796
2026-03-12 22:55:31,37.851,21.804,37.8535,37.8485,21.7472,21.8616,37.8,55,60.133688935481345
2026-03-12 22:55:31,37.942,21.796,37.9744,37.9089,21.735,21.857,37.8,55,28.236731064553588
2026-03-12 22:55:31,37.942,21.796,37.9542,37.929,21.7334,21.8585,37.8,55,29.21169754642446
2026-03-12 22:55:31,37.932,21.801,37.9945,37.8686,21.7502,21.8524,37.8,55,29.31686058438319
2026-03-12 22:55:32,37.881,21.759,37.9139,37.8485,21.7411,21.7762,37.8,55,42.63206530555377
2026-03-12 22:55:32,37.972,21.788,37.9945,37.9492,21.7258,21.8494,37.8,55,8.650823083243086
2026-03-12 22:55:32,37.911,21.744,37.9542,37.8686,21.6846,21.8036,37.8,55,28.96137587595001
2026-03-12 22:55:33,37.911,21.769,37.8938,37.929,21.7029,21.8341,37.8,55,23.69584338031799
2026-03-12 22:55:33,37.901,21.749,37.9542,37.8485,21.6602,21.8372,37.8,55,24.492016912408474
2026-03-12 22:55:33,37.881,21.759,37.9744,37.7881,21.6617,21.8555,37.8,55,28.335624526115637
2026-03-12 22:55:33,37.952,21.736,38.0348,37.8686,21.6571,21.8158,37.8,55,2.3261912235018447
2026-03-12 22:55:34,37.952,21.693,38.0146,37.8888,21.6297,21.7563,37.8,55,2.165270643787963
2026-03-12 22:55:34,38.012,21.688,38.0146,38.0096,21.6052,21.77,37.8,55,0
2026-03-12 22:55:34,37.972,21.707,38.0146,37.929,21.6052,21.8097,37.8,55,0
2026-03-12 22:55:34,37.952,21.682,37.9945,37.9089,21.6037,21.7594,37.8,55,0
2026-03-12 22:55:35,37.962,21.707,37.9945,37.929,21.6037,21.8097,37.8,55,0
2026-03-12 22:55:35,37.952,21.675,37.9945,37.9089,21.6159,21.735,37.8,55,0
2026-03-12 22:55:35,37.982,21.685,38.0348,37.929,21.5717,21.7975,37.8,55,0
2026-03-12 22:55:35,38.002,21.662,38.0751,37.929,21.5885,21.7365,37.8,55,0
2026-03-12 22:55:36,37.982,21.666,38.0751,37.8888,21.6007,21.7319,37.8,55,0
2026-03-12 22:55:36,37.972,21.622,38.0549,37.8888,21.5122,21.7319,37.8,55,0
2026-03-12 22:55:36,38.012,21.608,38.0952,37.929,21.529,21.6876,37.8,55,0
2026-03-12 22:55:36,38.042,21.624,38.0751,38.0096,21.503,21.7456,37.8,55,0
2026-03-12 22:55:37,38.002,21.614,38.0348,37.9693,21.4984,21.7288,37.8,55,0
2026-03-12 22:55:37,37.992,21.643,38.0146,37.9693,21.5076,21.7777,37.8,55,0
2026-03-12 22:55:37,37.952,21.644,38.0549,37.8485,21.5244,21.7639,37.8,55,0
2026-03-12 22:55:38,37.982,21.611,38.0348,37.929,21.4984,21.7243,37.8,55,0
2026-03-12 22:55:38,38.052,21.613,38.0751,38.0298,21.503,21.7227,37.8,55,0
2026-03-12 22:55:38,38.052,21.656,38.0952,38.0096,21.4923,21.8189,37.8,55,0
2026-03-12 22:55:38,38.002,21.626,38.0549,37.9492,21.5244,21.7273,37.8,55,0
2026-03-12 22:55:39,38.032,21.617,38.0952,37.9693,21.4923,21.7411,37.8,55,0
2026-03-12 22:55:39,38.062,21.589,38.1154,38.0096,21.4694,21.709,37.8,55,0
2026-03-12 22:55:39,38.083,21.592,38.1355,38.0298,21.4969,21.6861,37.8,55,0
2026-03-12 22:55:39,38.022,21.616,38.0952,37.9492,21.4679,21.7639,37.8,55,0
2026-03-12 22:55:40,38.073,21.572,38.1758,37.9693,21.4649,21.68,37.8,55,0
2026-03-12 22:55:40,38.073,21.566,38.1556,37.9895,21.4496,21.6831,37.8,55,0
2026-03-12 22:55:40,38.073,21.572,38.1154,38.0298,21.4817,21.6617,37.8,55,0
2026-03-12 22:55:40,38.073,21.548,38.0952,38.0499,21.4313,21.6648,37.8,55,0
2026-03-12 22:55:41,38.062,21.553,38.1355,37.9895,21.3993,21.7075,37.8,55,0
2026-03-12 22:55:41,38.083,21.567,38.1556,38.0096,21.4374,21.6968,37.8,55,0
2026-03-12 22:55:41,38.052,21.546,38.0952,38.0096,21.4191,21.6724,37.8,55,0
2026-03-12 22:55:41,38.113,21.583,38.2161,38.0096,21.4328,21.7334,37.8,55,0
2026-03-12 22:55:42,38.083,21.549,38.1959,37.9693,21.4176,21.68,37.8,55,0
2026-03-12 22:55:42,38.083,21.579,38.1959,37.9693,21.4176,21.7411,37.8,55,0
2026-03-12 22:55:42,38.042,21.526,38.1556,37.929,21.4008,21.651,37.8,55,0
2026-03-12 22:55:43,38.123,21.559,38.1758,38.07,21.4405,21.6785,37.8,55,0
2026-03-12 22:55:43,38.103,21.551,38.1758,38.0298,21.4282,21.6739,37.8,55,0
2026-03-12 22:55:43,38.052,21.534,38.1556,37.9492,21.413,21.6541,37.8,55,0
2026-03-12 22:55:43,38.093,21.605,38.1758,38.0096,21.4649,21.7456,37.8,55,0
2026-03-12 22:55:44,38.073,21.603,38.1355,38.0096,21.4725,21.7334,37.8,55,0
2026-03-12 22:55:44,38.073,21.584,38.1154,38.0298,21.4694,21.6983,37.8,55,0
2026-03-12 22:55:44,38.143,21.574,38.2161,38.07,21.4694,21.6785,37.8,55,0
2026-03-12 22:55:44,38.113,21.553,38.1758,38.0499,21.4282,21.677,37.8,55,0
2026-03-12 22:55:45,38.083,21.518,38.0952,38.07,21.4069,21.6297,37.8,55,0
2026-03-12 22:55:45,38.083,21.525,38.1758,37.9895,21.416,21.6342,37.8,55,0
2026-03-12 22:55:45,38.062,21.492,38.1355,37.9895,21.3748,21.6098,37.8,55,0
2026-03-12 22:55:45,38.062,21.492,38.1355,37.9895,21.3504,21.6342,37.8,55,0
2026-03-12 22:55:46,38.133,21.493,38.1556,38.1103,21.3642,21.622,37.8,55,0
2026-03-12 22:55:46,38.113,21.498,38.1758,38.0499,21.3794,21.6159,37.8,55,0
2026-03-12 22:55:46,38.123,21.505,38.2161,38.0298,21.3718,21.6373,37.8,55,0
2026-03-12 22:55:46,38.123,21.498,38.1758,38.07,21.3672,21.6297,37.8,55,0
2026-03-12 22:55:47,38.073,21.499,38.1556,37.9895,21.3153,21.6831,37.8,55,0
2026-03-12 22:55:47,38.143,21.519,38.2362,38.0499,21.3733,21.6648,37.8,55,0
2026-03-12 22:55:47,38.123,21.456,38.1556,38.0902,21.3153,21.5961,37.8,55,0
2026-03-12 22:55:48,38.153,21.447,38.1758,38.1305,21.3062,21.5885,37.8,55,0
2026-03-12 22:55:48,38.113,21.467,38.1355,38.0902,21.3382,21.5961,37.8,55,0
2026-03-12 22:55:48,38.143,21.47,38.2362,38.0499,21.3611,21.5793,37.8,55,0
2026-03-12 22:55:48,38.123,21.444,38.1959,38.0499,21.3199,21.5671,37.8,55,0
2026-03-12 22:55:49,38.163,21.46,38.1959,38.1305,21.3443,21.5763,37.8,55,0
2026-03-12 22:55:49,38.113,21.472,38.1959,38.0298,21.3443,21.6007,37.8,55,0
2026-03-12 22:55:49,38.093,21.477,38.1758,38.0096,21.3672,21.5869,37.8,55,0
2026-03-12 22:55:49,38.153,21.478,38.2161,38.0902,21.3596,21.5961,37.8,55,0
2026-03-12 22:55:50,38.113,21.448,38.1959,38.0298,21.3321,21.564,37.8,55,0
2026-03-12 22:55:50,38.093,21.446,38.1556,38.0298,21.3153,21.5763,37.8,55,0
2026-03-12 22:55:50,38.143,21.476,38.2564,38.0298,21.3642,21.5885,37.8,55,0
2026-03-12 22:55:50,38.103,21.472,38.2161,37.9895,21.3352,21.6098,37.8,55,0
2026-03-12 22:55:51,38.123,21.492,38.1959,38.0499,21.3565,21.6281,37.8,55,0
2026-03-12 22:55:51,38.143,21.47,38.2161,38.07,21.3596,21.5808,37.8,55,0
2026-03-12 22:55:51,38.143,21.464,38.2161,38.07,21.3474,21.5808,37.8,55,0
2026-03-12 22:55:51,38.113,21.497,38.1556,38.07,21.3397,21.6541,37.8,55,0
2026-03-12 22:55:52,38.163,21.479,38.2362,38.0902,21.3489,21.6083,37.8,55,0
2026-03-12 22:55:52,38.153,21.465,38.1959,38.1103,21.3199,21.6098,37.8,55,0
2026-03-12 22:55:52,38.153,21.459,38.1959,38.1103,21.3443,21.5732,37.8,55,0
2026-03-12 22:55:53,38.113,21.4,38.1355,38.0902,21.2406,21.5595,37.8,55,0
2026-03-12 22:55:53,38.153,21.429,38.2161,38.0902,21.3107,21.5473,37.8,55,0
2026-03-12 22:55:53,38.113,21.454,38.1959,38.0298,21.3077,21.6007,37.8,55,0
2026-03-12 22:55:53,38.133,21.445,38.2161,38.0499,21.3107,21.5793,37.8,55,0
2026-03-12 22:55:54,38.143,21.446,38.1959,38.0902,21.3199,21.5717,37.8,55,0
2026-03-12 22:55:54,38.133,21.426,38.2362,38.0298,21.3245,21.5274,37.8,55,0
2026-03-12 22:55:54,38.133,21.469,38.1959,38.07,21.3321,21.6052,37.8,55,0
2026-03-12 22:55:54,38.123,21.45,38.1758,38.07,21.3184,21.5808,37.8,55,0
2026-03-12 22:55:55,38.163,21.454,38.2362,38.0902,21.3489,21.5595,37.8,55,0
2026-03-12 22:55:55,38.193,21.446,38.2564,38.1305,21.3519,21.5396,37.8,55,0
2026-03-12 22:55:55,38.113,21.436,38.1556,38.07,21.3519,21.5198,37.8,55,0
2026-03-12 22:55:55,38.143,21.452,38.1959,38.0902,21.3443,21.5595,37.8,55,0
2026-03-12 22:55:56,38.173,21.443,38.2362,38.1103,21.3611,21.5244,37.8,55,0
2026-03-12 22:55:56,38.123,21.45,38.1758,38.07,21.3306,21.5686,37.8,55,0
2026-03-12 22:55:56,38.073,21.444,38.1355,38.0096,21.3504,21.5381,37.8,55,0
2026-03-12 22:55:56,38.133,21.445,38.2161,38.0499,21.3474,21.5427,37.8,55,0
2026-03-12 22:55:57,38.153,21.489,38.1959,38.1103,21.3809,21.5976,37.8,55,0
2026-03-12 22:55:57,38.123,21.456,38.2161,38.0298,21.3718,21.5396,37.8,55,0
2026-03-12 22:55:57,38.173,21.468,38.2564,38.0902,21.4008,21.5351,37.8,55,0
2026-03-12 22:55:58,38.113,21.442,38.1959,38.0298,21.3687,21.5152,37.8,55,0
2026-03-12 22:55:58,38.163,21.43,38.2161,38.1103,21.3474,21.5122,37.8,55,0
2026-03-12 22:55:58,38.123,21.444,38.1758,38.07,21.355,21.532,37.8,55,0
2026-03-12 22:55:58,38.143,21.464,38.1758,38.1103,21.3672,21.561,37.8,55,0
2026-03-12 22:55:59,38.153,21.521,38.2564,38.0499,21.4008,21.6403,37.8,55,0
2026-03-12 22:55:59,38.113,21.466,38.1154,38.1103,21.3474,21.5854,37.8,55,0
2026-03-12 22:55:59,38.123,21.474,38.1758,38.07,21.3916,21.5564,37.8,55,0
2026-03-12 22:55:59,38.103,21.466,38.1556,38.0499,21.3886,21.5427,37.8,55,0
2026-03-12 22:56:00,38.123,21.444,38.1556,38.0902,21.3519,21.5351,37.8,55,0
2026-03-12 22:56:00,38.133,21.451,38.1758,38.0902,21.3794,21.5229,37.8,55,0
2026-03-12 22:56:00,38.163,21.485,38.2161,38.1103,21.3718,21.5976,37.8,55,0
2026-03-12 22:56:00,38.123,21.462,38.1556,38.0902,21.4008,21.5229,37.8,55,0
2026-03-12 22:56:01,38.143,21.464,38.1556,38.1305,21.3886,21.5396,37.8,55,0
2026-03-12 22:56:01,38.083,21.494,38.1355,38.0298,21.3993,21.5885,37.8,55,0
2026-03-12 22:56:01,38.123,21.474,38.1556,38.0902,21.3642,21.5839,37.8,55,0
2026-03-12 22:56:01,38.133,21.499,38.1959,38.07,21.3931,21.6052,37.8,55,0
2026-03-12 22:56:02,38.163,21.454,38.1758,38.1506,21.3794,21.529,37.8,55,0
2026-03-12 22:56:02,38.123,21.486,38.1556,38.0902,21.4374,21.5351,37.8,55,0
2026-03-12 22:56:02,38.113,21.454,38.1556,38.07,21.3886,21.5198,37.8,55,0
2026-03-12 22:56:03,38.103,21.441,38.1556,38.0499,21.3519,21.5305,37.8,55,0
2026-03-12 22:56:03,38.123,21.468,38.1556,38.0902,21.3886,21.5473,37.8,55,0
2026-03-12 22:56:03,38.113,21.449,38.1355,38.0902,21.387,21.5106,37.8,55,0
2026-03-12 22:56:03,38.123,21.437,38.1556,38.0902,21.3764,21.4984,37.8,55,0
2026-03-12 22:56:04,38.103,21.46,38.0952,38.1103,21.3581,21.561,37.8,55,0
2026-03-12 22:56:04,38.103,21.441,38.1959,38.0096,21.3687,21.5137,37.8,55,0
2026-03-12 22:56:04,38.103,21.514,38.1758,38.0298,21.416,21.6129,37.8,55,0
2026-03-12 22:56:04,38.073,21.486,38.1154,38.0298,21.4206,21.5518,37.8,55,0
2026-03-12 22:56:05,38.123,21.48,38.1959,38.0499,21.3809,21.5793,37.8,55,0
2026-03-12 22:56:05,38.113,21.492,38.0952,38.1305,21.3825,21.6007,37.8,55,0
2026-03-12 22:56:05,38.143,21.537,38.1355,38.1506,21.4237,21.651,37.8,55,0
2026-03-12 22:56:05,38.123,21.462,38.1154,38.1305,21.384,21.5396,37.8,55,0
2026-03-12 22:56:06,38.103,21.424,38.0751,38.1305,21.3199,21.5274,37.8,55,0
2026-03-12 22:56:06,38.113,21.394,38.1355,38.0902,21.2772,21.5106,37.8,55,0
2026-03-12 22:56:06,38.123,21.419,38.1556,38.0902,21.3275,21.5106,37.8,55,0
2026-03-12 22:56:06,38.113,21.418,38.1556,38.07,21.3397,21.4954,37.8,55,0
2026-03-12 22:56:07,38.133,21.439,38.1355,38.1305,21.3748,21.503,37.8,55,0
2026-03-12 22:56:07,38.103,21.46,38.1355,38.07,21.3993,21.5198,37.8,55,0
2026-03-12 22:56:07,38.123,21.468,38.1355,38.1103,21.4115,21.5244,37.8,55,0
2026-03-12 22:56:08,38.123,21.462,38.1355,38.1103,21.3626,21.561,37.8,55,0
2026-03-12 22:56:08,38.113,21.455,38.1758,38.0499,21.355,21.5549,37.8,55,0
2026-03-12 22:56:08,38.042,21.453,38.0549,38.0298,21.3901,21.5152,37.8,55,0
2026-03-12 22:56:08,38.083,21.446,38.1758,37.9895,21.4038,21.4878,37.8,55,0
2026-03-12 22:56:09,38.083,21.463,38.1154,38.0499,21.3962,21.5305,37.8,55,0
2026-03-12 22:56:09,38.083,21.507,38.0751,38.0902,21.4298,21.5839,37.8,55,0
2026-03-12 22:56:09,38.083,21.507,38.0751,38.0902,21.4664,21.5473,37.8,55,0
2026-03-12 22:56:09,38.052,21.497,38.0549,38.0499,21.4023,21.5915,37.8,55,0
2026-03-12 22:56:10,38.073,21.511,38.0952,38.0499,21.4191,21.6037,37.8,55,0
2026-03-12 22:56:10,38.042,21.478,38.0952,37.9895,21.4069,21.5488,37.8,55,0
2026-03-12 22:56:10,38.103,21.508,38.1355,38.07,21.4115,21.6052,37.8,55,0
2026-03-12 22:56:10,38.073,21.524,38.0952,38.0499,21.4435,21.6037,37.8,55,0
2026-03-12 22:56:11,38.133,21.463,38.0952,38.1707,21.3947,21.5305,37.8,55,0
2026-03-12 22:56:11,38.073,21.493,38.0549,38.0902,21.4511,21.5351,37.8,55,0
2026-03-12 22:56:11,38.042,21.484,37.9945,38.0902,21.4328,21.5351,37.8,55,0
2026-03-12 22:56:11,38.073,21.511,38.0952,38.0499,21.4679,21.5549,37.8,55,0
2026-03-12 22:56:12,38.113,21.503,38.1556,38.07,21.4618,21.5442,37.8,55,0
2026-03-12 22:56:12,38.093,21.501,38.1154,38.07,21.445,21.5564,37.8,55,0
2026-03-12 22:56:12,38.062,21.516,38.0549,38.07,21.4511,21.5808,37.8,55,0
2026-03-12 22:56:13,38.052,21.497,38.0549,38.0499,21.4511,21.5427,37.8,55,0
2026-03-12 22:56:13,38.062,21.498,38.0549,38.07,21.4389,21.5564,37.8,55,0
2026-03-12 22:56:13,38.062,21.51,38.0952,38.0298,21.4557,21.564,37.8,55,0
2026-03-12 22:56:13,38.052,21.503,38.0348,38.07,21.4618,21.5442,37.8,55,0
2026-03-12 22:56:14,38.042,21.521,37.9945,38.0902,21.4817,21.5595,37.8,55,0
2026-03-12 22:56:14,38.062,21.523,38.0751,38.0499,21.4542,21.5915,37.8,55,0
2026-03-12 22:56:14,38.052,21.534,38.0549,38.0499,21.4755,21.5915,37.8,55,0
2026-03-12 22:56:14,38.062,21.529,38.0751,38.0499,21.4908,21.5671,37.8,55,0
2026-03-12 22:56:15,38.073,21.524,38.0348,38.1103,21.474,21.5732,37.8,55,0
2026-03-12 22:56:15,38.062,21.51,38.0952,38.0298,21.4801,21.5396,37.8,55,0
2026-03-12 22:56:15,38.052,21.503,38.0751,38.0298,21.4664,21.5396,37.8,55,0
2026-03-12 22:56:15,37.992,21.514,37.9744,38.0096,21.4786,21.5503,37.8,55,0
2026-03-12 22:56:16,38.032,21.525,38.0348,38.0298,21.474,21.5763,37.8,55,0
2026-03-12 22:56:16,38.052,21.491,38.0146,38.0902,21.4466,21.5351,37.8,55,0
2026-03-12 22:56:16,38.032,21.513,37.9945,38.07,21.4694,21.5564,37.8,55,0
2026-03-12 22:56:16,38.093,21.563,38.0751,38.1103,21.5152,21.6098,37.8,55,0
2026-03-12 22:56:17,37.992,21.521,37.9945,37.9895,21.4694,21.5732,37.8,55,0
2026-03-12 22:56:17,38.052,21.527,38.0146,38.0902,21.471,21.5839,37.8,55,0
2026-03-12 22:56:17,38.062,21.517,38.0348,38.0902,21.474,21.5595,37.8,55,0
2026-03-12 22:56:18,38.062,21.559,38.0549,38.07,21.5244,21.593,37.8,55,0
2026-03-12 22:56:18,38.002,21.565,38.0146,37.9895,21.4954,21.6342,37.8,55,0
2026-03-12 22:56:18,38.052,21.57,38.0348,38.07,21.5473,21.593,37.8,55,0
2026-03-12 22:56:18,38.073,21.524,38.0751,38.07,21.503,21.5442,37.8,55,0
2026-03-12 22:56:19,38.012,21.572,37.9945,38.0298,21.5549,21.5885,37.8,55,0
2026-03-12 22:56:19,38.073,21.579,38.0751,38.07,21.5763,21.5808,37.8,55,0
2026-03-12 22:56:19,38.032,21.568,38.0146,38.0499,21.532,21.6037,37.8,55,0
2026-03-12 22:56:19,37.992,21.545,37.9744,38.0096,21.5274,21.5625,37.8,55,0
2026-03-12 22:56:20,38.052,21.57,38.0146,38.0902,21.532,21.6083,37.8,55,0
2026-03-12 22:56:20,38.012,21.541,38.0146,38.0096,21.5198,21.5625,37.8,55,0
2026-03-12 22:56:20,38.042,21.544,37.9744,38.1103,21.4786,21.6098,37.8,55,0
2026-03-12 22:56:20,38.032,21.537,37.9945,38.07,21.5061,21.5686,37.8,55,0
2026-03-12 22:56:21,38.022,21.537,37.9945,38.0499,21.4939,21.5793,37.8,55,0
2026-03-12 22:56:21,38.042,21.55,38.0146,38.07,21.5198,21.5808,37.8,55,0
2026-03-12 22:56:21,38.062,21.565,38.0146,38.1103,21.5564,21.5732,37.8,55,0
2026-03-12 22:56:21,38.012,21.523,37.9744,38.0499,21.503,21.5427,37.8,55,0
2026-03-12 22:56:22,38.022,21.567,37.9945,38.0499,21.5793,21.5549,37.8,55,0
2026-03-12 22:56:22,38.022,21.572,37.9744,38.07,21.564,21.5808,37.8,55,0
2026-03-12 22:56:22,37.982,21.556,37.9341,38.0298,21.561,21.5518,37.8,55,0
2026-03-12 22:56:23,38.022,21.524,37.9945,38.0499,21.4939,21.5549,37.8,55,0
2026-03-12 22:56:23,38.002,21.571,37.9945,38.0096,21.5671,21.5747,37.8,55,0
2026-03-12 22:56:23,37.982,21.563,37.9744,37.9895,21.5518,21.5732,37.8,55,0
2026-03-12 22:56:23,37.972,21.555,37.9744,37.9693,21.564,21.5457,37.8,55,0
2026-03-12 22:56:24,38.002,21.565,37.9542,38.0499,21.5747,21.5549,37.8,55,0
2026-03-12 22:56:24,37.992,21.588,37.9542,38.0298,21.5869,21.5885,37.8,55,0
2026-03-12 22:56:24,38.032,21.604,37.9744,38.0902,21.5885,21.6205,37.8,55,0
2026-03-12 22:56:24,37.992,21.6,37.9744,38.0096,21.5885,21.6114,37.8,55,0
2026-03-12 22:56:25,37.992,21.612,37.9542,38.0298,21.5991,21.6251,37.8,55,0
2026-03-12 22:56:25,38.012,21.578,38.0146,38.0096,21.5686,21.5869,37.8,55,0
2026-03-12 22:56:25,37.992,21.606,37.9139,38.07,21.5946,21.6175,37.8,55,0
2026-03-12 22:56:25,38.032,21.592,37.9945,38.07,21.5915,21.593,37.8,55,0
2026-03-12 22:56:26,37.962,21.609,37.8737,38.0499,21.59,21.6281,37.8,55,0
2026-03-12 22:56:26,37.932,21.588,37.8938,37.9693,21.6052,21.5702,37.8,55,0
2026-03-12 22:56:26,37.982,21.611,37.9542,38.0096,21.6114,21.6114,37.8,55,0
2026-03-12 22:56:26,37.962,21.592,37.9341,37.9895,21.6098,21.5732,37.8,55,0
2026-03-12 22:56:27,37.992,21.594,37.9542,38.0298,21.6114,21.5763,37.8,55,0
2026-03-12 22:56:27,37.982,21.599,37.9341,38.0298,21.6342,21.564,37.8,55,0
2026-03-12 22:56:27,37.972,21.585,37.9139,38.0298,21.6068,21.564,37.8,55,0
2026-03-12 22:56:28,38.002,21.608,37.9542,38.0499,21.6114,21.6037,37.8,55,0
2026-03-12 22:56:28,37.962,21.609,37.9542,37.9693,21.6236,21.5946,37.8,55,0
2026-03-12 22:56:28,37.992,21.619,37.9341,38.0499,21.6587,21.5793,37.8,55,0
2026-03-12 22:56:28,37.952,21.602,37.9341,37.9693,21.5976,21.6068,37.8,55,0
2026-03-12 22:56:29,37.992,21.631,37.9945,37.9895,21.6281,21.6342,37.8,55,0
2026-03-12 22:56:29,37.972,21.611,37.9542,37.9895,21.6114,21.6098,37.8,55,0
2026-03-12 22:56:29,37.942,21.662,37.9139,37.9693,21.6434,21.68,37.8,55,0
2026-03-12 22:56:29,37.911,21.634,37.8938,37.929,21.6419,21.6266,37.8,55,0
2026-03-12 22:56:30,37.982,21.636,37.9139,38.0499,21.6556,21.6159,37.8,55,0
2026-03-12 22:56:30,37.952,21.639,37.9542,37.9492,21.6602,21.6175,37.8,55,0
2026-03-12 22:56:30,37.962,21.646,37.9341,37.9895,21.6831,21.6098,37.8,55,0
2026-03-12 22:56:30,37.911,21.671,37.8938,37.929,21.6907,21.651,37.8,55,0
2026-03-12 22:56:31,37.942,21.643,37.8737,38.0096,21.6999,21.5869,37.8,55,0
2026-03-12 22:56:31,37.901,21.645,37.8737,37.929,21.6632,21.6266,37.8,55,0
2026-03-12 22:56:31,37.942,21.631,37.9139,37.9693,21.6678,21.5946,37.8,55,0
2026-03-12 22:56:31,37.982,21.648,37.9139,38.0499,21.6678,21.6281,37.8,55,0
2026-03-12 22:56:32,37.962,21.646,37.9341,37.9895,21.6831,21.6098,37.8,55,0
2026-03-12 22:56:32,37.932,21.698,37.9139,37.9492,21.7044,21.6907,37.8,55,0
2026-03-12 22:56:32,37.972,21.708,37.9341,38.0096,21.6831,21.7334,37.8,55,0
2026-03-12 22:56:33,37.911,21.677,37.8334,37.9895,21.7075,21.6464,37.8,55,0
2026-03-12 22:56:33,37.962,21.688,37.9139,38.0096,21.7044,21.6724,37.8,55,0
2026-03-12 22:56:33,37.952,21.656,37.9744,37.929,21.6983,21.6144,37.8,55,0
2026-03-12 22:56:33,37.921,21.697,37.8938,37.9492,21.7029,21.6907,37.8,55,0
2026-03-12 22:56:34,37.911,21.665,37.8737,37.9492,21.6999,21.6297,37.8,55,0
2026-03-12 22:56:34,37.921,21.678,37.8737,37.9693,21.7121,21.6434,37.8,55,0
2026-03-12 22:56:34,37.901,21.664,37.8535,37.9492,21.6739,21.6541,37.8,55,0
2026-03-12 22:56:34,37.952,21.706,37.8938,38.0096,21.7151,21.6968,37.8,55,0
2026-03-12 22:56:35,37.901,21.663,37.8334,37.9693,21.6709,21.6556,37.8,55,0
2026-03-12 22:56:35,37.932,21.691,37.8535,38.0096,21.6495,21.7334,37.8,55,0
2026-03-12 22:56:35,37.932,21.667,37.8737,37.9895,21.6999,21.6342,37.8,55,0
2026-03-12 22:56:35,37.972,21.677,37.9139,38.0298,21.7044,21.6495,37.8,55,0
2026-03-12 22:56:36,37.901,21.688,37.7931,38.0096,21.6907,21.6846,37.8,55,0
2026-03-12 22:56:36,37.861,21.671,37.7931,37.929,21.7029,21.6388,37.8,55,0
2026-03-12 22:56:36,37.861,21.684,37.7729,37.9492,21.6892,21.6785,37.8,55,0
2026-03-12 22:56:36,37.962,21.665,37.9341,37.9895,21.7075,21.622,37.8,55,0
2026-03-12 22:56:37,37.881,21.68,37.8132,37.9492,21.6938,21.6663,37.8,55,0
2026-03-12 22:56:37,37.901,21.682,37.8535,37.9492,21.7105,21.6541,37.8,55,0
2026-03-12 22:56:37,37.851,21.695,37.7729,37.929,21.738,21.651,37.8,55,0
2026-03-12 22:56:38,37.861,21.696,37.8132,37.9089,21.7182,21.6739,37.8,55,0
2026-03-12 22:56:38,37.831,21.675,37.7528,37.9089,21.7243,21.6251,37.8,55,0
2026-03-12 22:56:38,37.901,21.701,37.8132,37.9895,21.7426,21.6587,37.8,55,0
2026-03-12 22:56:38,37.881,21.698,37.8535,37.9089,21.7227,21.6739,37.8,55,0
2026-03-12 22:56:39,37.871,21.672,37.8132,37.929,21.706,21.6388,37.8,55,0
2026-03-12 22:56:39,37.851,21.725,37.8535,37.8485,21.7716,21.6785,37.8,55,0
2026-03-12 22:56:39,37.911,21.732,37.8334,37.9895,21.7563,21.7075,37.8,55,0
2026-03-12 22:56:39,37.891,21.73,37.7729,38.0096,21.7746,21.6846,37.8,55,0
2026-03-12 22:56:40,37.881,21.729,37.8535,37.9089,21.7838,21.6739,37.8,55,0
2026-03-12 22:56:40,37.871,21.746,37.8132,37.929,21.7548,21.7365,37.8,55,0
2026-03-12 22:56:40,37.871,21.715,37.8132,37.929,21.7548,21.6754,37.8,55,0
2026-03-12 22:56:40,37.871,21.715,37.8132,37.929,21.767,21.6632,37.8,55,0
2026-03-12 22:56:41,37.851,21.737,37.7729,37.929,21.7746,21.6999,37.8,55,0
2026-03-12 22:56:41,37.841,21.736,37.7931,37.8888,21.7884,21.6831,37.8,55,0
2026-03-12 22:56:41,37.871,21.746,37.8334,37.9089,21.8051,21.6861,37.8,55,0
2026-03-12 22:56:41,37.861,21.727,37.7729,37.9492,21.7502,21.7029,37.8,55,0
2026-03-12 22:56:42,37.801,21.738,37.7528,37.8485,21.7853,21.6907,37.8,55,2.474851040948412
2026-03-12 22:56:42,37.851,21.749,37.7931,37.9089,21.8006,21.6983,37.8,55,0
2026-03-12 22:56:42,37.851,21.738,37.7528,37.9492,21.7853,21.6907,37.8,55,0
2026-03-12 22:56:43,37.881,21.722,37.7931,37.9693,21.8006,21.6434,37.8,55,0
2026-03-12 22:56:43,37.841,21.736,37.7729,37.9089,21.799,21.6739,37.8,55,0
2026-03-12 22:56:43,37.891,21.717,37.8132,37.9693,21.7914,21.6434,37.8,55,0
2026-03-12 22:56:43,37.871,21.746,37.8334,37.9089,21.8296,21.6617,37.8,55,0
2026-03-12 22:56:44,37.871,21.746,37.7931,37.9492,21.8128,21.6785,37.8,55,0
2026-03-12 22:56:44,37.811,21.733,37.7729,37.8485,21.799,21.6663,37.8,55,0
2026-03-12 22:56:44,37.841,21.736,37.7931,37.8888,21.8128,21.6587,37.8,55,0
2026-03-12 22:56:44,37.831,21.717,37.8132,37.8485,21.8036,21.6297,37.8,55,0
2026-03-12 22:56:45,37.801,21.726,37.7327,37.8686,21.8067,21.6449,37.8,55,1.1082862460283769
2026-03-12 22:56:45,37.841,21.743,37.8132,37.8686,21.8158,21.6693,37.8,55,0
2026-03-12 22:56:45,37.811,21.763,37.6924,37.929,21.8143,21.7121,37.8,55,0
2026-03-12 22:56:45,37.821,21.789,37.8132,37.8283,21.828,21.7502,37.8,55,0
2026-03-12 22:56:46,37.801,21.762,37.6924,37.9089,21.8509,21.6739,37.8,55,0.6521478170174702
2026-03-12 22:56:46,37.831,21.778,37.7327,37.929,21.8311,21.7243,37.8,55,0
2026-03-12 22:56:46,37.831,21.742,37.7528,37.9089,21.7975,21.6861,37.8,55,0
2026-03-12 22:56:46,37.811,21.758,37.7528,37.8686,21.7975,21.7182,37.8,55,0
2026-03-12 22:56:47,37.821,21.777,37.7125,37.929,21.8173,21.7365,37.8,55,0
2026-03-12 22:56:47,37.861,21.793,37.8334,37.8888,21.8784,21.7075,37.8,55,0
2026-03-12 22:56:47,37.76,21.788,37.6924,37.8283,21.8509,21.7258,37.8,55,15.899144430471953
2026-03-12 22:56:48,37.78,21.791,37.6722,37.8888,21.8494,21.7319,37.8,55,5.629204120436135
2026-03-12 22:56:48,37.77,21.79,37.632,37.9089,21.8448,21.735,37.8,55,10.26919603623461
2026-03-12 22:56:48,37.811,21.752,37.7528,37.8686,21.8097,21.6938,37.8,55,0
2026-03-12 22:56:48,37.801,21.793,37.7125,37.8888,21.854,21.7319,37.8,55,1.9416332536144276
2026-03-12 22:56:49,37.791,21.816,37.6924,37.8888,21.8387,21.7929,37.8,55,4.741223760324675
2026-03-12 22:56:49,37.801,21.762,37.7125,37.8888,21.8051,21.7197,37.8,55,1.2089755936157829
2026-03-12 22:56:49,37.831,21.784,37.7327,37.929,21.8433,21.7243,37.8,55,0
2026-03-12 22:56:49,37.72,21.759,37.6521,37.7881,21.8219,21.6968,37.8,55,28.886617606165306
2026-03-12 22:56:50,37.791,21.785,37.7327,37.8485,21.8677,21.7029,37.8,55,2.321552006864576
2026-03-12 22:56:50,37.76,21.783,37.7125,37.8082,21.8296,21.7365,37.8,55,15.929621994129723
2026-03-12 22:56:50,37.76,21.783,37.7125,37.8082,21.8418,21.7243,37.8,55,15.409877089695236
2026-03-12 22:56:50,37.791,21.78,37.7125,37.8686,21.854,21.706,37.8,55,6.136250039131246
2026-03-12 22:56:51,37.74,21.817,37.632,37.8485,21.8814,21.7517,37.8,55,24.479438189449212
2026-03-12 22:56:51,37.75,21.806,37.6722,37.8283,21.8738,21.738,37.8,55,20.21335162291916
2026-03-12 22:56:51,37.801,21.811,37.7125,37.8888,21.8662,21.7563,37.8,55,5.060307449628462
2026-03-12 22:56:51,37.76,21.813,37.6521,37.8686,21.8708,21.7548,37.8,55,20.812530374764318
2026-03-12 22:56:52,37.72,21.814,37.5917,37.8485,21.8524,21.7762,37.8,55,32.954805890094185
2026-03-12 22:56:52,37.77,21.844,37.6521,37.8888,21.883,21.8051,37.8,55,16.520633223475343
2026-03-12 22:56:52,37.73,21.822,37.6521,37.8082,21.8952,21.7487,37.8,55,32.59115151094934
2026-03-12 22:56:53,37.77,21.845,37.7125,37.8283,21.915,21.7746,37.8,55,19.228624514466148
2026-03-12 22:56:53,37.71,21.832,37.632,37.7881,21.9181,21.7456,37.8,55,41.39067354975567
2026-03-12 22:56:53,37.77,21.863,37.6722,37.8686,21.9471,21.7792,37.8,55,20.989448056897537
2026-03-12 22:56:53,37.791,21.846,37.6924,37.8888,21.9242,21.7685,37.8,55,17.509028531358354
2026-03-12 22:56:54,37.75,21.824,37.6118,37.8888,21.9043,21.7441,37.8,55,32.114769696232905
2026-03-12 22:56:54,37.77,21.857,37.7327,37.8082,21.9532,21.7609,37.8,55,24.80395036423268
2026-03-12 22:56:54,37.73,21.846,37.6722,37.7881,21.9715,21.7212,37.8,55,39.506740646018685
2026-03-12 22:56:54,37.75,21.836,37.6924,37.8082,21.9364,21.7365,37.8,55,32.68505274952698
2026-03-12 22:56:55,37.78,21.833,37.6722,37.8888,21.9226,21.7441,37.8,55,24.875048685078823
2026-03-12 22:56:55,37.7,21.843,37.5917,37.8082,21.9135,21.7731,37.8,55,52.93084583133914
2026-03-12 22:56:55,37.69,21.866,37.5917,37.7881,21.9745,21.7578,37.8,55,54.79445257085195
2026-03-12 22:56:55,37.76,21.868,37.6118,37.9089,21.9654,21.7716,37.8,55,33.83785907485134
2026-03-12 22:56:56,37.69,21.855,37.5715,37.8082,21.9364,21.7731,37.8,55,60.885313268454475
2026-03-12 22:56:56,37.76,21.886,37.632,37.8888,21.9425,21.8296,37.8,55,37.18862501176937
2026-03-12 22:56:56,37.68,21.859,37.5715,37.7881,21.9364,21.7823,37.8,55,67.51433308726557
2026-03-12 22:56:56,37.69,21.866,37.5514,37.8283,21.8845,21.8479,37.8,55,63.276061113772386
2026-03-12 22:56:57,37.74,21.896,37.632,37.8485,21.9791,21.8128,37.8,55,49.79319412023633
2026-03-12 22:56:57,37.7,21.892,37.5917,37.8082,21.9623,21.8219,37.8,55,66.53466021799757
2026-03-12 22:56:57,37.73,21.907,37.632,37.8283,21.9791,21.8357,37.8,55,57.10501992419932
2026-03-12 22:56:58,37.72,21.919,37.632,37.8082,22.0035,21.8341,37.8,55,63.318681425420955
2026-03-12 22:56:58,37.71,21.85,37.632,37.7881,21.9181,21.7823,37.8,55,67.93015106693038
2026-03-12 22:56:58,37.67,21.859,37.6118,37.7276,21.9409,21.7762,37.8,55,82.60478892160711
2026-03-12 22:56:58,37.67,21.907,37.6118,37.7276,21.9898,21.825,37.8,55,83.68408402612549
2026-03-12 22:56:59,37.71,21.893,37.5917,37.8283,21.9867,21.799,37.8,55,73.46908395128372
2026-03-12 22:56:59,37.7,21.874,37.632,37.7679,21.9425,21.8051,37.8,55,80.5870710627257
2026-03-12 22:56:59,37.71,21.881,37.5917,37.8283,21.9623,21.799,37.8,55,79.08696298134151
2026-03-12 22:56:59,37.67,21.888,37.5917,37.7478,21.9745,21.8021,37.8,55,94.67436274168031
2026-03-12 22:57:00,37.69,21.878,37.5514,37.8283,21.9455,21.8112,37.8,55,89.19561601824986
2026-03-12 22:57:00,37.7,21.825,37.5917,37.8082,21.8524,21.7975,37.8,55,89.28722542451048
2026-03-12 22:57:00,37.71,21.85,37.5917,37.8283,21.8891,21.8112,37.8,55,88.69965556876112
2026-03-12 22:57:00,37.69,21.849,37.5715,37.8082,21.8875,21.8097,37.8,55,97.72749524443519
2026-03-12 22:57:01,37.65,21.856,37.5715,37.7276,21.9486,21.7639,37.8,55,100
2026-03-12 22:57:01,37.66,21.857,37.5917,37.7276,21.9379,21.7762,37.8,55,100
2026-03-12 22:57:01,37.68,21.859,37.5917,37.7679,21.9135,21.8051,37.8,55,100
2026-03-12 22:57:01,37.64,21.916,37.5111,37.7679,21.9776,21.854,37.8,55,100
2026-03-12 22:57:02,37.7,21.898,37.632,37.7679,21.9913,21.8051,37.8,55,100
2026-03-12 22:57:02,37.7,21.898,37.6118,37.7881,21.9776,21.8189,37.8,55,100
2026-03-12 22:57:02,37.69,21.909,37.5917,37.7881,21.9623,21.8555,37.8,55,100
2026-03-12 22:57:03,37.66,21.912,37.6118,37.7075,22.002,21.8219,37.8,55,100
2026-03-12 22:57:03,37.68,21.939,37.6118,37.7478,22.0142,21.8631,37.8,55,100
2026-03-12 22:57:03,37.73,21.944,37.6722,37.7881,22.0325,21.8555,37.8,55,100
2026-03-12 22:57:03,37.67,21.932,37.5312,37.8082,22.005,21.8585,37.8,55,100
2026-03-12 22:57:04,37.7,21.965,37.632,37.7679,22.0401,21.8906,37.8,55,100
2026-03-12 22:57:04,37.69,21.946,37.632,37.7478,22.0035,21.8875,37.8,55,100
2026-03-12 22:57:04,37.7,21.935,37.632,37.7679,22.0157,21.854,37.8,55,100
2026-03-12 22:57:04,37.67,21.894,37.632,37.7075,21.9791,21.8097,37.8,55,100
2026-03-12 22:57:05,37.68,21.933,37.5312,37.8283,21.9928,21.8723,37.8,55,100
2026-03-12 22:57:05,37.75,21.91,37.6722,37.8283,21.9593,21.8601,37.8,55,100
2026-03-12 22:57:05,37.73,21.92,37.6521,37.8082,22.005,21.8341,37.8,55,100
2026-03-12 22:57:05,37.65,21.936,37.5312,37.7679,22.005,21.8662,37.8,55,100
2026-03-12 22:57:06,37.68,21.914,37.5514,37.8082,21.9821,21.8463,37.8,55,100
2026-03-12 22:57:06,37.66,21.912,37.6118,37.7075,22.002,21.8219,37.8,55,100
2026-03-12 22:57:06,37.66,21.93,37.5917,37.7276,21.9989,21.8616,37.8,55,100
2026-03-12 22:57:06,37.69,21.91,37.6118,37.7679,22.002,21.8173,37.8,55,100
2026-03-12 22:57:07,37.68,21.908,37.5917,37.7679,21.9867,21.8296,37.8,55,100
2026-03-12 22:57:07,37.7,21.91,37.6118,37.7881,21.9776,21.8433,37.8,55,100
2026-03-12 22:57:07,37.71,21.899,37.6521,37.7679,21.9684,21.8296,37.8,55,100
2026-03-12 22:57:08,37.7,21.917,37.6118,37.7881,21.9898,21.8433,37.8,55,100
2026-03-12 22:57:08,37.7,21.892,37.6722,37.7276,21.9715,21.8128,37.8,55,100
2026-03-12 22:57:08,37.72,21.9,37.6521,37.7881,21.9684,21.8311,37.8,55,100
2026-03-12 22:57:08,37.72,21.912,37.6521,37.7881,21.9806,21.8433,37.8,55,100
2026-03-12 22:57:09,37.69,21.891,37.5917,37.7881,21.9257,21.8555,37.8,55,100
2026-03-12 22:57:09,37.72,21.888,37.6521,37.7881,21.9562,21.8189,37.8,55,100
2026-03-12 22:57:09,37.75,21.897,37.6924,37.8082,21.9608,21.8341,37.8,55,100
2026-03-12 22:57:09,37.73,21.901,37.6924,37.7679,21.9486,21.854,37.8,55,100
2026-03-12 22:57:10,37.7,21.868,37.632,37.7679,21.9059,21.8296,37.8,55,100
2026-03-12 22:57:10,37.71,21.862,37.632,37.7881,21.9059,21.8189,37.8,55,100
2026-03-12 22:57:10,37.72,21.778,37.6118,37.8283,21.7945,21.7624,37.8,55,100
2026-03-12 22:57:10,37.71,21.777,37.6521,37.7679,21.7609,21.7929,37.8,55,100
2026-03-12 22:57:11,37.67,21.785,37.5514,37.7881,21.7624,21.8067,37.8,55,100
2026-03-12 22:57:11,37.71,21.82,37.6521,37.7679,21.8341,21.8051,37.8,55,100
2026-03-12 22:57:11,37.67,21.834,37.5715,37.7679,21.8265,21.8418,37.8,55,100
2026-03-12 22:57:11,37.7,21.849,37.6521,37.7478,21.883,21.8143,37.8,55,100
2026-03-12 22:57:12,37.7,21.849,37.632,37.7679,21.8814,21.8173,37.8,55,100
2026-03-12 22:57:12,37.7,21.88,37.632,37.7679,21.9181,21.8418,37.8,55,100
2026-03-12 22:57:12,37.69,21.872,37.632,37.7478,21.9059,21.8387,37.8,55,100
2026-03-12 22:57:13,37.68,21.852,37.6521,37.7075,21.883,21.8219,37.8,55,100
2026-03-12 22:57:13,37.74,21.897,37.7125,37.7679,21.9028,21.8906,37.8,55,100
2026-03-12 22:57:13,37.791,21.872,37.7528,37.8283,21.8952,21.8479,37.8,55,100
2026-03-12 22:57:13,37.73,21.846,37.6722,37.7881,21.8616,21.8311,37.8,55,100
2026-03-12 22:57:14,37.78,21.913,37.7327,37.8283,21.8799,21.9455,37.8,55,100
2026-03-12 22:57:14,37.69,21.83,37.632,37.7478,21.8448,21.8143,37.8,55,100
2026-03-12 22:57:14,37.78,21.865,37.7528,37.8082,21.883,21.8463,37.8,55,100
2026-03-12 22:57:14,37.801,21.872,37.7528,37.8485,21.8708,21.8738,37.8,55,98.75953088728224
2026-03-12 22:57:15,37.78,21.864,37.7729,37.7881,21.8723,21.8555,37.8,55,100
2026-03-12 22:57:15,37.791,21.865,37.7729,37.8082,21.8601,21.8708,37.8,55,100
2026-03-12 22:57:15,37.77,21.857,37.7327,37.8082,21.8677,21.8463,37.8,55,100
2026-03-12 22:57:15,37.77,21.856,37.6924,37.8485,21.8387,21.8738,37.8,55,100
2026-03-12 22:57:16,37.77,21.808,37.7327,37.8082,21.8189,21.7975,37.8,55,100
2026-03-12 22:57:16,37.801,21.836,37.7931,37.8082,21.8128,21.8585,37.8,55,98.31347002438238
2026-03-12 22:57:16,37.77,21.802,37.7729,37.7679,21.7746,21.8296,37.8,55,100
2026-03-12 22:57:16,37.77,21.839,37.7125,37.8283,21.8296,21.8479,37.8,55,100
2026-03-12 22:57:17,37.831,21.851,37.8737,37.7881,21.8463,21.8555,37.8,55,88.46579865867207
2026-03-12 22:57:17,37.791,21.829,37.7729,37.8082,21.8357,21.8219,37.8,55,100
2026-03-12 22:57:17,37.831,21.802,37.8334,37.8283,21.8051,21.799,37.8,55,88.9296593890896
2026-03-12 22:57:18,37.801,21.799,37.7528,37.8485,21.7853,21.8128,37.8,55,99.90144204891129
2026-03-12 22:57:18,37.811,21.812,37.8334,37.7881,21.7807,21.8433,37.8,55,95.2299640717205
2026-03-12 22:57:18,37.811,21.739,37.7931,37.8283,21.7029,21.7746,37.8,55,95.44014568438931
2026-03-12 22:57:18,37.811,21.745,37.8334,37.7881,21.7075,21.7823,37.8,55,95.19334595109933
2026-03-12 22:57:19,37.851,21.768,37.7931,37.9089,21.7151,21.8204,37.8,55,81.8282528095974
2026-03-12 22:57:19,37.841,21.798,37.8737,37.8082,21.7487,21.8463,37.8,55,85.79255515426723
2026-03-12 22:57:19,37.831,21.765,37.8334,37.8283,21.7319,21.799,37.8,55,87.69936257360806
2026-03-12 22:57:19,37.811,21.746,37.8535,37.7679,21.7227,21.7685,37.8,55,93.10997904087894
2026-03-12 22:57:20,37.811,21.757,37.7729,37.8485,21.7014,21.8128,37.8,55,91.95137871669252
2026-03-12 22:57:20,37.821,21.77,37.7931,37.8485,21.7151,21.825,37.8,55,88.4256485872519
2026-03-12 22:57:20,37.801,21.781,37.7931,37.8082,21.7151,21.8463,37.8,55,94.97175017032592
2026-03-12 22:57:20,37.861,21.781,37.8737,37.8485,21.7121,21.8494,37.8,55,74.35817828335637
2026-03-12 22:57:21,37.861,21.781,37.8938,37.8283,21.7029,21.8601,37.8,55,75.73227081720697
2026-03-12 22:57:21,37.881,21.752,37.8737,37.8888,21.7121,21.7929,37.8,55,67.8090396443154
2026-03-12 22:57:21,37.901,21.756,37.9341,37.8686,21.7075,21.8036,37.8,55,60.351195136799625
2026-03-12 22:57:21,37.861,21.738,37.8737,37.8485,21.6999,21.7762,37.8,55,72.12504666050454
2026-03-12 22:57:22,37.901,21.761,37.9139,37.8888,21.6678,21.854,37.8,55,55.816929293976266
2026-03-12 22:57:22,37.921,21.733,37.9341,37.9089,21.6831,21.7838,37.8,55,48.82166377899755
2026-03-12 22:57:22,37.911,21.738,37.8938,37.929,21.6785,21.7975,37.8,55,50.30761382433
2026-03-12 22:57:23,37.911,21.732,37.9139,37.9089,21.6434,21.8204,37.8,55,47.36969700760132
2026-03-12 22:57:23,37.921,21.684,37.9139,37.929,21.5946,21.7731,37.8,55,41.607041198826174
2026-03-12 22:57:23,37.962,21.713,38.0348,37.8888,21.6083,21.8173,37.8,55,25.910222636970666
2026-03-12 22:57:23,37.972,21.69,38.0348,37.9089,21.6083,21.7716,37.8,55,20.877966301684175
2026-03-12 22:57:24,37.952,21.657,37.9542,37.9492,21.5869,21.7273,37.8,55,24.047678247602573
2026-03-12 22:57:24,37.921,21.708,37.9945,37.8485,21.6159,21.8006,37.8,55,29.904722813173226
2026-03-12 22:57:24,37.952,21.687,38.0146,37.8888,21.6052,21.7685,37.8,55,15.617977184160932
2026-03-12 22:57:24,37.952,21.65,37.9744,37.929,21.564,21.7365,37.8,55,13.632423847953746
2026-03-12 22:57:25,37.982,21.636,37.9945,37.9693,21.5427,21.7288,37.8,55,0.39531234287694095
2026-03-12 22:57:25,37.942,21.607,37.9945,37.8888,21.5183,21.6953,37.8,55,10.815322448032646
2026-03-12 22:57:25,37.962,21.597,38.0146,37.9089,21.532,21.6617,37.8,55,0
2026-03-12 22:57:25,37.982,21.587,38.0146,37.9492,21.4832,21.6907,37.8,55,0
2026-03-12 22:57:26,38.002,21.608,38.0549,37.9492,21.5,21.7151,37.8,55,0
2026-03-12 22:57:26,37.962,21.627,37.9945,37.929,21.5305,21.7243,37.8,55,0
2026-03-12 22:57:26,37.992,21.631,37.9945,37.9895,21.5305,21.7319,37.8,55,0
2026-03-12 22:57:26,37.942,21.582,37.9945,37.8888,21.5183,21.6464,37.8,55,0
2026-03-12 22:57:27,37.942,21.607,37.9744,37.9089,21.4786,21.735,37.8,55,0
2026-03-12 22:57:27,37.982,21.599,38.0146,37.9492,21.471,21.7273,37.8,55,0
2026-03-12 22:57:27,37.992,21.563,38.0549,37.929,21.4511,21.6754,37.8,55,0
2026-03-12 22:57:28,38.032,21.575,38.0751,37.9895,21.4786,21.6709,37.8,55,0
2026-03-12 22:57:28,38.002,21.565,38.0751,37.929,21.4542,21.6754,37.8,55,0
2026-03-12 22:57:28,37.962,21.566,38.0146,37.9089,21.4466,21.6861,37.8,55,0
2026-03-12 22:57:28,38.002,21.583,38.0146,37.9895,21.4466,21.7197,37.8,55,0
2026-03-12 22:57:29,38.032,21.574,38.0952,37.9693,21.4435,21.7044,37.8,55,0
2026-03-12 22:57:29,38.042,21.556,38.1154,37.9693,21.4206,21.6922,37.8,55,0
2026-03-12 22:57:29,38.083,21.549,38.1154,38.0499,21.4206,21.677,37.8,55,0
2026-03-12 22:57:29,38.022,21.567,38.1355,37.9089,21.4481,21.6861,37.8,55,0
2026-03-12 22:57:30,38.042,21.575,38.1556,37.929,21.4618,21.6876,37.8,55,0
2026-03-12 22:57:30,37.982,21.575,38.0348,37.929,21.4618,21.6876,37.8,55,0
2026-03-12 22:57:30,38.042,21.575,38.0751,38.0096,21.442,21.709,37.8,55,0
2026-03-12 22:57:30,38.002,21.559,38.0751,37.929,21.4176,21.6999,37.8,55,0
2026-03-12 22:57:31,38.012,21.553,38.1355,37.8888,21.4115,21.6953,37.8,55,0
2026-03-12 22:57:31,38.083,21.524,38.1355,38.0298,21.3626,21.6861,37.8,55,0
2026-03-12 22:57:31,38.062,21.54,38.1154,38.0096,21.3962,21.6846,37.8,55,0
2026-03-12 22:57:31,38.052,21.521,38.1154,37.9895,21.3596,21.6831,37.8,55,0
2026-03-12 22:57:32,38.052,21.509,38.1355,37.9693,21.3748,21.6434,37.8,55,0
2026-03-12 22:57:32,38.093,21.501,38.1556,38.0298,21.3519,21.6495,37.8,55,0
2026-03-12 22:57:32,38.052,21.503,38.1556,37.9492,21.3275,21.6785,37.8,55,0
2026-03-12 22:57:33,38.123,21.492,38.1758,38.07,21.355,21.6297,37.8,55,0
2026-03-12 22:57:33,38.113,21.485,38.2161,38.0096,21.3352,21.6358,37.8,55,0
2026-03-12 22:57:33,38.062,21.485,38.1556,37.9693,21.3519,21.619,37.8,55,0
2026-03-12 22:57:33,38.093,21.507,38.1556,38.0298,21.3275,21.6861,37.8,55,0
2026-03-12 22:57:34,38.062,21.45,38.1355,37.9895,21.3138,21.5854,37.8,55,0
2026-03-12 22:57:34,38.052,21.46,38.0952,38.0096,21.3336,21.5869,37.8,55,0
2026-03-12 22:57:34,38.073,21.475,38.2161,37.929,21.3718,21.5778,37.8,55,0
2026-03-12 22:57:34,38.123,21.468,38.1959,38.0499,21.3199,21.6159,37.8,55,0
2026-03-12 22:57:35,38.133,21.476,38.2564,38.0096,21.3397,21.6114,37.8,55,0
2026-03-12 22:57:35,38.103,21.442,38.2161,37.9895,21.2741,21.6098,37.8,55,0
2026-03-12 22:57:35,38.153,21.46,38.2161,38.0902,21.3107,21.6083,37.8,55,0
2026-03-12 22:57:35,38.133,21.482,38.2161,38.0499,21.3107,21.6526,37.8,55,0
2026-03-12 22:57:36,38.073,21.456,38.1758,37.9693,21.294,21.619,37.8,55,0
2026-03-12 22:57:36,38.153,21.466,38.2161,38.0902,21.2863,21.6449,37.8,55,0
2026-03-12 22:57:36,38.093,21.44,38.1556,38.0298,21.2909,21.5885,37.8,55,0
2026-03-12 22:57:36,38.123,21.437,38.2362,38.0096,21.2879,21.5869,37.8,55,0
2026-03-12 22:57:37,38.113,21.424,38.2362,37.9895,21.3001,21.5488,37.8,55,0
2026-03-12 22:57:37,38.143,21.421,38.2564,38.0298,21.3031,21.5396,37.8,55,0
2026-03-12 22:57:37,38.093,21.434,38.1556,38.0298,21.2909,21.5763,37.8,55,0
2026-03-12 22:57:38,38.113,21.443,38.2362,37.9895,21.3123,21.5732,37.8,55,0
2026-03-12 22:57:38,38.153,21.484,38.1758,38.1305,21.3428,21.6251,37.8,55,0
2026-03-12 22:57:38,38.123,21.474,38.1758,38.07,21.3062,21.6419,37.8,55,0
2026-03-12 22:57:38,38.103,21.43,38.2161,37.9895,21.2741,21.5854,37.8,55,0
2026-03-12 22:57:39,38.123,21.431,38.2161,38.0298,21.2619,21.6007,37.8,55,0
2026-03-12 22:57:39,38.133,21.415,38.2765,37.9895,21.268,21.561,37.8,55,0
2026-03-12 22:57:39,38.133,21.395,38.1959,38.07,21.2345,21.5564,37.8,55,0
2026-03-12 22:57:39,38.113,21.399,38.1556,38.07,21.2421,21.5564,37.8,55,0
2026-03-12 22:57:40,38.153,21.435,38.2161,38.0902,21.2497,21.6205,37.8,55,0
2026-03-12 22:57:40,38.143,21.415,38.2765,38.0096,21.2558,21.5747,37.8,55,0
2026-03-12 22:57:40,38.143,21.379,38.2161,38.07,21.2253,21.532,37.8,55,0
2026-03-12 22:57:40,38.093,21.422,38.1355,38.0499,21.2406,21.6037,37.8,55,0
2026-03-12 22:57:41,38.143,21.385,38.2362,38.0499,21.2146,21.5549,37.8,55,0
2026-03-12 22:57:41,38.173,21.401,38.2564,38.0902,21.181,21.6205,37.8,55,0
2026-03-12 22:57:41,38.113,21.4,38.1758,38.0499,21.2329,21.5671,37.8,55,0
2026-03-12 22:57:41,38.133,21.414,38.2362,38.0298,21.2757,21.5518,37.8,55,0
2026-03-12 22:57:42,38.143,21.44,38.1758,38.1103,21.294,21.5854,37.8,55,0
2026-03-12 22:57:42,38.103,21.398,38.1959,38.0096,21.2589,21.5381,37.8,55,0
2026-03-12 22:57:42,38.173,21.4,38.2362,38.1103,21.239,21.561,37.8,55,0
2026-03-12 22:57:43,38.133,21.427,38.1758,38.0902,21.2696,21.5839,37.8,55,0
2026-03-12 22:57:43,38.133,21.414,38.1959,38.07,21.2467,21.5808,37.8,55,0
2026-03-12 22:57:43,38.183,21.432,38.3168,38.0499,21.2848,21.5793,37.8,55,0
2026-03-12 22:57:43,38.143,21.434,38.2564,38.0298,21.2787,21.5885,37.8,55,0
2026-03-12 22:57:44,38.113,21.387,38.1959,38.0298,21.2467,21.5274,37.8,55,0
2026-03-12 22:57:44,38.153,21.392,38.2161,38.0902,21.2619,21.5229,37.8,55,0
2026-03-12 22:57:44,38.163,21.399,38.2161,38.1103,21.2741,21.5244,37.8,55,0
2026-03-12 22:57:44,38.173,21.407,38.2161,38.1305,21.2619,21.5518,37.8,55,0
2026-03-12 22:57:45,38.153,21.404,38.1959,38.1103,21.2589,21.5488,37.8,55,0
2026-03-12 22:57:45,38.163,21.393,38.2765,38.0499,21.268,21.5183,37.8,55,0
2026-03-12 22:57:45,38.163,21.363,38.2765,38.0499,21.2314,21.4939,37.8,55,0
2026-03-12 22:57:45,38.153,21.367,38.2765,38.0298,21.2558,21.4786,37.8,55,0
2026-03-12 22:57:46,38.173,21.395,38.2564,38.0902,21.2543,21.5351,37.8,55,0
2026-03-12 22:57:46,38.153,21.398,38.2362,38.07,21.2512,21.5442,37.8,55,0
2026-03-12 22:57:46,38.133,21.395,38.1959,38.07,21.2467,21.5442,37.8,55,0
2026-03-12 22:57:46,38.123,21.395,38.2161,38.0298,21.2741,21.5152,37.8,55,0
2026-03-12 22:57:47,38.123,21.395,38.2161,38.0298,21.2863,21.503,37.8,55,0
2026-03-12 22:57:47,38.183,21.377,38.2362,38.1305,21.239,21.5152,37.8,55,0
2026-03-12 22:57:47,38.173,21.407,38.2564,38.0902,21.3031,21.5106,37.8,55,0
2026-03-12 22:57:48,38.133,21.366,38.2161,38.0499,21.2497,21.4817,37.8,55,0
2026-03-12 22:57:48,38.143,21.421,38.2362,38.0499,21.3123,21.5305,37.8,55,0
2026-03-12 22:57:48,38.133,21.36,38.2161,38.0499,21.2131,21.5061,37.8,55,0
2026-03-12 22:57:48,38.163,21.399,38.2362,38.0902,21.2757,21.5229,37.8,55,0
2026-03-12 22:57:49,38.083,21.403,38.1758,37.9895,21.2451,21.561,37.8,55,0
2026-03-12 22:57:49,38.163,21.411,38.2765,38.0499,21.268,21.5549,37.8,55,0
2026-03-12 22:57:49,38.183,21.395,38.2765,38.0902,21.2924,21.4984,37.8,55,0
2026-03-12 22:57:49,38.153,21.35,38.2161,38.0902,21.2253,21.474,37.8,55,0
2026-03-12 22:57:50,38.193,21.396,38.2362,38.1506,21.2634,21.529,37.8,55,0
2026-03-12 22:57:50,38.153,21.374,38.2161,38.0902,21.2741,21.474,37.8,55,0
2026-03-12 22:57:50,38.183,21.377,38.2362,38.1305,21.2512,21.503,37.8,55,0
2026-03-12 22:57:50,38.163,21.381,38.1758,38.1506,21.294,21.4679,37.8,55,0
2026-03-12 22:57:51,38.163,21.393,38.1959,38.1305,21.2711,21.5152,37.8,55,0
2026-03-12 22:57:51,38.113,21.376,38.2362,37.9895,21.2634,21.4878,37.8,55,0
2026-03-12 22:57:51,38.133,21.383,38.1959,38.07,21.2711,21.4954,37.8,55,0
2026-03-12 22:57:51,38.173,21.363,38.2362,38.1103,21.2757,21.4511,37.8,55,0
2026-03-12 22:57:52,38.133,21.359,38.2362,38.0298,21.2634,21.4542,37.8,55,0
2026-03-12 22:57:52,38.203,21.386,38.2161,38.1909,21.2985,21.4725,37.8,55,0
2026-03-12 22:57:52,38.143,21.373,38.2161,38.07,21.2741,21.471,37.8,55,0
2026-03-12 22:57:53,38.103,21.356,38.1556,38.0499,21.2787,21.4328,37.8,55,0
2026-03-12 22:57:53,38.163,21.369,38.2765,38.0499,21.268,21.4694,37.8,55,0
2026-03-12 22:57:53,38.143,21.366,38.1355,38.1506,21.2894,21.4435,37.8,55,0
2026-03-12 22:57:53,38.113,21.4,38.0952,38.1305,21.2848,21.5152,37.8,55,0
2026-03-12 22:57:54,38.173,21.412,38.1758,38.1707,21.3184,21.5061,37.8,55,0
2026-03-12 22:57:54,38.163,21.381,38.2161,38.1103,21.2985,21.4633,37.8,55,0
2026-03-12 22:57:54,38.133,21.372,38.1355,38.1305,21.265,21.4786,37.8,55,0
2026-03-12 22:57:54,38.173,21.37,38.2161,38.1305,21.2863,21.4542,37.8,55,0
2026-03-12 22:57:55,38.113,21.393,38.1959,38.0298,21.2955,21.4908,37.8,55,0
2026-03-12 22:57:55,38.153,21.379,38.1959,38.1103,21.2833,21.4755,37.8,55,0
2026-03-12 22:57:55,38.163,21.387,38.2161,38.1103,21.2863,21.4878,37.8,55,0
2026-03-12 22:57:55,38.143,21.397,38.1959,38.0902,21.2833,21.5106,37.8,55,0
2026-03-12 22:57:56,38.203,21.379,38.2966,38.1103,21.294,21.4633,37.8,55,0
2026-03-12 22:57:56,38.133,21.389,38.1556,38.1103,21.2909,21.4878,37.8,55,0
2026-03-12 22:57:56,38.163,21.411,38.1758,38.1506,21.3306,21.4923,37.8,55,0
2026-03-12 22:57:56,38.133,21.359,38.1959,38.07,21.2833,21.4343,37.8,55,0
2026-03-12 22:57:57,38.093,21.379,38.1154,38.07,21.2985,21.4588,37.8,55,0
2026-03-12 22:57:57,38.133,21.415,38.2161,38.0499,21.3352,21.4939,37.8,55,0
2026-03-12 22:57:57,38.153,21.392,38.1758,38.1305,21.3062,21.4786,37.8,55,0
2026-03-12 22:57:58,38.153,21.398,38.2362,38.07,21.3245,21.471,37.8,55,0
2026-03-12 22:57:58,38.133,21.395,38.1556,38.1103,21.3275,21.4633,37.8,55,0
2026-03-12 22:57:58,38.093,21.379,38.1154,38.07,21.323,21.4343,37.8,55,0
2026-03-12 22:57:58,38.093,21.355,38.1355,38.0499,21.2894,21.4206,37.8,55,0
2026-03-12 22:57:59,38.123,21.358,38.1355,38.1103,21.2894,21.4267,37.8,55,0
2026-03-12 22:57:59,38.143,21.366,38.1959,38.0902,21.3077,21.4252,37.8,55,0
2026-03-12 22:57:59,38.173,21.357,38.2362,38.1103,21.2757,21.4389,37.8,55,0
2026-03-12 22:57:59,38.103,21.368,38.1154,38.0902,21.2985,21.4374,37.8,55,0
2026-03-12 22:58:00,38.123,21.346,38.1154,38.1305,21.2741,21.4176,37.8,55,0
2026-03-12 22:58:00,38.173,21.4,38.1959,38.1506,21.3199,21.4801,37.8,55,0
2026-03-12 22:58:00,38.103,21.386,38.1355,38.07,21.3138,21.4588,37.8,55,0
2026-03-12 22:58:00,38.143,21.391,38.1556,38.1305,21.3275,21.4542,37.8,55,0
2026-03-12 22:58:01,38.103,21.393,38.0751,38.1305,21.3077,21.4786,37.8,55,0
2026-03-12 22:58:01,38.143,21.409,38.1959,38.0902,21.3443,21.474,37.8,55,0
2026-03-12 22:58:01,38.123,21.419,38.1556,38.0902,21.3642,21.474,37.8,55,0
2026-03-12 22:58:01,38.113,21.436,38.1556,38.07,21.3519,21.5198,37.8,55,0
2026-03-12 22:58:02,38.103,21.466,38.0952,38.1103,21.3947,21.5366,37.8,55,0
2026-03-12 22:58:02,38.113,21.418,38.1154,38.1103,21.3596,21.4755,37.8,55,0
2026-03-12 22:58:02,38.133,21.415,38.1758,38.0902,21.3428,21.4862,37.8,55,0
2026-03-12 22:58:03,38.103,21.447,38.1355,38.07,21.3748,21.5198,37.8,55,0
2026-03-12 22:58:03,38.113,21.399,38.1556,38.07,21.3275,21.471,37.8,55,0
2026-03-12 22:58:03,38.083,21.445,38.0549,38.1103,21.3413,21.5488,37.8,55,0
2026-03-12 22:58:03,38.123,21.431,38.1758,38.07,21.3794,21.4832,37.8,55,0
2026-03-12 22:58:04,38.083,21.415,38.0751,38.0902,21.3321,21.4984,37.8,55,0
2026-03-12 22:58:04,38.113,21.485,38.1355,38.0902,21.3504,21.6205,37.8,55,0
2026-03-12 22:58:04,38.123,21.437,38.1154,38.1305,21.3474,21.5274,37.8,55,0
2026-03-12 22:58:04,38.093,21.44,38.0952,38.0902,21.3703,21.5106,37.8,55,0
2026-03-12 22:58:05,38.083,21.433,38.0952,38.07,21.3703,21.4954,37.8,55,0
2026-03-12 22:58:05,38.103,21.423,38.1154,38.0902,21.3474,21.4984,37.8,55,0
2026-03-12 22:58:05,38.143,21.415,38.1959,38.0902,21.3687,21.4618,37.8,55,0
2026-03-12 22:58:05,38.073,21.426,38.0751,38.07,21.3443,21.5076,37.8,55,0
2026-03-12 22:58:06,38.083,21.433,38.0952,38.07,21.3703,21.4954,37.8,55,0
2026-03-12 22:58:06,38.103,21.453,38.1154,38.0902,21.384,21.5229,37.8,55,0
2026-03-12 22:58:06,38.113,21.472,38.1154,38.1103,21.384,21.561,37.8,55,0
2026-03-12 22:58:06,38.083,21.421,38.1154,38.0499,21.3718,21.4694,37.8,55,0
2026-03-12 22:58:07,38.073,21.438,38.0952,38.0499,21.3703,21.5061,37.8,55,0
2026-03-12 22:58:07,38.113,21.43,38.1154,38.1103,21.3718,21.4878,37.8,55,0
2026-03-12 22:58:07,38.083,21.434,38.0751,38.0902,21.3687,21.4984,37.8,55,0
2026-03-12 22:58:08,38.103,21.453,38.0952,38.1103,21.3947,21.5122,37.8,55,0
2026-03-12 22:58:08,38.093,21.44,38.0952,38.0902,21.3703,21.5106,37.8,55,0
2026-03-12 22:58:08,38.113,21.467,38.0751,38.1506,21.4054,21.529,37.8,55,0
2026-03-12 22:58:08,38.093,21.447,38.0952,38.0902,21.3703,21.5229,37.8,55,0
2026-03-12 22:58:09,38.103,21.429,38.1355,38.07,21.3748,21.4832,37.8,55,0
2026-03-12 22:58:09,38.052,21.448,38.0348,38.07,21.3886,21.5076,37.8,55,0
2026-03-12 22:58:09,38.052,21.442,38.0952,38.0096,21.4191,21.4649,37.8,55,0
2026-03-12 22:58:09,38.083,21.464,38.0751,38.0902,21.4054,21.5229,37.8,55,0
2026-03-12 22:58:10,38.083,21.452,38.0751,38.0902,21.4176,21.4862,37.8,55,0
2026-03-12 22:58:10,38.103,21.496,38.0952,38.1103,21.4069,21.5854,37.8,55,0
2026-03-12 22:58:10,38.083,21.47,38.0751,38.0902,21.4298,21.5106,37.8,55,0
2026-03-12 22:58:10,38.083,21.457,38.1355,38.0298,21.4115,21.503,37.8,55,0
2026-03-12 22:58:11,38.052,21.497,38.0952,38.0096,21.4313,21.5625,37.8,55,0
2026-03-12 22:58:11,38.062,21.486,38.0751,38.0499,21.4664,21.5061,37.8,55,0
2026-03-12 22:58:11,38.052,21.479,38.0952,38.0096,21.4557,21.5015,37.8,55,0
2026-03-12 22:58:11,38.042,21.472,38.0952,37.9895,21.4313,21.5122,37.8,55,0
2026-03-12 22:58:12,38.052,21.479,38.0549,38.0499,21.4267,21.5305,37.8,55,0
2026-03-12 22:58:12,38.062,21.48,38.0751,38.0499,21.442,21.5183,37.8,55,0
2026-03-12 22:58:12,38.073,21.463,38.0751,38.07,21.4542,21.471,37.8,55,0
2026-03-12 22:58:13,38.042,21.478,38.0348,38.0499,21.4496,21.5061,37.8,55,0
2026-03-12 22:58:13,38.073,21.481,38.0549,38.0902,21.4633,21.4984,37.8,55,0
2026-03-12 22:58:13,38.062,21.449,38.0146,38.1103,21.4099,21.4878,37.8,55,0
2026-03-12 22:58:13,38.032,21.501,37.9744,38.0902,21.4542,21.5473,37.8,55,0
2026-03-12 22:58:14,38.073,21.511,38.0751,38.07,21.4908,21.532,37.8,55,0
2026-03-12 22:58:14,38.052,21.485,38.0549,38.0499,21.4755,21.4939,37.8,55,0
2026-03-12 22:58:14,38.032,21.513,38.0146,38.0499,21.471,21.5549,37.8,55,0
2026-03-12 22:58:14,38.012,21.511,38.0146,38.0096,21.4832,21.5381,37.8,55,0
2026-03-12 22:58:15,38.042,21.52,38.0146,38.07,21.4954,21.5442,37.8,55,0
2026-03-12 22:58:15,38.083,21.513,38.0348,38.1305,21.4618,21.564,37.8,55,0
2026-03-12 22:58:15,38.083,21.482,38.0751,38.0902,21.4664,21.4984,37.8,55,0
2026-03-12 22:58:15,38.032,21.476,37.9945,38.07,21.4694,21.4832,37.8,55,0
2026-03-12 22:58:16,38.052,21.485,38.0549,38.0499,21.4755,21.4939,37.8,55,0
2026-03-12 22:58:16,38.012,21.468,37.9945,38.0298,21.445,21.4908,37.8,55,0
2026-03-12 22:58:16,38.052,21.491,38.0146,38.0902,21.471,21.5106,37.8,55,0
2026-03-12 22:58:16,38.052,21.503,38.0348,38.07,21.4862,21.5198,37.8,55,0
2026-03-12 22:58:17,37.992,21.447,37.9744,38.0096,21.4176,21.4771,37.8,55,0
2026-03-12 22:58:17,37.992,21.472,37.9542,38.0298,21.4282,21.5152,37.8,55,0
2026-03-12 22:58:17,37.992,21.484,37.9744,38.0096,21.442,21.5259,37.8,55,0
2026-03-12 22:58:18,38.002,21.449,37.9945,38.0096,21.4572,21.4405,37.8,55,0
2026-03-12 22:58:18,38.032,21.507,37.9945,38.07,21.4817,21.532,37.8,55,0
2026-03-12 22:58:18,38.022,21.524,37.9945,38.0499,21.4817,21.5671,37.8,55,0
2026-03-12 22:58:18,38.042,21.52,38.0146,38.07,21.532,21.5076,37.8,55,0
2026-03-12 22:58:19,38.022,21.518,38.0146,38.0298,21.4954,21.5396,37.8,55,0
2026-03-12 22:58:19,37.992,21.484,37.9542,38.0298,21.5015,21.4664,37.8,55,0
2026-03-12 22:58:19,38.022,21.505,37.9744,38.07,21.4786,21.532,37.8,55,0
2026-03-12 22:58:19,37.982,21.514,37.9139,38.0499,21.4969,21.5305,37.8,55,0
2026-03-12 22:58:20,37.992,21.508,37.9542,38.0298,21.5259,21.4908,37.8,55,0
2026-03-12 22:58:20,37.982,21.544,37.9139,38.0499,21.5335,21.5549,37.8,55,0
2026-03-12 22:58:20,38.012,21.523,37.9945,38.0298,21.5183,21.5274,37.8,55,0
2026-03-12 22:58:20,38.012,21.547,37.9744,38.0499,21.564,21.5305,37.8,55,0
2026-03-12 22:58:21,38.062,21.516,38.0549,38.07,21.5122,21.5198,37.8,55,0
2026-03-12 22:58:21,37.992,21.497,37.9341,38.0499,21.4878,21.5061,37.8,55,0
2026-03-12 22:58:21,38.022,21.536,37.9744,38.07,21.5152,21.5564,37.8,55,0
2026-03-12 22:58:21,37.952,21.523,37.9341,37.9693,21.561,21.4847,37.8,55,0
2026-03-12 22:58:22,37.962,21.511,37.9139,38.0096,21.5091,21.5137,37.8,55,0
2026-03-12 22:58:22,37.932,21.533,37.8737,37.9895,21.5412,21.5244,37.8,55,0
2026-03-12 22:58:22,37.921,21.489,37.8535,37.9895,21.4298,21.5488,37.8,55,0
2026-03-12 22:58:23,37.972,21.506,37.9139,38.0298,21.5091,21.503,37.8,55,0
2026-03-12 22:58:23,37.972,21.512,37.8737,38.07,21.4801,21.5442,37.8,55,0
2026-03-12 22:58:23,37.992,21.502,37.9542,38.0298,21.5015,21.503,37.8,55,0
2026-03-12 22:58:23,37.942,21.521,37.8737,38.0096,21.5167,21.5259,37.8,55,0
2026-03-12 22:58:24,37.962,21.548,37.8938,38.0298,21.5564,21.5396,37.8,55,0
2026-03-12 22:58:24,37.921,21.531,37.8737,37.9693,21.5778,21.4847,37.8,55,0
2026-03-12 22:58:24,37.952,21.528,37.8737,38.0298,21.529,21.5274,37.8,55,0
2026-03-12 22:58:24,37.911,21.482,37.8535,37.9693,21.4786,21.4847,37.8,55,0
2026-03-12 22:58:25,37.932,21.557,37.9139,37.9492,21.5335,21.5808,37.8,55,0
2026-03-12 22:58:25,37.952,21.523,37.9542,37.9492,21.5381,21.5076,37.8,55,0
2026-03-12 22:58:25,37.901,21.566,37.8334,37.9693,21.561,21.5702,37.8,55,0
2026-03-12 22:58:25,37.952,21.596,37.9139,37.9895,21.5946,21.5976,37.8,55,0
2026-03-12 22:58:26,37.952,21.572,37.9542,37.9492,21.5747,21.5686,37.8,55,0
2026-03-12 22:58:26,37.932,21.588,37.8535,38.0096,21.6129,21.5625,37.8,55,0
2026-03-12 22:58:26,37.932,21.588,37.8535,38.0096,21.5763,21.5991,37.8,55,0
2026-03-12 22:58:26,37.952,21.596,37.8938,38.0096,21.6297,21.5625,37.8,55,0
2026-03-12 22:58:27,37.911,21.549,37.8334,37.9895,21.5854,21.5122,37.8,55,0
2026-03-12 22:58:27,37.942,21.589,37.8938,37.9895,21.6052,21.5732,37.8,55,0
2026-03-12 22:58:27,37.901,21.584,37.8737,37.929,21.5778,21.59,37.8,55,0
2026-03-12 22:58:28,37.921,21.544,37.8938,37.9492,21.5564,21.532,37.8,55,0
2026-03-12 22:58:28,37.911,21.579,37.8737,37.9492,21.6144,21.5442,37.8,55,0
2026-03-12 22:58:28,37.952,21.596,37.9139,37.9895,21.619,21.5732,37.8,55,0
2026-03-12 22:58:28,37.891,21.589,37.8132,37.9693,21.6083,21.5702,37.8,55,0
2026-03-12 22:58:29,37.921,21.593,37.8938,37.9492,21.6175,21.5686,37.8,55,0
2026-03-12 22:58:29,37.962,21.609,37.8737,38.0499,21.6388,21.5793,37.8,55,0
2026-03-12 22:58:29,37.972,21.592,37.8938,38.0499,21.6175,21.5671,37.8,55,0
2026-03-12 22:58:29,37.911,21.555,37.8535,37.9693,21.5518,21.5579,37.8,55,0
2026-03-12 22:58:30,37.911,21.561,37.8535,37.9693,21.5885,21.5335,37.8,55,0
2026-03-12 22:58:30,37.932,21.575,37.8334,38.0298,21.5732,21.5763,37.8,55,0
2026-03-12 22:58:30,37.921,21.586,37.8737,37.9693,21.6022,21.5702,37.8,55,0
2026-03-12 22:58:30,37.891,21.601,37.7729,38.0096,21.6281,21.5747,37.8,55,0
2026-03-12 22:58:31,37.851,21.64,37.7729,37.929,21.6403,21.6388,37.8,55,0
2026-03-12 22:58:31,37.881,21.63,37.7931,37.9693,21.6419,21.619,37.8,55,0
2026-03-12 22:58:31,37.921,21.636,37.8535,37.9895,21.6495,21.622,37.8,55,0
2026-03-12 22:58:31,37.901,21.627,37.8334,37.9693,21.6587,21.5946,37.8,55,0
2026-03-12 22:58:32,37.932,21.655,37.8938,37.9693,21.7029,21.6068,37.8,55,0
2026-03-12 22:58:32,37.871,21.654,37.8132,37.929,21.6815,21.6266,37.8,55,0
2026-03-12 22:58:32,37.891,21.656,37.8334,37.9492,21.6831,21.6297,37.8,55,0
2026-03-12 22:58:33,37.932,21.666,37.8334,38.0298,21.6831,21.6495,37.8,55,0
2026-03-12 22:58:33,37.861,21.653,37.7729,37.9492,21.6648,21.6419,37.8,55,0
2026-03-12 22:58:33,37.881,21.656,37.7729,37.9895,21.6648,21.6464,37.8,55,0
2026-03-12 22:58:33,37.831,21.656,37.7729,37.8888,21.6892,21.622,37.8,55,0
2026-03-12 22:58:34,37.891,21.699,37.8132,37.9693,21.7304,21.6678,37.8,55,0
2026-03-12 22:58:34,37.831,21.68,37.7729,37.8888,21.7136,21.6464,37.8,55,0
2026-03-12 22:58:34,37.871,21.648,37.8535,37.8888,21.6983,21.5976,37.8,55,0
2026-03-12 22:58:34,37.861,21.659,37.8132,37.9089,21.7182,21.6007,37.8,55,0
2026-03-12 22:58:35,37.911,21.688,37.7931,38.0298,21.7395,21.6373,37.8,55,0
2026-03-12 22:58:35,37.861,21.678,37.7327,37.9895,21.7456,21.6098,37.8,55,0
2026-03-12 22:58:35,37.831,21.662,37.7528,37.9089,21.7121,21.6129,37.8,55,0
2026-03-12 22:58:35,37.881,21.656,37.8132,37.9492,21.7304,21.5808,37.8,55,0
2026-03-12 22:58:36,37.841,21.639,37.7528,37.929,21.6999,21.5778,37.8,55,0
2026-03-12 22:58:36,37.871,21.636,37.7729,37.9693,21.7014,21.5702,37.8,55,0
2026-03-12 22:58:36,37.881,21.674,37.8535,37.9089,21.735,21.6129,37.8,55,0
2026-03-12 22:58:36,37.851,21.676,37.7729,37.929,21.738,21.6144,37.8,55,0
2026-03-12 22:58:37,37.821,21.661,37.7327,37.9089,21.709,21.6129,37.8,55,0
2026-03-12 22:58:37,37.851,21.682,37.7729,37.929,21.7624,21.6022,37.8,55,0
2026-03-12 22:58:37,37.851,21.665,37.7528,37.9492,21.6999,21.6297,37.8,55,0
2026-03-12 22:58:38,37.821,21.679,37.7327,37.9089,21.6724,21.6861,37.8,55,0
2026-03-12 22:58:38,37.881,21.668,37.7528,38.0096,21.7121,21.6236,37.8,55,0
2026-03-12 22:58:38,37.891,21.681,37.8132,37.9693,21.7304,21.6312,37.8,55,0
2026-03-12 22:58:38,37.841,21.682,37.7729,37.9089,21.7502,21.6129,37.8,55,0
2026-03-12 22:58:39,37.861,21.672,37.7327,37.9895,21.7334,21.6098,37.8,55,0
2026-03-12 22:58:39,37.831,21.698,37.7327,37.929,21.77,21.6266,37.8,55,0
2026-03-12 22:58:39,37.821,21.685,37.7528,37.8888,21.7487,21.622,37.8,55,0
2026-03-12 22:58:39,37.841,21.7,37.7125,37.9693,21.7563,21.6434,37.8,55,0
2026-03-12 22:58:40,37.791,21.694,37.6924,37.8888,21.7655,21.622,37.8,55,4.823024300041077
2026-03-12 22:58:40,37.77,21.698,37.6924,37.8485,21.7899,21.6052,37.8,55,9.630123789980896
2026-03-12 22:58:40,37.851,21.719,37.7931,37.9089,21.7762,21.6617,37.8,55,0
2026-03-12 22:58:40,37.831,21.717,37.7729,37.8888,21.7624,21.6709,37.8,55,0
2026-03-12 22:58:41,37.841,21.743,37.7528,37.929,21.7975,21.6876,37.8,55,0
2026-03-12 22:58:41,37.74,21.719,37.632,37.8485,21.7838,21.6541,37.8,55,21.551896297970114
2026-03-12 22:58:41,37.77,21.722,37.6521,37.8888,21.7853,21.6587,37.8,55,8.440781117693048
2026-03-12 22:58:41,37.78,21.73,37.6722,37.8888,21.7884,21.6709,37.8,55,7.200985224772607
2026-03-12 22:58:42,37.831,21.73,37.7528,37.9089,21.8097,21.6495,37.8,55,0
2026-03-12 22:58:42,37.78,21.73,37.7327,37.8283,21.7945,21.6648,37.8,55,9.738342182915652
2026-03-12 22:58:42,37.78,21.748,37.6722,37.8888,21.8494,21.6464,37.8,55,7.858509337655109
2026-03-12 22:58:43,37.74,21.713,37.6521,37.8283,21.8097,21.6159,37.8,55,21.424901400012335
2026-03-12 22:58:43,37.791,21.749,37.7125,37.8686,21.7807,21.7182,37.8,55,4.216678919280513
2026-03-12 22:58:43,37.811,21.714,37.7327,37.8888,21.7945,21.6342,37.8,55,0.18337640728696858
2026-03-12 22:58:43,37.791,21.749,37.6722,37.9089,21.825,21.6739,37.8,55,7.408444146997952
2026-03-12 22:58:44,37.74,21.744,37.6722,37.8082,21.825,21.6632,37.8,55,23.42427759257421
2026-03-12 22:58:44,37.801,21.689,37.6521,37.9492,21.7487,21.6297,37.8,55,2.4350100223241946
2026-03-12 22:58:44,37.831,21.705,37.7528,37.9089,21.7487,21.6617,37.8,55,0
2026-03-12 22:58:44,37.75,21.714,37.6521,37.8485,21.7731,21.6541,37.8,55,22.59339590953625
2026-03-12 22:58:45,37.73,21.73,37.632,37.8283,21.7716,21.6892,37.8,55,26.58672438360016
2026-03-12 22:58:45,37.791,21.731,37.7125,37.8686,21.7929,21.6693,37.8,55,7.243974606527891
2026-03-12 22:58:45,37.78,21.736,37.6924,37.8686,21.8021,21.6693,37.8,55,13.83510306877933
2026-03-12 22:58:45,37.73,21.761,37.632,37.8283,21.8204,21.7014,37.8,55,30.17856489235729
2026-03-12 22:58:46,37.77,21.734,37.6521,37.8888,21.8219,21.6464,37.8,55,16.3475639225806
2026-03-12 22:58:46,37.78,21.73,37.6722,37.8888,21.8006,21.6587,37.8,55,15.574394249370354
2026-03-12 22:58:46,37.75,21.751,37.6722,37.8283,21.8372,21.6648,37.8,55,26.310931875265965
2026-03-12 22:58:46,37.73,21.749,37.632,37.8283,21.8204,21.677,37.8,55,32.62087799143275
2026-03-12 22:58:47,37.71,21.734,37.6521,37.7679,21.8219,21.6464,37.8,55,39.834639825897945
2026-03-12 22:58:47,37.7,21.775,37.6521,37.7478,21.8341,21.7166,37.8,55,44.218267926875065
2026-03-12 22:58:47,37.71,21.783,37.632,37.7881,21.8692,21.6968,37.8,55,42.718045029385365
2026-03-12 22:58:48,37.78,21.773,37.6118,37.9492,21.8677,21.6785,37.8,55,22.226832128197977
2026-03-12 22:58:48,37.72,21.797,37.6118,37.8283,21.8921,21.7014,37.8,55,45.54799401027195
2026-03-12 22:58:48,37.72,21.802,37.6521,37.7881,21.8952,21.709,37.8,55,44.596137700549676
2026-03-12 22:58:48,37.72,21.765,37.5917,37.8485,21.828,21.7029,37.8,55,46.383167126549935
2026-03-12 22:58:49,37.75,21.794,37.6722,37.8283,21.8738,21.7136,37.8,55,38.33109498926878
2026-03-12 22:58:49,37.75,21.788,37.632,37.8686,21.8692,21.706,37.8,55,40.818024977048395
2026-03-12 22:58:49,37.77,21.826,37.6521,37.8888,21.883,21.7685,37.8,55,35.376124540982005
2026-03-12 22:58:49,37.76,21.789,37.6118,37.9089,21.8677,21.7105,37.8,55,40.23915435340736
2026-03-12 22:58:50,37.72,21.791,37.6118,37.8283,21.8921,21.6892,37.8,55,53.796391089719265
2026-03-12 22:58:50,37.71,21.82,37.6118,37.8082,21.9287,21.7121,37.8,55,57.038772984115354
2026-03-12 22:58:50,37.69,21.823,37.5917,37.7881,21.9013,21.7456,37.8,55,65.1531298325507
2026-03-12 22:58:50,37.75,21.8,37.632,37.8686,21.8814,21.7182,37.8,55,47.01904491949792
2026-03-12 22:58:51,37.71,21.765,37.5917,37.8283,21.8402,21.6892,37.8,55,63.99454064747938
2026-03-12 22:58:51,37.68,21.804,37.5514,37.8082,21.8845,21.7243,37.8,55,74.02250038297056
2026-03-12 22:58:51,37.71,21.801,37.6722,37.7478,21.9104,21.6922,37.8,55,65.49941378193078
2026-03-12 22:58:51,37.71,21.789,37.5917,37.8283,21.8769,21.7014,37.8,55,68.87999498615426
2026-03-12 22:58:52,37.73,21.785,37.632,37.8283,21.8814,21.6892,37.8,55,64.3341684933158
2026-03-12 22:58:52,37.71,21.795,37.632,37.7881,21.8692,21.7212,37.8,55,73.37899549440226
2026-03-12 22:58:52,37.69,21.799,37.5917,37.7881,21.9013,21.6968,37.8,55,81.0456640054103
2026-03-12 22:58:53,37.73,21.804,37.6118,37.8485,21.8921,21.7151,37.8,55,69.47380373461714
2026-03-12 22:58:53,37.69,21.818,37.6118,37.7679,21.9043,21.7319,37.8,55,85.9833743263886
2026-03-12 22:58:53,37.71,21.802,37.6118,37.8082,21.8799,21.7243,37.8,55,80.06626223753652
2026-03-12 22:58:53,37.68,21.847,37.5917,37.7679,21.9013,21.7929,37.8,55,92.82785687027773
2026-03-12 22:58:54,37.7,21.776,37.6118,37.7881,21.8433,21.709,37.8,55,87.58044099837953
2026-03-12 22:58:54,37.69,21.843,37.5715,37.8082,21.8997,21.7853,37.8,55,94.00792579441054
2026-03-12 22:58:54,37.71,21.826,37.632,37.7881,21.8936,21.7578,37.8,55,89.44968342285287
2026-03-12 22:58:54,37.74,21.817,37.6722,37.8082,21.886,21.7487,37.8,55,82.53408232261548
2026-03-12 22:58:55,37.71,21.82,37.5917,37.8283,21.9135,21.7258,37.8,55,95.08389876574002
2026-03-12 22:58:55,37.71,21.862,37.5715,37.8485,21.8997,21.825,37.8,55,95.72740305130219
2026-03-12 22:58:55,37.66,21.857,37.5715,37.7478,21.912,21.8021,37.8,55,100
2026-03-12 22:58:55,37.67,21.852,37.5715,37.7679,21.9364,21.7685,37.8,55,100
2026-03-12 22:58:56,37.65,21.85,37.5715,37.7276,21.9364,21.7639,37.8,55,100
2026-03-12 22:58:56,37.7,21.867,37.6521,37.7478,21.9074,21.8265,37.8,55,100
2026-03-12 22:58:56,37.7,21.825,37.6118,37.7881,21.8799,21.77,37.8,55,100
2026-03-12 22:58:56,37.68,21.872,37.5514,37.8082,21.9089,21.8341,37.8,55,100
2026-03-12 22:58:57,37.71,21.857,37.6118,37.8082,21.9165,21.7975,37.8,55,100
2026-03-12 22:58:57,37.65,21.837,37.5514,37.7478,21.8967,21.7777,37.8,55,100
2026-03-12 22:58:57,37.67,21.846,37.5917,37.7478,21.9257,21.7655,37.8,55,100
2026-03-12 22:58:58,37.67,21.833,37.5514,37.7881,21.9089,21.7578,37.8,55,100
2026-03-12 22:58:58,37.69,21.867,37.6118,37.7679,21.9287,21.8051,37.8,55,100
2026-03-12 22:58:58,37.67,21.852,37.5715,37.7679,21.912,21.7929,37.8,55,100
2026-03-12 22:58:58,37.71,21.838,37.5917,37.8283,21.9013,21.7746,37.8,55,100
2026-03-12 22:58:59,37.69,21.848,37.5917,37.7881,21.9379,21.7578,37.8,55,100
2026-03-12 22:58:59,37.73,21.846,37.6521,37.8082,21.944,21.7487,37.8,55,100
2026-03-12 22:58:59,37.71,21.875,37.6521,37.7679,21.9684,21.7807,37.8,55,100
2026-03-12 22:58:59,37.7,21.861,37.5514,37.8485,21.9455,21.7762,37.8,55,100
2026-03-12 22:59:00,37.68,21.841,37.5715,37.7881,21.8997,21.7823,37.8,55,100
2026-03-12 22:59:00,37.74,21.853,37.6521,37.8283,21.9196,21.7868,37.8,55,100
2026-03-12 22:59:00,37.7,21.849,37.6118,37.7881,21.9043,21.7945,37.8,55,100
2026-03-12 22:59:00,37.69,21.843,37.6118,37.7679,21.9287,21.7563,37.8,55,100
2026-03-12 22:59:01,37.68,21.798,37.6118,37.7478,21.8799,21.7166,37.8,55,100
2026-03-12 22:59:01,37.7,21.831,37.6118,37.7881,21.9043,21.7578,37.8,55,100
2026-03-12 22:59:01,37.67,21.846,37.6118,37.7276,21.8677,21.825,37.8,55,100
2026-03-12 22:59:01,37.73,21.84,37.6924,37.7679,21.9364,21.7441,37.8,55,100
2026-03-12 22:59:02,37.69,21.817,37.632,37.7478,21.9059,21.7288,37.8,55,100
2026-03-12 22:59:02,37.72,21.833,37.632,37.8082,21.8814,21.7853,37.8,55,100
2026-03-12 22:59:02,37.72,21.851,37.6521,37.7881,21.9318,21.77,37.8,55,100
2026-03-12 22:59:03,37.73,21.816,37.6722,37.7881,21.886,21.7456,37.8,55,100
2026-03-12 22:59:03,37.71,21.82,37.632,37.7881,21.8936,21.7456,37.8,55,100
2026-03-12 22:59:03,37.71,21.807,37.632,37.7881,21.857,21.7578,37.8,55,100
2026-03-12 22:59:03,37.71,21.801,37.632,37.7881,21.857,21.7456,37.8,55,100
2026-03-12 22:59:04,37.71,21.801,37.5917,37.8283,21.8524,21.7502,37.8,55,100
2026-03-12 22:59:04,37.73,21.804,37.7125,37.7478,21.8296,21.7777,37.8,55,100
2026-03-12 22:59:04,37.7,21.807,37.5917,37.8082,21.8402,21.7731,37.8,55,100
2026-03-12 22:59:04,37.74,21.786,37.6924,37.7881,21.8265,21.7456,37.8,55,100
2026-03-12 22:59:05,37.69,21.799,37.6521,37.7276,21.8341,21.7639,37.8,55,100
2026-03-12 22:59:05,37.75,21.799,37.6521,37.8485,21.8341,21.7639,37.8,55,100
2026-03-12 22:59:05,37.75,21.806,37.7327,37.7679,21.8311,21.7807,37.8,55,100
2026-03-12 22:59:05,37.77,21.845,37.7125,37.8283,21.854,21.8357,37.8,55,100
2026-03-12 22:59:06,37.72,21.796,37.6924,37.7478,21.8265,21.7655,37.8,55,100
2026-03-12 22:59:06,37.73,21.791,37.6924,37.7679,21.8143,21.7685,37.8,55,100
2026-03-12 22:59:06,37.76,21.788,37.7327,37.7881,21.8433,21.7334,37.8,55,100
2026-03-12 22:59:06,37.76,21.777,37.7528,37.7679,21.8097,21.7441,37.8,55,100
2026-03-12 22:59:07,37.75,21.781,37.6924,37.8082,21.8265,21.7365,37.8,55,100
2026-03-12 22:59:07,37.74,21.762,37.6924,37.7881,21.8143,21.709,37.8,55,100
2026-03-12 22:59:07,37.73,21.773,37.6924,37.7679,21.8021,21.7441,37.8,55,100
2026-03-12 22:59:08,37.75,21.733,37.7528,37.7478,21.7365,21.7288,37.8,55,100
2026-03-12 22:59:08,37.78,21.748,37.7327,37.8283,21.77,21.7258,37.8,55,100
2026-03-12 22:59:08,37.77,21.772,37.7729,37.7679,21.8112,21.7319,37.8,55,100
2026-03-12 22:59:08,37.76,21.758,37.6722,37.8485,21.7517,21.7639,37.8,55,100
2026-03-12 22:59:09,37.76,21.788,37.6924,37.8283,21.7777,21.799,37.8,55,100
2026-03-12 22:59:09,37.78,21.767,37.7528,37.8082,21.7731,21.7609,37.8,55,100
2026-03-12 22:59:09,37.76,21.789,37.7528,37.7679,21.7609,21.8173,37.8,55,100
2026-03-12 22:59:09,37.791,21.773,37.7931,37.7881,21.7884,21.7578,37.8,55,100
2026-03-12 22:59:10,37.71,21.734,37.6924,37.7276,21.7655,21.7029,37.8,55,100
2026-03-12 22:59:10,37.77,21.778,37.7125,37.8283,21.7441,21.8112,37.8,55,100
2026-03-12 22:59:10,37.76,21.733,37.7327,37.7881,21.7578,21.709,37.8,55,100
2026-03-12 22:59:10,37.791,21.761,37.7931,37.7881,21.8006,21.7212,37.8,55,100
2026-03-12 22:59:11,37.811,21.745,37.7729,37.8485,21.7502,21.7395,37.8,55,95.98126167671616
2026-03-12 22:59:11,37.791,21.743,37.7931,37.7881,21.7517,21.7334,37.8,55,100
2026-03-12 22:59:11,37.841,21.724,37.8535,37.8283,21.7594,21.6892,37.8,55,86.09915709531532
2026-03-12 22:59:11,37.801,21.646,37.7931,37.8082,21.6419,21.651,37.8,55,100
2026-03-12 22:59:12,37.831,21.711,37.8535,37.8082,21.7227,21.6999,37.8,55,88.89754187079089
2026-03-12 22:59:12,37.801,21.72,37.7931,37.8082,21.7151,21.7243,37.8,55,99.41275903386523
2026-03-12 22:59:12,37.831,21.693,37.8535,37.8082,21.6617,21.7243,37.8,55,88.18236251770698
2026-03-12 22:59:13,37.851,21.707,37.8737,37.8283,21.6999,21.7136,37.8,55,82.29719972295405
2026-03-12 22:59:13,37.861,21.684,37.8535,37.8686,21.6739,21.6938,37.8,55,78.7905202881432
2026-03-12 22:59:13,37.881,21.68,37.8938,37.8686,21.6541,21.706,37.8,55,71.32405682422238
2026-03-12 22:59:13,37.871,21.66,37.8535,37.8888,21.6251,21.6953,37.8,55,73.7067536336278
2026-03-12 22:59:14,37.871,21.685,37.8938,37.8485,21.6419,21.7273,37.8,55,71.6636603756194
2026-03-12 22:59:14,37.962,21.664,38.0348,37.8888,21.6449,21.6831,37.8,55,40.22962135224674
2026-03-12 22:59:14,37.881,21.674,37.8938,37.8686,21.6175,21.7304,37.8,55,67.33259574468535
2026-03-12 22:59:14,37.891,21.675,37.8938,37.8888,21.6419,21.7075,37.8,55,58.54584183886725
2026-03-12 22:59:15,37.881,21.673,37.8737,37.8888,21.6144,21.7319,37.8,55,60.24859497286755
2026-03-12 22:59:15,37.921,21.672,37.9542,37.8888,21.6358,21.7075,37.8,55,44.86225038550969
2026-03-12 22:59:15,37.952,21.632,37.9744,37.929,21.5885,21.6754,37.8,55,33.815328713374484
2026-03-12 22:59:15,37.901,21.645,37.9139,37.8888,21.619,21.6709,37.8,55,48.55915808464697
2026-03-12 22:59:16,37.911,21.622,37.9341,37.8888,21.5732,21.6709,37.8,55,40.69455738027003
2026-03-12 22:59:16,37.921,21.605,37.9341,37.9089,21.5488,21.6617,37.8,55,35.38950209328379
2026-03-12 22:59:16,37.891,21.614,37.8938,37.8888,21.5808,21.6464,37.8,55,42.97900906222429
2026-03-12 22:59:16,37.921,21.617,37.9341,37.9089,21.5732,21.6617,37.8,55,29.73692744727442
2026-03-12 22:59:17,37.942,21.589,37.9341,37.9492,21.5244,21.6541,37.8,55,21.49275081821675
2026-03-12 22:59:17,37.901,21.608,37.9744,37.8283,21.564,21.6526,37.8,55,32.71238915026507
2026-03-12 22:59:17,37.992,21.582,38.0348,37.9492,21.5351,21.6297,37.8,55,0
2026-03-12 22:59:18,37.901,21.572,37.9744,37.8283,21.5274,21.6159,37.8,55,28.440892838453546
2026-03-12 22:59:18,37.921,21.586,37.9744,37.8686,21.5152,21.6571,37.8,55,15.471184154240088
2026-03-12 22:59:18,37.972,21.592,37.9945,37.9492,21.5305,21.6541,37.8,55,0
2026-03-12 22:59:18,37.901,21.602,37.9744,37.8283,21.4908,21.7136,37.8,55,18.715713918108815
2026-03-12 22:59:19,37.911,21.567,37.9341,37.8888,21.5,21.6342,37.8,55,9.938726063146667
2026-03-12 22:59:19,37.911,21.573,37.9341,37.8888,21.4878,21.6587,37.8,55,7.910426057412117
2026-03-12 22:59:19,37.982,21.569,38.0146,37.9492,21.471,21.6663,37.8,55,0
2026-03-12 22:59:19,37.972,21.525,37.9945,37.9492,21.3596,21.6907,37.8,55,0
2026-03-12 22:59:20,37.942,21.448,37.9542,37.929,21.294,21.6022,37.8,55,0
2026-03-12 22:59:20,37.911,21.469,37.9744,37.8485,21.3443,21.593,37.8,55,0
2026-03-12 22:59:20,37.982,21.483,38.0146,37.9492,21.3733,21.593,37.8,55,0
2026-03-12 22:59:20,38.042,21.508,38.0751,38.0096,21.3687,21.648,37.8,55,0
2026-03-12 22:59:21,37.992,21.484,38.0549,37.929,21.3779,21.59,37.8,55,0
2026-03-12 22:59:21,38.073,21.493,38.1355,38.0096,21.3748,21.6114,37.8,55,0
2026-03-12 22:59:21,37.982,21.489,38.0348,37.929,21.3886,21.59,37.8,55,0
2026-03-12 22:59:21,37.982,21.416,37.9744,37.9895,21.2222,21.6098,37.8,55,0
2026-03-12 22:59:22,37.992,21.448,38.0751,37.9089,21.3077,21.5885,37.8,55,0
2026-03-12 22:59:22,38.002,21.467,38.0348,37.9693,21.3031,21.6312,37.8,55,0
2026-03-12 22:59:22,38.032,21.47,38.0348,38.0298,21.3153,21.6251,37.8,55,0
2026-03-12 22:59:23,38.012,21.45,38.0751,37.9492,21.3077,21.593,37.8,55,0
2026-03-12 22:59:23,38.042,21.441,38.1355,37.9492,21.326,21.5564,37.8,55,0
2026-03-12 22:59:23,37.942,21.448,37.9945,37.8888,21.2863,21.6098,37.8,55,0
2026-03-12 22:59:23,38.042,21.459,38.1154,37.9693,21.3352,21.5824,37.8,55,0
2026-03-12 22:59:24,38.042,21.453,38.1154,37.9693,21.3596,21.5457,37.8,55,0
2026-03-12 22:59:24,38.012,21.419,38.0952,37.929,21.3092,21.529,37.8,55,0
2026-03-12 22:59:24,38.073,21.469,38.1355,38.0096,21.3504,21.5869,37.8,55,0
2026-03-12 22:59:24,38.062,21.455,38.1154,38.0096,21.3107,21.5991,37.8,55,0
2026-03-12 22:59:25,38.052,21.454,38.1154,37.9895,21.323,21.5854,37.8,55,0
2026-03-12 22:59:25,38.032,21.452,38.1355,37.929,21.3504,21.5534,37.8,55,0
2026-03-12 22:59:25,38.062,21.449,38.0952,38.0298,21.297,21.6007,37.8,55,0
2026-03-12 22:59:25,38.062,21.443,38.1556,37.9693,21.3397,21.5457,37.8,55,0
2026-03-12 22:59:26,38.103,21.411,38.1556,38.0499,21.2909,21.5305,37.8,55,0
2026-03-12 22:59:26,38.002,21.4,38.0751,37.929,21.3077,21.4923,37.8,55,0
2026-03-12 22:59:26,38.032,21.421,38.0952,37.9693,21.3336,21.5091,37.8,55,0
2026-03-12 22:59:26,38.083,21.421,38.1154,38.0499,21.3107,21.5305,37.8,55,0
2026-03-12 22:59:27,38.052,21.399,38.1154,37.9895,21.3107,21.4878,37.8,55,0
2026-03-12 22:59:27,38.103,21.405,38.1959,38.0096,21.3077,21.5015,37.8,55,0
2026-03-12 22:59:27,38.123,21.395,38.1556,38.0902,21.2787,21.5106,37.8,55,0
2026-03-12 22:59:28,38.103,21.435,38.1355,38.07,21.3138,21.5564,37.8,55,0
2026-03-12 22:59:28,38.093,21.422,38.1355,38.0499,21.2894,21.5549,37.8,55,0
2026-03-12 22:59:28,38.123,21.413,38.1758,38.07,21.2573,21.5686,37.8,55,0
2026-03-12 22:59:28,38.073,21.419,38.1154,38.0298,21.2619,21.5763,37.8,55,0
2026-03-12 22:59:29,38.062,21.389,38.1355,37.9895,21.2528,21.5244,37.8,55,0
2026-03-12 22:59:29,38.073,21.438,38.1556,37.9895,21.2665,21.6098,37.8,55,0
2026-03-12 22:59:29,38.103,21.38,38.1556,38.0499,21.2665,21.4939,37.8,55,0
2026-03-12 22:59:29,38.093,21.324,38.1556,38.0298,21.1444,21.503,37.8,55,0
2026-03-12 22:59:30,38.113,21.339,38.2161,38.0096,21.2131,21.4649,37.8,55,0
2026-03-12 22:59:30,38.113,21.357,38.1959,38.0298,21.2222,21.4908,37.8,55,0
2026-03-12 22:59:30,38.103,21.301,38.1556,38.0499,21.1444,21.4572,37.8,55,0
2026-03-12 22:59:30,38.113,21.332,38.1556,38.07,21.1688,21.4954,37.8,55,0
2026-03-12 22:59:31,38.073,21.321,38.1154,38.0298,21.1765,21.4664,37.8,55,0
2026-03-12 22:59:31,38.042,21.324,38.1154,37.9693,21.2009,21.4481,37.8,55,0
2026-03-12 22:59:31,38.133,21.335,38.2161,38.0499,21.2253,21.445,37.8,55,0
2026-03-12 22:59:31,38.133,21.347,38.2362,38.0298,21.239,21.4542,37.8,55,0
2026-03-12 22:59:32,38.113,21.339,38.1355,38.0902,21.2039,21.474,37.8,55,0
2026-03-12 22:59:32,38.123,21.364,38.1959,38.0499,21.2589,21.4694,37.8,55,0
2026-03-12 22:59:32,38.073,21.334,38.0952,38.0499,21.1872,21.4817,37.8,55,0
2026-03-12 22:59:33,38.123,21.315,38.1758,38.07,21.1841,21.4466,37.8,55,0
2026-03-12 22:59:33,38.123,21.334,38.1758,38.07,21.2329,21.4343,37.8,55,0
2026-03-12 22:59:33,38.113,21.345,38.1758,38.0499,21.2085,21.4817,37.8,55,0
2026-03-12 22:59:33,38.123,21.352,38.1959,38.0499,21.1856,21.5183,37.8,55,0
2026-03-12 22:59:34,38.123,21.364,38.1758,38.07,21.2085,21.5198,37.8,55,0
2026-03-12 22:59:34,38.123,21.328,38.1758,38.07,21.1963,21.4588,37.8,55,0
2026-03-12 22:59:34,38.083,21.317,38.1355,38.0298,21.1917,21.442,37.8,55,0
2026-03-12 22:59:34,38.163,21.363,38.1959,38.1305,21.2345,21.4908,37.8,55,0
2026-03-12 22:59:35,38.173,21.363,38.2966,38.0499,21.2451,21.4817,37.8,55,0
2026-03-12 22:59:35,38.173,21.334,38.2564,38.0902,21.2177,21.4496,37.8,55,0
2026-03-12 22:59:35,38.133,21.335,38.2765,37.9895,21.2436,21.4267,37.8,55,0
2026-03-12 22:59:35,38.163,21.308,38.1959,38.1305,21.1856,21.4298,37.8,55,0
2026-03-12 22:59:36,38.173,21.37,38.2564,38.0902,21.2421,21.4984,37.8,55,0
2026-03-12 22:59:36,38.123,21.309,38.2161,38.0298,21.2131,21.4054,37.8,55,0
2026-03-12 22:59:36,38.153,21.319,38.2161,38.0902,21.2497,21.3886,37.8,55,0
2026-03-12 22:59:36,38.153,21.331,38.2161,38.0902,21.2131,21.4496,37.8,55,0
2026-03-12 22:59:37,38.203,21.342,38.2966,38.1103,21.2451,21.4389,37.8,55,0
2026-03-12 22:59:37,38.123,21.303,38.1959,38.0499,21.1856,21.4206,37.8,55,0
2026-03-12 22:59:37,38.203,21.318,38.2362,38.1707,21.2024,21.4328,37.8,55,0
2026-03-12 22:59:38,38.143,21.312,38.1959,38.0902,21.1856,21.4374,37.8,55,0
2026-03-12 22:59:38,38.193,21.305,38.2362,38.1506,21.178,21.4313,37.8,55,0
2026-03-12 22:59:38,38.163,21.295,38.1959,38.1305,21.1734,21.4176,37.8,55,0
2026-03-12 22:59:38,38.163,21.283,38.2362,38.0902,21.178,21.3886,37.8,55,0
2026-03-12 22:59:39,38.133,21.279,38.1959,38.07,21.1612,21.3977,37.8,55,0
2026-03-12 22:59:39,38.143,21.305,38.2161,38.07,21.2009,21.4099,37.8,55,0
2026-03-12 22:59:39,38.143,21.293,38.2362,38.0499,21.2146,21.3718,37.8,55,0
2026-03-12 22:59:39,38.173,21.272,38.2362,38.1103,21.1658,21.3779,37.8,55,0
2026-03-12 22:59:40,38.183,21.286,38.2765,38.0902,21.1948,21.3764,37.8,55,0
2026-03-12 22:59:40,38.224,21.295,38.2966,38.1506,21.2329,21.3581,37.8,55,0
2026-03-12 22:59:40,38.183,21.31,38.2362,38.1305,21.2146,21.4054,37.8,55,0
2026-03-12 22:59:40,38.153,21.306,38.1959,38.1103,21.21,21.4023,37.8,55,0
2026-03-12 22:59:41,38.113,21.272,38.1355,38.0902,21.1429,21.4008,37.8,55,0
2026-03-12 22:59:41,38.163,21.32,38.1959,38.1305,21.2222,21.4176,37.8,55,0
2026-03-12 22:59:41,38.153,21.295,38.2161,38.0902,21.1765,21.413,37.8,55,0
2026-03-12 22:59:41,38.143,21.312,38.1959,38.0902,21.21,21.413,37.8,55,0
2026-03-12 22:59:42,38.143,21.293,38.2161,38.07,21.1887,21.3977,37.8,55,0
2026-03-12 22:59:42,38.173,21.308,38.2362,38.1103,21.178,21.4389,37.8,55,0
2026-03-12 22:59:42,38.163,21.314,38.1959,38.1305,21.21,21.4176,37.8,55,0
2026-03-12 22:59:43,38.193,21.317,38.2765,38.1103,21.1826,21.4511,37.8,55,0
2026-03-12 22:59:43,38.163,21.283,38.2362,38.0902,21.1902,21.3764,37.8,55,0
2026-03-12 22:59:43,38.153,21.27,38.1758,38.1305,21.1597,21.3809,37.8,55,0
2026-03-12 22:59:43,38.123,21.291,38.1355,38.1103,21.1795,21.4023,37.8,55,0
2026-03-12 22:59:44,38.062,21.272,38.1556,37.9693,21.1688,21.3748,37.8,55,0
2026-03-12 22:59:44,38.193,21.275,38.2564,38.1305,21.181,21.3687,37.8,55,0
2026-03-12 22:59:44,38.163,21.295,38.1959,38.1305,21.21,21.3809,37.8,55,0
2026-03-12 22:59:44,38.173,21.302,38.2362,38.1103,21.2146,21.3901,37.8,55,0
2026-03-12 22:59:45,38.123,21.291,38.1556,38.0902,21.2055,21.3764,37.8,55,0
2026-03-12 22:59:45,38.123,21.291,38.1556,38.0902,21.1933,21.3886,37.8,55,0
2026-03-12 22:59:45,38.153,21.295,38.2161,38.0902,21.1887,21.4008,37.8,55,0
2026-03-12 22:59:45,38.163,21.271,38.1959,38.1305,21.1612,21.3809,37.8,55,0
2026-03-12 22:59:46,38.193,21.269,38.2564,38.1305,21.1566,21.3809,37.8,55,0
2026-03-12 22:59:46,38.143,21.33,38.1758,38.1103,21.2329,21.4267,37.8,55,0
2026-03-12 22:59:46,38.163,21.289,38.2362,38.0902,21.2024,21.3764,37.8,55,0
2026-03-12 22:59:46,38.153,21.289,38.2161,38.0902,21.2131,21.3642,37.8,55,0
2026-03-12 22:59:47,38.143,21.312,38.1758,38.1103,21.2207,21.4023,37.8,55,0
2026-03-12 22:59:47,38.183,21.322,38.2161,38.1506,21.2131,21.4313,37.8,55,0
2026-03-12 22:59:47,38.163,21.295,38.1758,38.1506,21.1597,21.4313,37.8,55,0
2026-03-12 22:59:48,38.123,21.309,38.1355,38.1103,21.2039,21.4145,37.8,55,0
2026-03-12 22:59:48,38.153,21.325,38.2161,38.0902,21.2131,21.4374,37.8,55,0
2026-03-12 22:59:48,38.163,21.302,38.2161,38.1103,21.2131,21.3901,37.8,55,0
2026-03-12 22:59:48,38.153,21.27,38.1556,38.1506,21.181,21.3581,37.8,55,0
2026-03-12 22:59:49,38.163,21.326,38.2161,38.1103,21.2497,21.4023,37.8,55,0
2026-03-12 22:59:49,38.143,21.299,38.1556,38.1305,21.2055,21.3931,37.8,55,0
2026-03-12 22:59:49,38.153,21.324,38.1959,38.1103,21.2345,21.4145,37.8,55,0
2026-03-12 22:59:49,38.163,21.314,38.1758,38.1506,21.2207,21.4069,37.8,55,0
2026-03-12 22:59:50,38.133,21.353,38.1556,38.1103,21.2665,21.4389,37.8,55,0
2026-03-12 22:59:50,38.214,21.331,38.2564,38.1707,21.2299,21.4328,37.8,55,0
2026-03-12 22:59:50,38.153,21.312,38.1959,38.1103,21.2467,21.3779,37.8,55,0
2026-03-12 22:59:50,38.133,21.298,38.1556,38.1103,21.2421,21.3535,37.8,55,0
2026-03-12 22:59:51,38.133,21.322,38.1959,38.07,21.2345,21.4099,37.8,55,0
2026-03-12 22:59:51,38.073,21.298,38.0952,38.0499,21.236,21.3596,37.8,55,0
2026-03-12 22:59:51,38.133,21.322,38.1154,38.1506,21.2253,21.4191,37.8,55,0
2026-03-12 22:59:51,38.153,21.38,38.1758,38.1305,21.2696,21.4908,37.8,55,0
2026-03-12 22:59:52,38.163,21.326,38.1758,38.1506,21.2207,21.4313,37.8,55,0
2026-03-12 22:59:52,38.123,21.352,38.1758,38.07,21.2329,21.471,37.8,55,0
2026-03-12 22:59:52,38.123,21.346,38.1556,38.0902,21.2665,21.4252,37.8,55,0
2026-03-12 22:59:53,38.133,21.372,38.1758,38.0902,21.2818,21.4618,37.8,55,0
2026-03-12 22:59:53,38.173,21.351,38.1758,38.1707,21.2818,21.4206,37.8,55,0
2026-03-12 22:59:53,38.083,21.336,38.0751,38.0902,21.2711,21.4008,37.8,55,0
2026-03-12 22:59:53,38.113,21.344,38.1556,38.07,21.2787,21.4099,37.8,55,0
2026-03-12 22:59:54,38.113,21.333,38.1355,38.0902,21.265,21.4008,37.8,55,0
2026-03-12 22:59:54,38.103,21.325,38.0952,38.1103,21.2604,21.3901,37.8,55,0
2026-03-12 22:59:54,38.173,21.351,38.1758,38.1707,21.3062,21.3962,37.8,55,0
2026-03-12 22:59:54,38.083,21.347,38.1355,38.0298,21.2894,21.4054,37.8,55,0
2026-03-12 22:59:55,38.083,21.323,38.0952,38.07,21.2726,21.3733,37.8,55,0
2026-03-12 22:59:55,38.133,21.334,38.0952,38.1707,21.2726,21.3962,37.8,55,0
2026-03-12 22:59:55,38.123,21.328,38.0952,38.1506,21.2726,21.3825,37.8,55,0
2026-03-12 22:59:55,38.163,21.332,38.2161,38.1103,21.2863,21.3779,37.8,55,0
2026-03-12 22:59:56,38.133,21.329,38.1758,38.0902,21.2451,21.413,37.8,55,0
2026-03-12 22:59:56,38.123,21.309,38.1758,38.07,21.2573,21.3611,37.8,55,0
2026-03-12 22:59:56,38.052,21.32,38.0549,38.0499,21.268,21.3718,37.8,55,0
2026-03-12 22:59:56,38.123,21.346,38.1758,38.07,21.2818,21.4099,37.8,55,0
2026-03-12 22:59:57,38.083,21.335,38.1154,38.0499,21.2985,21.3718,37.8,55,0
2026-03-12 22:59:57,38.133,21.347,38.1556,38.1103,21.3031,21.3901,37.8,55,0
2026-03-12 22:59:57,38.093,21.386,38.0549,38.1305,21.3535,21.4176,37.8,55,0
2026-03-12 22:59:58,38.093,21.403,38.1154,38.07,21.3352,21.471,37.8,55,0
2026-03-12 22:59:58,38.113,21.381,38.1154,38.1103,21.323,21.4389,37.8,55,0
2026-03-12 22:59:58,38.062,21.37,38.0751,38.0499,21.3321,21.4084,37.8,55,0
2026-03-12 22:59:58,38.062,21.357,38.1154,38.0096,21.3107,21.4038,37.8,55,0
2026-03-12 22:59:59,38.133,21.371,38.1556,38.1103,21.3275,21.4145,37.8,55,0
2026-03-12 22:59:59,38.093,21.361,38.0549,38.1305,21.3046,21.4176,37.8,55,0
2026-03-12 22:59:59,38.093,21.348,38.1154,38.07,21.323,21.3733,37.8,55,0
2026-03-12 22:59:59,38.062,21.369,38.0549,38.07,21.3169,21.4221,37.8,55,0
2026-03-12 23:00:00,38.143,21.385,38.0952,38.1909,21.3336,21.4359,37.8,55,0
2026-03-12 23:00:00,38.103,21.344,38.0952,38.1103,21.3092,21.3779,37.8,55,0
2026-03-12 23:00:00,38.123,21.364,38.1556,38.0902,21.3519,21.3764,37.8,55,0
2026-03-12 23:00:00,38.073,21.34,38.1154,38.0298,21.3352,21.3443,37.8,55,0
2026-03-12 23:00:01,38.103,21.38,38.0952,38.1103,21.3458,21.4145,37.8,55,0
2026-03-12 23:00:01,38.052,21.338,38.0348,38.07,21.3031,21.3733,37.8,55,0
2026-03-12 23:00:01,38.073,21.359,38.0549,38.0902,21.3046,21.413,37.8,55,0
2026-03-12 23:00:01,38.073,21.346,38.1154,38.0298,21.3107,21.3809,37.8,55,0
2026-03-12 23:00:02,38.103,21.375,38.0751,38.1305,21.3077,21.442,37.8,55,0
2026-03-12 23:00:02,38.073,21.377,38.0549,38.0902,21.3657,21.3886,37.8,55,0
2026-03-12 23:00:02,38.073,21.377,38.0751,38.07,21.3321,21.4221,37.8,55,0
2026-03-12 23:00:03,38.042,21.38,38.0348,38.0499,21.3397,21.4206,37.8,55,0
2026-03-12 23:00:03,38.083,21.39,38.0952,38.07,21.3581,21.4221,37.8,55,0
2026-03-12 23:00:03,38.062,21.388,38.0952,38.0298,21.3458,21.4298,37.8,55,0
2026-03-12 23:00:03,38.042,21.35,38.0751,38.0096,21.3321,21.3672,37.8,55,0
2026-03-12 23:00:04,38.103,21.362,38.0952,38.1103,21.3092,21.4145,37.8,55,0
2026-03-12 23:00:04,38.093,21.379,38.0751,38.1103,21.3443,21.4145,37.8,55,0
2026-03-12 23:00:04,38.042,21.361,38.0146,38.07,21.3245,21.3977,37.8,55,0
2026-03-12 23:00:04,38.032,21.366,38.0549,38.0096,21.3657,21.3672,37.8,55,0
2026-03-12 23:00:05,38.062,21.406,38.0146,38.1103,21.3855,21.4267,37.8,55,0
2026-03-12 23:00:05,38.042,21.41,38.0549,38.0298,21.4023,21.4176,37.8,55,0
2026-03-12 23:00:05,38.012,21.431,38.0146,38.0096,21.4099,21.4527,37.8,55,0
2026-03-12 23:00:05,38.113,21.412,38.0751,38.1506,21.3687,21.4557,37.8,55,0
2026-03-12 23:00:06,38.002,21.393,37.9744,38.0298,21.3931,21.3931,37.8,55,0
2026-03-12 23:00:06,38.042,21.411,38.0751,38.0096,21.3687,21.4527,37.8,55,0
2026-03-12 23:00:06,38.042,21.398,37.9945,38.0902,21.384,21.413,37.8,55,0
2026-03-12 23:00:06,38.062,21.418,38.0549,38.07,21.4023,21.4343,37.8,55,0
2026-03-12 23:00:07,38.032,21.403,37.9945,38.07,21.384,21.4221,37.8,55,0
2026-03-12 23:00:07,38.083,21.427,38.0549,38.1103,21.4145,21.4389,37.8,55,0
2026-03-12 23:00:07,38.062,21.437,38.0549,38.07,21.4511,21.4221,37.8,55,0
2026-03-12 23:00:08,38.032,21.421,38.0348,38.0298,21.413,21.4298,37.8,55,0
2026-03-12 23:00:08,37.982,21.416,37.9341,38.0298,21.4023,21.4298,37.8,55,0
2026-03-12 23:00:08,38.042,21.398,38.0146,38.07,21.3489,21.4466,37.8,55,0
2026-03-12 23:00:08,38.062,21.395,38.0751,38.0499,21.3565,21.4328,37.8,55,0
2026-03-12 23:00:09,38.012,21.401,37.9744,38.0499,21.3809,21.4206,37.8,55,0
2026-03-12 23:00:09,38.052,21.418,38.0146,38.0902,21.4099,21.4252,37.8,55,0
2026-03-12 23:00:09,38.032,21.415,38.0146,38.0499,21.3855,21.445,37.8,55,0
2026-03-12 23:00:09,38.042,21.405,38.0348,38.0499,21.3886,21.4206,37.8,55,0
2026-03-12 23:00:10,38.022,21.415,37.9945,38.0499,21.3962,21.4328,37.8,55,0
2026-03-12 23:00:10,38.002,21.437,37.9341,38.07,21.4145,21.4588,37.8,55,0
2026-03-12 23:00:10,38.002,21.418,37.9945,38.0096,21.4206,21.416,37.8,55,0
2026-03-12 23:00:10,38.052,21.442,38.0146,38.0902,21.4099,21.474,37.8,55,0
2026-03-12 23:00:11,38.022,21.432,38.0146,38.0298,21.4343,21.4298,37.8,55,0
2026-03-12 23:00:11,37.962,21.432,37.9139,38.0096,21.4359,21.4282,37.8,55,0
2026-03-12 23:00:11,38.032,21.464,37.9744,38.0902,21.4298,21.4984,37.8,55,0
2026-03-12 23:00:11,37.992,21.453,37.9542,38.0298,21.4282,21.4786,37.8,55,0
2026-03-12 23:00:12,37.982,21.459,37.9542,38.0096,21.4282,21.4893,37.8,55,0
2026-03-12 23:00:12,37.972,21.44,37.9542,37.9895,21.4649,21.4145,37.8,55,0
2026-03-12 23:00:12,38.012,21.462,37.9744,38.0499,21.4664,21.4572,37.8,55,0
2026-03-12 23:00:13,38.022,21.433,37.9945,38.0499,21.445,21.4206,37.8,55,0
2026-03-12 23:00:13,37.992,21.441,37.9542,38.0298,21.4649,21.4176,37.8,55,0
2026-03-12 23:00:13,37.952,21.37,37.9341,37.9693,21.3169,21.4237,37.8,55,0
2026-03-12 23:00:13,37.992,21.429,37.9139,38.07,21.3748,21.4832,37.8,55,0
2026-03-12 23:00:14,37.992,21.46,37.9542,38.0298,21.416,21.503,37.8,55,0
2026-03-12 23:00:14,37.932,21.466,37.8737,37.9895,21.4191,21.5122,37.8,55,0
2026-03-12 23:00:14,37.982,21.477,37.9744,37.9895,21.4664,21.4878,37.8,55,0
2026-03-12 23:00:14,37.962,21.414,37.8938,38.0298,21.4099,21.4176,37.8,55,0
2026-03-12 23:00:15,37.992,21.386,37.9139,38.07,21.3626,21.4099,37.8,55,0
2026-03-12 23:00:15,37.932,21.405,37.8737,37.9895,21.3458,21.4633,37.8,55,0
2026-03-12 23:00:15,37.921,21.44,37.8132,38.0298,21.3886,21.4908,37.8,55,0
2026-03-12 23:00:15,37.962,21.421,37.9341,37.9895,21.4023,21.4389,37.8,55,0
2026-03-12 23:00:16,37.942,21.424,37.8938,37.9895,21.3733,21.4755,37.8,55,0
2026-03-12 23:00:16,37.932,21.368,37.8535,38.0096,21.2711,21.4649,37.8,55,0
2026-03-12 23:00:16,37.942,21.393,37.8737,38.0096,21.3581,21.4282,37.8,55,0
2026-03-12 23:00:16,37.972,21.44,37.9341,38.0096,21.4145,21.4649,37.8,55,0
2026-03-12 23:00:17,37.942,21.442,37.8535,38.0298,21.442,21.442,37.8,55,0
2026-03-12 23:00:17,37.992,21.447,37.9542,38.0298,21.4527,21.442,37.8,55,0
2026-03-12 23:00:17,37.962,21.469,37.8938,38.0298,21.4832,21.4542,37.8,55,0
2026-03-12 23:00:18,37.942,21.503,37.9542,37.929,21.5137,21.4923,37.8,55,0
2026-03-12 23:00:18,37.962,21.518,37.8938,38.0298,21.532,21.503,37.8,55,0
2026-03-12 23:00:18,37.911,21.518,37.8737,37.9492,21.5412,21.4954,37.8,55,0
2026-03-12 23:00:18,37.921,21.525,37.9139,37.929,21.5579,21.4923,37.8,55,0
2026-03-12 23:00:19,37.952,21.534,37.8737,38.0298,21.5412,21.5274,37.8,55,0
2026-03-12 23:00:19,37.911,21.549,37.8535,37.9693,21.5885,21.5091,37.8,55,0
2026-03-12 23:00:19,37.972,21.592,37.8938,38.0499,21.6052,21.5793,37.8,55,0
2026-03-12 23:00:19,37.932,21.527,37.8737,37.9895,21.5412,21.5122,37.8,55,0
2026-03-12 23:00:20,37.942,21.522,37.8938,37.9895,21.5564,21.4878,37.8,55,0
2026-03-12 23:00:20,37.972,21.556,37.9341,38.0096,21.561,21.5503,37.8,55,0
2026-03-12 23:00:20,37.942,21.546,37.8334,38.0499,21.5732,21.5183,37.8,55,0
2026-03-12 23:00:20,37.932,21.533,37.8737,37.9895,21.5656,21.5,37.8,55,0
2026-03-12 23:00:21,37.911,21.56,37.7931,38.0298,21.5808,21.5396,37.8,55,0
2026-03-12 23:00:21,37.881,21.54,37.7729,37.9895,21.5915,21.4878,37.8,55,0
2026-03-12 23:00:21,37.911,21.549,37.8334,37.9895,21.5976,21.5,37.8,55,0
2026-03-12 23:00:21,37.952,21.534,37.8334,38.07,21.6098,21.4588,37.8,55,0
2026-03-12 23:00:22,37.901,21.59,37.8334,37.9693,21.622,21.5579,37.8,55,0
2026-03-12 23:00:22,37.942,21.619,37.8535,38.0298,21.6251,21.6129,37.8,55,0
2026-03-12 23:00:22,37.921,21.599,37.8535,37.9895,21.6129,21.5854,37.8,55,0
2026-03-12 23:00:23,37.901,21.597,37.8535,37.9492,21.6495,21.5442,37.8,55,0
2026-03-12 23:00:23,37.891,21.583,37.8334,37.9492,21.622,21.5442,37.8,55,0
2026-03-12 23:00:23,37.851,21.579,37.7327,37.9693,21.6114,21.5457,37.8,55,0
2026-03-12 23:00:23,37.932,21.569,37.8535,38.0096,21.6129,21.5259,37.8,55,0
2026-03-12 23:00:24,37.861,21.592,37.7528,37.9693,21.651,21.5335,37.8,55,0
2026-03-12 23:00:24,37.851,21.592,37.7528,37.9492,21.6388,21.5442,37.8,55,0
2026-03-12 23:00:24,37.932,21.606,37.8737,37.9895,21.6632,21.5488,37.8,55,0
2026-03-12 23:00:24,37.851,21.597,37.7931,37.9089,21.6175,21.5763,37.8,55,0
2026-03-12 23:00:25,37.921,21.629,37.8737,37.9693,21.6388,21.619,37.8,55,0
2026-03-12 23:00:25,37.932,21.587,37.8334,38.0298,21.6464,21.5274,37.8,55,0
2026-03-12 23:00:25,37.841,21.583,37.7931,37.8888,21.6175,21.5488,37.8,55,0
2026-03-12 23:00:25,37.841,21.559,37.7327,37.9492,21.648,21.471,37.8,55,0
2026-03-12 23:00:26,37.861,21.586,37.7729,37.9492,21.6526,21.5198,37.8,55,0
2026-03-12 23:00:26,37.911,21.579,37.8334,37.9895,21.6342,21.5244,37.8,55,0
2026-03-12 23:00:26,37.851,21.591,37.7729,37.929,21.6648,21.5167,37.8,55,0
2026-03-12 23:00:26,37.891,21.595,37.8334,37.9492,21.6709,21.5198,37.8,55,0
2026-03-12 23:00:27,37.891,21.589,37.8132,37.9693,21.6571,21.5213,37.8,55,0
2026-03-12 23:00:27,37.871,21.63,37.7528,37.9895,21.6754,21.5854,37.8,55,0
2026-03-12 23:00:27,37.791,21.578,37.6924,37.8888,21.6678,21.4878,37.8,55,6.189478110195507
2026-03-12 23:00:28,37.871,21.587,37.7931,37.9492,21.6541,21.5198,37.8,55,0
2026-03-12 23:00:28,37.871,21.587,37.7931,37.9492,21.6541,21.5198,37.8,55,0
2026-03-12 23:00:28,37.871,21.63,37.7931,37.9492,21.6785,21.5808,37.8,55,0
2026-03-12 23:00:28,37.841,21.633,37.7729,37.9089,21.6892,21.5763,37.8,55,0
2026-03-12 23:00:29,37.831,21.607,37.6924,37.9693,21.68,21.5335,37.8,55,0
2026-03-12 23:00:29,37.811,21.556,37.7528,37.8686,21.6266,21.4862,37.8,55,0
2026-03-12 23:00:29,37.851,21.579,37.8334,37.8686,21.6587,21.4984,37.8,55,0
2026-03-12 23:00:29,37.871,21.63,37.7729,37.9693,21.7136,21.5457,37.8,55,0
2026-03-12 23:00:30,37.791,21.627,37.7125,37.8686,21.6709,21.5839,37.8,55,6.1924068220558635
2026-03-12 23:00:30,37.791,21.596,37.6924,37.8888,21.6678,21.5244,37.8,55,2.742318789974892
2026-03-12 23:00:30,37.831,21.614,37.7125,37.9492,21.7075,21.5198,37.8,55,0
2026-03-12 23:00:30,37.801,21.622,37.6924,37.9089,21.6922,21.5518,37.8,55,1.1087568987496184
2026-03-12 23:00:31,37.841,21.602,37.7729,37.9089,21.6892,21.5152,37.8,55,0
2026-03-12 23:00:31,37.861,21.617,37.7729,37.9492,21.7258,21.5076,37.8,55,0
2026-03-12 23:00:31,37.811,21.611,37.7125,37.9089,21.6831,21.5396,37.8,55,0
2026-03-12 23:00:31,37.791,21.596,37.7327,37.8485,21.648,21.5442,37.8,55,3.45385784569858
2026-03-12 23:00:32,37.801,21.616,37.7125,37.8888,21.6953,21.5366,37.8,55,0
2026-03-12 23:00:32,37.78,21.626,37.7125,37.8485,21.7075,21.5442,37.8,55,6.783830481180467
2026-03-12 23:00:32,37.77,21.631,37.7729,37.7679,21.7014,21.561,37.8,55,9.553076625383376
2026-03-12 23:00:33,37.791,21.603,37.632,37.9492,21.6861,21.5198,37.8,55,2.8800725108439793
2026-03-12 23:00:33,37.78,21.62,37.6722,37.8888,21.6907,21.5488,37.8,55,7.64702016559408
2026-03-12 23:00:33,37.74,21.615,37.632,37.8485,21.6983,21.532,37.8,55,20.71221643847245
2026-03-12 23:00:33,37.77,21.643,37.6924,37.8485,21.7411,21.5442,37.8,55,10.389526250247448
2026-03-12 23:00:34,37.77,21.63,37.6521,37.8888,21.7243,21.5366,37.8,55,12.429364400233387
2026-03-12 23:00:34,37.791,21.657,37.7327,37.8485,21.709,21.6052,37.8,55,6.212823397656329
2026-03-12 23:00:34,37.791,21.676,37.6722,37.9089,21.8006,21.5518,37.8,55,7.372382566980303
2026-03-12 23:00:34,37.77,21.686,37.6722,37.8686,21.7639,21.6083,37.8,55,14.461149545616948
2026-03-12 23:00:35,37.831,21.674,37.7327,37.929,21.7578,21.59,37.8,55,0
2026-03-12 23:00:35,37.801,21.665,37.6924,37.9089,21.7411,21.5885,37.8,55,6.096690912699909
2026-03-12 23:00:35,37.78,21.693,37.6924,37.8686,21.7777,21.6083,37.8,55,11.590007611134036
2026-03-12 23:00:35,37.74,21.701,37.6521,37.8283,21.7731,21.6281,37.8,55,24.204175899619184
2026-03-12 23:00:36,37.811,21.696,37.7327,37.8888,21.77,21.622,37.8,55,0.43394934354506143
2026-03-12 23:00:36,37.76,21.691,37.6924,37.8283,21.7655,21.6159,37.8,55,20.154801243203483
2026-03-12 23:00:36,37.76,21.685,37.6521,37.8686,21.7609,21.6083,37.8,55,18.72130299328831
2026-03-12 23:00:36,37.76,21.715,37.6924,37.8283,21.7655,21.6648,37.8,55,19.616763958089827
2026-03-12 23:00:37,37.78,21.724,37.7327,37.8283,21.77,21.677,37.8,55,13.953418444039675
2026-03-12 23:00:37,37.75,21.696,37.6118,37.8888,21.7456,21.6464,37.8,55,25.151060806087415
2026-03-12 23:00:37,37.73,21.688,37.5715,37.8888,21.7288,21.6464,37.8,55,31.459972226158445
2026-03-12 23:00:38,37.73,21.706,37.6521,37.8082,21.7609,21.651,37.8,55,32.11224755644096
2026-03-12 23:00:38,37.74,21.701,37.632,37.8485,21.7594,21.6419,37.8,55,30.398052520777828
2026-03-12 23:00:38,37.78,21.693,37.7327,37.8283,21.7578,21.6281,37.8,55,19.080259233791896
2026-03-12 23:00:38,37.76,21.715,37.6924,37.8283,21.7777,21.6526,37.8,55,27.90875954487116
2026-03-12 23:00:39,37.73,21.688,37.6521,37.8082,21.7609,21.6144,37.8,55,37.731500053105094
2026-03-12 23:00:39,37.78,21.705,37.6521,37.9089,21.7731,21.6373,37.8,55,21.529754917425713
2026-03-12 23:00:39,37.74,21.719,37.6521,37.8283,21.7853,21.6526,37.8,55,37.3758676358396
2026-03-12 23:00:39,37.72,21.692,37.6521,37.7881,21.7731,21.6114,37.8,55,43.474466609551904
2026-03-12 23:00:40,37.7,21.691,37.6118,37.7881,21.7456,21.6358,37.8,55,50.936571085054325
2026-03-12 23:00:40,37.73,21.718,37.6118,37.8485,21.7945,21.6419,37.8,55,42.478203292180545
2026-03-12 23:00:40,37.73,21.712,37.632,37.8283,21.7594,21.6648,37.8,55,45.39356930323849
2026-03-12 23:00:40,37.75,21.696,37.6924,37.8082,21.7777,21.6144,37.8,55,40.39953106329298
2026-03-12 23:00:41,37.7,21.703,37.632,37.7679,21.8082,21.5976,37.8,55,58.82855094445539
2026-03-12 23:00:41,37.71,21.704,37.5917,37.8283,21.767,21.6403,37.8,55,55.50724088766317
2026-03-12 23:00:41,37.72,21.742,37.632,37.8082,21.8082,21.6754,37.8,55,54.69700595150763
2026-03-12 23:00:41,37.73,21.73,37.6521,37.8082,21.8219,21.6388,37.8,55,53.661774988382916
2026-03-12 23:00:42,37.72,21.748,37.632,37.8082,21.796,21.6999,37.8,55,58.963918723861276
2026-03-12 23:00:42,37.73,21.706,37.6118,37.8485,21.7945,21.6175,37.8,55,57.01776736607744
2026-03-12 23:00:42,37.7,21.727,37.6118,37.7881,21.8189,21.6358,37.8,55,68.8784521935822
2026-03-12 23:00:43,37.77,21.747,37.6722,37.8686,21.8128,21.6815,37.8,55,46.790420483299215
2026-03-12 23:00:43,37.74,21.726,37.6722,37.8082,21.8006,21.651,37.8,55,60.4915304087484
2026-03-12 23:00:43,37.74,21.707,37.632,37.8485,21.8082,21.6052,37.8,55,60.46570150518953
2026-03-12 23:00:43,37.74,21.732,37.6722,37.8082,21.8128,21.651,37.8,55,61.80712043208601
2026-03-12 23:00:44,37.7,21.764,37.6118,37.7881,21.8677,21.6602,37.8,55,76.26769324835105
2026-03-12 23:00:44,37.73,21.736,37.6521,37.8082,21.7975,21.6754,37.8,55,66.8377615570197
2026-03-12 23:00:44,37.73,21.755,37.6722,37.7881,21.8372,21.6724,37.8,55,69.77194973094224
2026-03-12 23:00:44,37.73,21.791,37.632,37.8283,21.8814,21.7014,37.8,55,71.36363502229005
2026-03-12 23:00:45,37.72,21.73,37.632,37.8082,21.8204,21.6388,37.8,55,76.20900997594386
2026-03-12 23:00:45,37.74,21.781,37.6118,37.8686,21.8433,21.7182,37.8,55,70.98302387144135
2026-03-12 23:00:45,37.72,21.742,37.6118,37.8283,21.8433,21.6403,37.8,55,79.79571864659384
2026-03-12 23:00:45,37.71,21.747,37.6118,37.8082,21.8433,21.651,37.8,55,83.9547547157636
2026-03-12 23:00:46,37.7,21.721,37.5917,37.8082,21.8036,21.6388,37.8,55,88.79179531307226
2026-03-12 23:00:46,37.7,21.764,37.6118,37.7881,21.8433,21.6846,37.8,55,90.5720692799917
2026-03-12 23:00:46,37.71,21.783,37.632,37.7881,21.8692,21.6968,37.8,55,89.52818610260101
2026-03-12 23:00:47,37.67,21.76,37.5514,37.7881,21.8479,21.6724,37.8,55,100
2026-03-12 23:00:47,37.73,21.755,37.632,37.8283,21.857,21.6526,37.8,55,86.54681552945642
2026-03-12 23:00:47,37.72,21.742,37.632,37.8082,21.8814,21.6022,37.8,55,94.12603771110825
2026-03-12 23:00:47,37.66,21.741,37.5312,37.7881,21.8219,21.6602,37.8,55,100
2026-03-12 23:00:48,37.629,21.774,37.5111,37.7478,21.8799,21.6678,37.8,55,100
2026-03-12 23:00:48,37.69,21.769,37.6118,37.7679,21.8677,21.6709,37.8,55,100
2026-03-12 23:00:48,37.74,21.737,37.6521,37.8283,21.8341,21.6403,37.8,55,96.94708374073707
2026-03-12 23:00:48,37.71,21.759,37.6521,37.7679,21.8463,21.6709,37.8,55,100
2026-03-12 23:00:49,37.68,21.743,37.5917,37.7679,21.8402,21.6464,37.8,55,100
2026-03-12 23:00:49,37.68,21.731,37.5917,37.7679,21.7914,21.6709,37.8,55,100
2026-03-12 23:00:49,37.68,21.737,37.5917,37.7679,21.8402,21.6342,37.8,55,100
2026-03-12 23:00:49,37.69,21.775,37.632,37.7478,21.8448,21.7044,37.8,55,100
2026-03-12 23:00:50,37.67,21.76,37.5514,37.7881,21.8357,21.6846,37.8,55,100
2026-03-12 23:00:50,37.73,21.773,37.5917,37.8686,21.8647,21.6815,37.8,55,100
2026-03-12 23:00:50,37.68,21.756,37.5917,37.7679,21.8524,21.6587,37.8,55,100
2026-03-12 23:00:50,37.68,21.786,37.6118,37.7478,21.8921,21.68,37.8,55,100
2026-03-12 23:00:51,37.65,21.74,37.5312,37.7679,21.8097,21.6709,37.8,55,100
2026-03-12 23:00:51,37.71,21.771,37.6521,37.7679,21.8463,21.6953,37.8,55,100
2026-03-12 23:00:51,37.66,21.735,37.5715,37.7478,21.8143,21.6556,37.8,55,100
2026-03-12 23:00:52,37.74,21.744,37.6722,37.8082,21.825,21.6632,37.8,55,100
2026-03-12 23:00:52,37.7,21.746,37.632,37.7679,21.8326,21.6587,37.8,55,100
2026-03-12 23:00:52,37.69,21.732,37.632,37.7478,21.8082,21.6556,37.8,55,100
2026-03-12 23:00:52,37.68,21.749,37.5917,37.7679,21.828,21.6709,37.8,55,100
2026-03-12 23:00:53,37.7,21.758,37.632,37.7679,21.7838,21.7319,37.8,55,100
2026-03-12 23:00:53,37.69,21.763,37.6118,37.7679,21.8067,21.7197,37.8,55,100
2026-03-12 23:00:53,37.65,21.764,37.5917,37.7075,21.8158,21.7121,37.8,55,100
2026-03-12 23:00:53,37.69,21.751,37.6118,37.7679,21.8067,21.6953,37.8,55,100
2026-03-12 23:00:54,37.69,21.756,37.6521,37.7276,21.7975,21.7151,37.8,55,100
2026-03-12 23:00:54,37.68,21.731,37.632,37.7276,21.7472,21.7151,37.8,55,100
2026-03-12 23:00:54,37.73,21.736,37.5917,37.8686,21.7548,21.7182,37.8,55,100
2026-03-12 23:00:54,37.71,21.716,37.6521,37.7679,21.7609,21.6709,37.8,55,100
2026-03-12 23:00:55,37.68,21.707,37.5917,37.7679,21.7792,21.6342,37.8,55,100
2026-03-12 23:00:55,37.67,21.705,37.5514,37.7881,21.7502,21.6602,37.8,55,100
2026-03-12 23:00:55,37.7,21.703,37.632,37.7679,21.7716,21.6342,37.8,55,100
2026-03-12 23:00:55,37.71,21.728,37.632,37.7881,21.7838,21.6724,37.8,55,100
2026-03-12 23:00:56,37.73,21.736,37.6722,37.7881,21.7762,21.6968,37.8,55,100
2026-03-12 23:00:56,37.78,21.736,37.7729,37.7881,21.8112,21.6602,37.8,55,100
2026-03-12 23:00:56,37.74,21.756,37.6924,37.7881,21.8143,21.6968,37.8,55,100
2026-03-12 23:00:57,37.76,21.782,37.6722,37.8485,21.8372,21.7273,37.8,55,100
2026-03-12 23:00:57,37.75,21.727,37.6924,37.8082,21.7533,21.6999,37.8,55,100
2026-03-12 23:00:57,37.76,21.74,37.7125,37.8082,21.7929,21.6876,37.8,55,100
2026-03-12 23:00:57,37.75,21.745,37.7125,37.7881,21.7685,21.7212,37.8,55,100
2026-03-12 23:00:58,37.76,21.746,37.7528,37.7679,21.8219,21.6709,37.8,55,100
2026-03-12 23:00:58,37.791,21.719,37.7528,37.8283,21.7731,21.6648,37.8,55,100
2026-03-12 23:00:58,37.791,21.706,37.7931,37.7881,21.7639,21.648,37.8,55,100
2026-03-12 23:00:58,37.75,21.708,37.6924,37.8082,21.7533,21.6632,37.8,55,100
2026-03-12 23:00:59,37.77,21.674,37.7125,37.8283,21.7197,21.6281,37.8,55,100
2026-03-12 23:00:59,37.811,21.703,37.7528,37.8686,21.7243,21.6815,37.8,55,95.02460916032632
2026-03-12 23:00:59,37.78,21.687,37.7931,37.7679,21.7029,21.6709,37.8,55,100
2026-03-12 23:00:59,37.801,21.683,37.7729,37.8283,21.6892,21.677,37.8,55,98.76061252184743
2026-03-12 23:01:00,37.791,21.695,37.7528,37.8283,21.7243,21.6648,37.8,55,100
2026-03-12 23:01:00,37.821,21.679,37.8334,37.8082,21.7075,21.651,37.8,55,92.70223596980719
2026-03-12 23:01:00,37.77,21.692,37.7729,37.7679,21.7014,21.6831,37.8,55,100
2026-03-12 23:01:00,37.78,21.675,37.7528,37.8082,21.6876,21.6632,37.8,55,100
2026-03-12 23:01:01,37.811,21.684,37.7729,37.8485,21.7014,21.6663,37.8,55,95.47992462164486
2026-03-12 23:01:01,37.831,21.717,37.8334,37.8283,21.6953,21.738,37.8,55,90.08852130942547
2026-03-12 23:01:01,37.811,21.654,37.8132,37.8082,21.6327,21.6754,37.8,55,96.86734890395648
2026-03-12 23:01:02,37.811,21.653,37.8334,37.7881,21.6831,21.6236,37.8,55,95.7090317066683
2026-03-12 23:01:02,37.811,21.642,37.8132,37.8082,21.6083,21.6754,37.8,55,95.46308256718825
2026-03-12 23:01:02,37.801,21.622,37.8132,37.7881,21.6083,21.6358,37.8,55,98.4970890304587
2026-03-12 23:01:02,37.861,21.653,37.8737,37.8485,21.6388,21.6663,37.8,55,78.34016510855294
2026-03-12 23:01:03,37.801,21.61,37.7729,37.8283,21.5915,21.6281,37.8,55,99.39230696841443
2026-03-12 23:01:03,37.831,21.613,37.7931,37.8686,21.6052,21.6205,37.8,55,86.79201476741449
2026-03-12 23:01:03,37.811,21.605,37.8535,37.7679,21.6007,21.6098,37.8,55,94.02821574038221
2026-03-12 23:01:03,37.901,21.591,37.9341,37.8686,21.5976,21.5839,37.8,55,63.35042215724954
2026-03-12 23:01:04,37.78,21.583,37.7931,37.7679,21.5442,21.622,37.8,55,100
2026-03-12 23:01:04,37.841,21.608,37.9139,37.7679,21.5579,21.6587,37.8,55,79.80476024428653
2026-03-12 23:01:04,37.841,21.602,37.8737,37.8082,21.5656,21.6388,37.8,55,81.67071915776009
2026-03-12 23:01:04,37.932,21.618,37.9341,37.929,21.561,21.6754,37.8,55,50.90951924706955
2026-03-12 23:01:05,37.851,21.591,37.8737,37.8283,21.5412,21.6403,37.8,55,78.66638636689412
2026-03-12 23:01:05,37.891,21.559,37.9341,37.8485,21.5,21.6175,37.8,55,60.71470821232343
2026-03-12 23:01:05,37.871,21.587,37.9139,37.8283,21.5457,21.6281,37.8,55,67.06117864830627
2026-03-12 23:01:05,37.881,21.546,37.8938,37.8686,21.471,21.6205,37.8,55,61.281219231925235
2026-03-12 23:01:06,37.911,21.548,37.9744,37.8485,21.4908,21.6052,37.8,55,50.08690582369638
2026-03-12 23:01:06,37.911,21.561,37.9341,37.8888,21.5,21.622,37.8,55,48.97416841620557
2026-03-12 23:01:06,37.921,21.568,37.9542,37.8888,21.5015,21.6342,37.8,55,43.212523023199225
2026-03-12 23:01:07,37.972,21.556,37.9945,37.9492,21.4694,21.6419,37.8,55,24.236127081850107
2026-03-12 23:01:07,37.891,21.522,37.9542,37.8283,21.4527,21.5915,37.8,55,49.28061099975837
2026-03-12 23:01:07,37.881,21.521,37.8938,37.8686,21.4221,21.6205,37.8,55,46.83215532646064
2026-03-12 23:01:07,37.921,21.531,37.9542,37.8888,21.4405,21.622,37.8,55,31.446201957389732
2026-03-12 23:01:08,37.932,21.539,37.9542,37.9089,21.416,21.6617,37.8,55,26.959765477553113
2026-03-12 23:01:08,37.921,21.495,37.9139,37.929,21.4115,21.5778,37.8,55,28.119314091430187
2026-03-12 23:01:08,37.962,21.511,37.9744,37.9492,21.4298,21.593,37.8,55,11.465202828805594
2026-03-12 23:01:08,37.911,21.488,37.9542,37.8686,21.4038,21.5717,37.8,55,26.44428408595233
2026-03-12 23:01:09,37.932,21.496,37.9945,37.8686,21.3962,21.5961,37.8,55,14.74737339907173
2026-03-12 23:01:09,37.952,21.492,38.0146,37.8888,21.4221,21.561,37.8,55,6.196135139457571
2026-03-12 23:01:09,37.992,21.491,38.0348,37.9492,21.3886,21.593,37.8,55,0
2026-03-12 23:01:09,37.972,21.494,38.0146,37.929,21.4343,21.5534,37.8,55,0
2026-03-12 23:01:10,37.972,21.446,38.0348,37.9089,21.3642,21.5274,37.8,55,0
2026-03-12 23:01:10,38.002,21.467,38.0549,37.9492,21.3657,21.5686,37.8,55,0
2026-03-12 23:01:10,37.992,21.442,38.0348,37.9492,21.3519,21.532,37.8,55,0
2026-03-12 23:01:10,37.972,21.408,38.0146,37.929,21.239,21.5778,37.8,55,0
2026-03-12 23:01:11,38.002,21.455,38.0549,37.9492,21.3169,21.593,37.8,55,0
2026-03-12 23:01:11,38.022,21.427,38.0549,37.9895,21.3169,21.5366,37.8,55,0
2026-03-12 23:01:11,37.982,21.422,38.0549,37.9089,21.3046,21.5396,37.8,55,0
2026-03-12 23:01:12,37.962,21.426,37.9945,37.929,21.3107,21.5412,37.8,55,0
2026-03-12 23:01:12,38.002,21.437,38.0952,37.9089,21.3458,21.5274,37.8,55,0
2026-03-12 23:01:12,38.012,21.45,38.0549,37.9693,21.3413,21.5579,37.8,55,0
2026-03-12 23:01:12,38.022,21.463,38.1154,37.929,21.3352,21.59,37.8,55,0
2026-03-12 23:01:13,38.022,21.445,38.0549,37.9895,21.3169,21.5732,37.8,55,0
2026-03-12 23:01:13,38.002,21.467,38.0348,37.9693,21.3519,21.5824,37.8,55,0
2026-03-12 23:01:13,38.042,21.447,38.1154,37.9693,21.3352,21.5579,37.8,55,0
2026-03-12 23:01:13,37.972,21.433,38.0549,37.8888,21.3046,21.561,37.8,55,0
2026-03-12 23:01:14,38.032,21.427,38.1355,37.929,21.3138,21.5412,37.8,55,0
2026-03-12 23:01:14,38.093,21.446,38.1556,38.0298,21.3275,21.564,37.8,55,0
2026-03-12 23:01:14,38.052,21.43,38.1556,37.9492,21.2665,21.593,37.8,55,0
2026-03-12 23:01:14,38.062,21.406,38.1154,38.0096,21.2863,21.5259,37.8,55,0
2026-03-12 23:01:15,38.062,21.407,38.1758,37.9492,21.2329,21.5808,37.8,55,0
2026-03-12 23:01:15,38.083,21.366,38.1556,38.0096,21.2421,21.4893,37.8,55,0
2026-03-12 23:01:15,38.083,21.372,38.1556,38.0096,21.2665,21.4771,37.8,55,0
2026-03-12 23:01:15,38.062,21.388,38.1556,37.9693,21.2543,21.5213,37.8,55,0
2026-03-12 23:01:16,38.032,21.397,38.1154,37.9492,21.2619,21.532,37.8,55,0
2026-03-12 23:01:16,38.083,21.39,38.1154,38.0499,21.2497,21.5305,37.8,55,0
2026-03-12 23:01:16,38.113,21.376,38.1758,38.0499,21.2451,21.5061,37.8,55,0
2026-03-12 23:01:17,38.073,21.347,38.1355,38.0096,21.2406,21.4527,37.8,55,0
2026-03-12 23:01:17,38.123,21.352,38.1758,38.07,21.1841,21.5198,37.8,55,0
2026-03-12 23:01:17,38.062,21.327,38.1556,37.9693,21.2177,21.4359,37.8,55,0
2026-03-12 23:01:17,38.083,21.317,38.1556,38.0096,21.2177,21.416,37.8,55,0
2026-03-12 23:01:18,38.022,21.322,38.1154,37.929,21.1887,21.4557,37.8,55,0
2026-03-12 23:01:18,38.103,21.32,38.2161,37.9895,21.2253,21.4145,37.8,55,0
2026-03-12 23:01:18,38.062,21.333,38.1154,38.0096,21.2253,21.4405,37.8,55,0
2026-03-12 23:01:18,38.062,21.327,38.0952,38.0298,21.1994,21.4542,37.8,55,0
2026-03-12 23:01:19,38.062,21.328,38.1758,37.9492,21.1841,21.471,37.8,55,0
2026-03-12 23:01:19,38.123,21.358,38.1758,38.07,21.2451,21.471,37.8,55,0
2026-03-12 23:01:19,38.073,21.328,38.1758,37.9693,21.2207,21.4359,37.8,55,0
2026-03-12 23:01:19,38.103,21.331,38.1959,38.0096,21.2222,21.4405,37.8,55,0
2026-03-12 23:01:20,38.163,21.369,38.2362,38.0902,21.2512,21.4862,37.8,55,0
2026-03-12 23:01:20,38.083,21.329,38.1355,38.0298,21.2039,21.4542,37.8,55,0
2026-03-12 23:01:20,38.083,21.324,38.1758,37.9895,21.2207,21.4267,37.8,55,0
2026-03-12 23:01:20,38.113,21.35,38.1556,38.07,21.2055,21.4954,37.8,55,0
2026-03-12 23:01:21,38.103,21.356,38.1154,38.0902,21.2253,21.4862,37.8,55,0
2026-03-12 23:01:21,38.093,21.343,38.1758,38.0096,21.2329,21.4527,37.8,55,0
2026-03-12 23:01:21,38.123,21.315,38.1959,38.0499,21.1978,21.4328,37.8,55,0
2026-03-12 23:01:22,38.143,21.305,38.2362,38.0499,21.1658,21.445,37.8,55,0
2026-03-12 23:01:22,38.103,21.313,38.1758,38.0298,21.1841,21.442,37.8,55,0
2026-03-12 23:01:22,38.113,21.296,38.2161,38.0096,21.2009,21.3916,37.8,55,0
2026-03-12 23:01:22,38.153,21.276,38.2362,38.07,21.178,21.3733,37.8,55,0
2026-03-12 23:01:23,38.123,21.279,38.2161,38.0298,21.1887,21.3687,37.8,55,0
2026-03-12 23:01:23,38.093,21.27,38.1758,38.0096,21.1719,21.3672,37.8,55,0
2026-03-12 23:01:23,38.083,21.274,38.1355,38.0298,21.1551,21.3931,37.8,55,0
2026-03-12 23:01:23,38.113,21.199,38.1758,38.0499,21.0498,21.3474,37.8,55,0
2026-03-12 23:01:24,38.133,21.206,38.2362,38.0298,21.0681,21.3443,37.8,55,0
2026-03-12 23:01:24,38.113,21.211,38.1355,38.0902,21.0452,21.3764,37.8,55,0
2026-03-12 23:01:24,38.173,21.223,38.2362,38.1103,21.0803,21.3657,37.8,55,0
2026-03-12 23:01:24,38.103,21.234,38.1758,38.0298,21.0986,21.3687,37.8,55,0
2026-03-12 23:01:25,38.083,21.226,38.1758,37.9895,21.0986,21.3535,37.8,55,0
2026-03-12 23:01:25,38.103,21.24,38.1556,38.0499,21.0834,21.3962,37.8,55,0
2026-03-12 23:01:25,38.083,21.238,38.1556,38.0096,21.0956,21.3794,37.8,55,0
2026-03-12 23:01:25,38.143,21.22,38.2362,38.0499,21.0681,21.3718,37.8,55,0
2026-03-12 23:01:26,38.153,21.239,38.2362,38.07,21.0925,21.3855,37.8,55,0
2026-03-12 23:01:26,38.143,21.22,38.2161,38.07,21.0544,21.3855,37.8,55,0
2026-03-12 23:01:26,38.123,21.218,38.1556,38.0902,21.0712,21.3642,37.8,55,0
2026-03-12 23:01:27,38.123,21.212,38.1959,38.0499,21.0758,21.3474,37.8,55,0
2026-03-12 23:01:27,38.133,21.255,38.2362,38.0298,21.1292,21.3809,37.8,55,0
2026-03-12 23:01:27,38.073,21.255,38.1355,38.0096,21.1307,21.3794,37.8,55,0
2026-03-12 23:01:27,38.153,21.246,38.2564,38.0499,21.1322,21.3596,37.8,55,0
2026-03-12 23:01:28,38.153,21.24,38.2161,38.0902,21.1398,21.3397,37.8,55,0
2026-03-12 23:01:28,38.133,21.231,38.2564,38.0096,21.1444,21.3184,37.8,55,0
2026-03-12 23:01:28,38.163,21.241,38.1959,38.1305,21.1368,21.3443,37.8,55,0
2026-03-12 23:01:28,38.153,21.234,38.2161,38.0902,21.1154,21.3519,37.8,55,0
2026-03-12 23:01:29,38.143,21.153,38.1959,38.0902,21.0147,21.2909,37.8,55,0
2026-03-12 23:01:29,38.133,21.17,38.1959,38.07,20.9781,21.3611,37.8,55,0
2026-03-12 23:01:29,38.143,21.177,38.2161,38.07,21.0422,21.3123,37.8,55,0
2026-03-12 23:01:29,38.073,21.188,38.0952,38.0499,21.0163,21.3596,37.8,55,0
2026-03-12 23:01:30,38.143,21.244,38.1959,38.0902,21.1124,21.3764,37.8,55,0
2026-03-12 23:01:30,38.113,21.229,38.1355,38.0902,21.0819,21.3764,37.8,55,0
2026-03-12 23:01:30,38.123,21.212,38.1355,38.1103,21.0697,21.3535,37.8,55,0
2026-03-12 23:01:30,38.143,21.22,38.2362,38.0499,21.1292,21.3107,37.8,55,0
2026-03-12 23:01:31,38.133,21.145,38.1556,38.1103,20.9857,21.3046,37.8,55,0
2026-03-12 23:01:31,38.143,21.177,38.1556,38.1305,21.0468,21.3077,37.8,55,0
2026-03-12 23:01:31,38.143,21.208,38.2161,38.07,21.1032,21.3123,37.8,55,0
2026-03-12 23:01:32,38.173,21.205,38.2564,38.0902,21.0834,21.3275,37.8,55,0
2026-03-12 23:01:32,38.093,21.239,38.1355,38.0499,21.1185,21.3596,37.8,55,0
2026-03-12 23:01:32,38.133,21.206,38.1959,38.07,21.1124,21.3001,37.8,55,0
2026-03-12 23:01:32,38.153,21.233,38.1556,38.1506,21.1322,21.3336,37.8,55,0
2026-03-12 23:01:33,38.073,21.218,38.1355,38.0096,21.1185,21.3184,37.8,55,0
2026-03-12 23:01:33,38.143,21.25,38.2564,38.0298,21.1322,21.3687,37.8,55,0
2026-03-12 23:01:33,38.153,21.252,38.2161,38.0902,21.1643,21.3397,37.8,55,0
2026-03-12 23:01:33,38.093,21.269,38.1154,38.07,21.1643,21.3733,37.8,55,0
2026-03-12 23:01:34,38.123,21.273,38.1959,38.0499,21.1612,21.384,37.8,55,0
2026-03-12 23:01:34,38.153,21.289,38.2161,38.0902,21.2009,21.3764,37.8,55,0
2026-03-12 23:01:34,38.153,21.27,38.1959,38.1103,21.1734,21.3657,37.8,55,0
2026-03-12 23:01:34,38.133,21.299,38.1758,38.0902,21.1719,21.4252,37.8,55,0
2026-03-12 23:01:35,38.123,21.254,38.1556,38.0902,21.1688,21.3397,37.8,55,0
2026-03-12 23:01:35,38.113,21.283,38.1556,38.07,21.1933,21.3733,37.8,55,0
2026-03-12 23:01:35,38.163,21.271,38.2362,38.0902,21.1902,21.3519,37.8,55,0
2026-03-12 23:01:35,38.073,21.231,38.1355,38.0096,21.0819,21.3794,37.8,55,0
2026-03-12 23:01:36,38.113,21.26,38.0751,38.1506,21.1124,21.4069,37.8,55,0
2026-03-12 23:01:36,38.113,21.247,38.0952,38.1305,21.1261,21.3687,37.8,55,0
2026-03-12 23:01:36,38.103,21.276,38.1556,38.0499,21.1566,21.3962,37.8,55,0
2026-03-12 23:01:37,38.083,21.25,38.0952,38.07,21.1383,21.3611,37.8,55,0
2026-03-12 23:01:37,38.093,21.244,38.1154,38.07,21.1154,21.3733,37.8,55,0
2026-03-12 23:01:37,38.183,21.261,38.2564,38.1103,21.1688,21.3535,37.8,55,0
2026-03-12 23:01:37,38.123,21.285,38.1556,38.0902,21.1688,21.4008,37.8,55,0
2026-03-12 23:01:38,38.133,21.292,38.1959,38.07,21.1978,21.3855,37.8,55,0
2026-03-12 23:01:38,38.093,21.282,38.1355,38.0499,21.1795,21.384,37.8,55,0
2026-03-12 23:01:38,38.113,21.259,38.1154,38.1103,21.1765,21.3413,37.8,55,0
2026-03-12 23:01:38,38.093,21.299,38.1556,38.0298,21.2055,21.3931,37.8,55,0
2026-03-12 23:01:39,38.113,21.283,38.1556,38.07,21.1933,21.3733,37.8,55,0
2026-03-12 23:01:39,38.083,21.299,38.0751,38.0902,21.1978,21.4008,37.8,55,0
2026-03-12 23:01:39,38.113,21.295,38.1556,38.07,21.2177,21.3733,37.8,55,0
2026-03-12 23:01:39,38.123,21.266,38.1355,38.1103,21.1917,21.3413,37.8,55,0
2026-03-12 23:01:40,38.113,21.278,38.0952,38.1305,21.1505,21.4054,37.8,55,0
2026-03-12 23:01:40,38.093,21.293,38.1154,38.07,21.1887,21.3977,37.8,55,0
2026-03-12 23:01:40,38.113,21.332,38.1556,38.07,21.2055,21.4588,37.8,55,0
2026-03-12 23:01:40,38.103,21.289,38.0952,38.1103,21.1994,21.3779,37.8,55,0
2026-03-12 23:01:41,38.093,21.299,38.1154,38.07,21.2253,21.3733,37.8,55,0
2026-03-12 23:01:41,38.103,21.289,38.1154,38.0902,21.2009,21.3764,37.8,55,0
2026-03-12 23:01:41,38.113,21.302,38.1154,38.1103,21.2131,21.3901,37.8,55,0
2026-03-12 23:01:42,38.093,21.263,38.1154,38.07,21.2009,21.3245,37.8,55,0
2026-03-12 23:01:42,38.153,21.282,38.1959,38.1103,21.21,21.3535,37.8,55,0
2026-03-12 23:01:42,38.083,21.281,38.1758,37.9895,21.2329,21.3291,37.8,55,0
2026-03-12 23:01:42,38.133,21.292,38.1355,38.1305,21.2406,21.3443,37.8,55,0
2026-03-12 23:01:43,38.113,21.302,38.1758,38.0499,21.2085,21.3962,37.8,55,0
2026-03-12 23:01:43,38.103,21.289,38.1355,38.07,21.2406,21.3367,37.8,55,0
2026-03-12 23:01:43,38.103,21.289,38.1154,38.0902,21.2253,21.3519,37.8,55,0
2026-03-12 23:01:43,38.123,21.266,38.1355,38.1103,21.2284,21.3046,37.8,55,0
2026-03-12 23:01:44,38.113,21.296,38.0952,38.1305,21.2482,21.3443,37.8,55,0
2026-03-12 23:01:44,38.113,21.284,38.1758,38.0499,21.2451,21.323,37.8,55,0
2026-03-12 23:01:44,38.083,21.274,38.1154,38.0499,21.2375,21.3107,37.8,55,0
2026-03-12 23:01:44,38.073,21.279,38.0751,38.07,21.2345,21.3245,37.8,55,0
2026-03-12 23:01:45,38.052,21.283,38.0549,38.0499,21.2314,21.3352,37.8,55,0
2026-03-12 23:01:45,38.123,21.266,38.1556,38.0902,21.2299,21.3031,37.8,55,0
2026-03-12 23:01:45,38.073,21.279,38.0952,38.0499,21.2482,21.3107,37.8,55,0
2026-03-12 23:01:45,38.133,21.274,38.1355,38.1305,21.2406,21.3077,37.8,55,0
2026-03-12 23:01:46,38.052,21.259,38.0348,38.07,21.2421,21.2757,37.8,55,0
2026-03-12 23:01:46,38.103,21.344,38.1355,38.07,21.3016,21.3855,37.8,55,0
2026-03-12 23:01:46,38.103,21.319,38.0952,38.1103,21.2604,21.3779,37.8,55,0
2026-03-12 23:01:47,38.073,21.31,38.0751,38.07,21.2711,21.3489,37.8,55,0
2026-03-12 23:01:47,38.062,21.29,37.9744,38.1506,21.2467,21.3336,37.8,55,0
2026-03-12 23:01:47,38.073,21.292,38.0751,38.07,21.2833,21.3001,37.8,55,0
2026-03-12 23:01:47,38.103,21.27,38.1154,38.0902,21.2375,21.3031,37.8,55,0
2026-03-12 23:01:48,38.123,21.297,38.1355,38.1103,21.265,21.3291,37.8,55,0
2026-03-12 23:01:48,38.103,21.289,38.1154,38.0902,21.2741,21.3031,37.8,55,0
2026-03-12 23:01:48,38.083,21.305,38.0751,38.0902,21.2589,21.3519,37.8,55,0
2026-03-12 23:01:48,38.062,21.308,38.0952,38.0298,21.297,21.3199,37.8,55,0
2026-03-12 23:01:49,38.103,21.295,38.0952,38.1103,21.2238,21.3657,37.8,55,0
2026-03-12 23:01:49,38.083,21.287,38.0348,38.1305,21.2543,21.3199,37.8,55,0
2026-03-12 23:01:49,38.042,21.27,38.0751,38.0096,21.2467,21.294,37.8,55,0
2026-03-12 23:01:49,38.093,21.276,38.0952,38.0902,21.2726,21.2787,37.8,55,0
2026-03-12 23:01:50,38.103,21.295,38.1355,38.07,21.265,21.3245,37.8,55,0
2026-03-12 23:01:50,38.073,21.316,38.0952,38.0499,21.2726,21.3596,37.8,55,0
2026-03-12 23:01:50,38.083,21.323,38.0146,38.1506,21.3001,21.3458,37.8,55,0
2026-03-12 23:01:50,38.062,21.303,38.0751,38.0499,21.2711,21.3352,37.8,55,0
2026-03-12 23:01:51,38.073,21.316,38.0549,38.0902,21.3046,21.3275,37.8,55,0
2026-03-12 23:01:51,38.083,21.329,38.0952,38.07,21.3092,21.3489,37.8,55,0
2026-03-12 23:01:51,38.113,21.339,38.0952,38.1305,21.3214,21.3565,37.8,55,0
2026-03-12 23:01:52,38.062,21.321,38.0146,38.1103,21.2757,21.3657,37.8,55,0
2026-03-12 23:01:52,38.093,21.293,38.1154,38.07,21.2863,21.3001,37.8,55,0
2026-03-12 23:01:52,38.052,21.308,38.0348,38.07,21.3031,21.3123,37.8,55,0
2026-03-12 23:01:52,38.062,21.315,38.0348,38.0902,21.2909,21.3397,37.8,55,0
2026-03-12 23:01:53,38.032,21.33,38.0146,38.0499,21.2879,21.3718,37.8,55,0
2026-03-12 23:01:53,38.062,21.315,38.0146,38.1103,21.2879,21.3413,37.8,55,0
2026-03-12 23:01:53,38.042,21.325,37.9945,38.0902,21.2985,21.3519,37.8,55,0
2026-03-12 23:01:53,37.952,21.303,37.9542,37.9492,21.294,21.3123,37.8,55,0
2026-03-12 23:01:54,38.002,21.327,37.9542,38.0499,21.294,21.3596,37.8,55,0
2026-03-12 23:01:54,38.032,21.336,38.0549,38.0096,21.3291,21.3428,37.8,55,0
2026-03-12 23:01:54,38.062,21.352,38.0751,38.0499,21.3443,21.3596,37.8,55,0
2026-03-12 23:01:54,38.002,21.357,37.9945,38.0096,21.323,21.3916,37.8,55,0
2026-03-12 23:01:55,38.042,21.374,38.0348,38.0499,21.3275,21.4206,37.8,55,0
2026-03-12 23:01:55,38.062,21.334,38.0751,38.0499,21.3565,21.3107,37.8,55,0
2026-03-12 23:01:55,37.982,21.331,37.9744,37.9895,21.3199,21.3413,37.8,55,0
2026-03-12 23:01:55,38.022,21.353,37.9341,38.1103,21.3291,21.3779,37.8,55,0
2026-03-12 23:01:56,38.062,21.352,37.9945,38.1305,21.3352,21.3687,37.8,55,0
2026-03-12 23:01:56,37.982,21.373,37.9744,37.9895,21.3443,21.4023,37.8,55,0
2026-03-12 23:01:56,38.012,21.382,37.9744,38.0499,21.3687,21.3962,37.8,55,0
2026-03-12 23:01:57,38.002,21.393,37.9744,38.0298,21.3687,21.4176,37.8,55,0
2026-03-12 23:01:57,38.022,21.389,37.9744,38.07,21.3809,21.3977,37.8,55,0
2026-03-12 23:01:57,38.002,21.376,38.0146,37.9895,21.3733,21.3779,37.8,55,0
2026-03-12 23:01:57,38.022,21.408,37.9945,38.0499,21.3718,21.445,37.8,55,0
2026-03-12 23:01:58,37.982,21.386,37.9945,37.9693,21.3962,21.3748,37.8,55,0
2026-03-12 23:01:58,38.052,21.411,38.0348,38.07,21.3642,21.4588,37.8,55,0
2026-03-12 23:01:58,38.012,21.383,38.0348,37.9895,21.3764,21.3901,37.8,55,0
2026-03-12 23:01:58,38.002,21.381,37.9744,38.0298,21.3687,21.3931,37.8,55,0
2026-03-12 23:01:59,38.002,21.381,37.9744,38.0298,21.3443,21.4176,37.8,55,0
2026-03-12 23:01:59,38.002,21.394,37.9542,38.0499,21.3672,21.4206,37.8,55,0
2026-03-12 23:01:59,37.992,21.399,37.9341,38.0499,21.3901,21.4084,37.8,55,0
2026-03-12 23:01:59,38.032,21.415,38.0146,38.0499,21.3855,21.445,37.8,55,0
2026-03-12 23:02:00,38.012,21.432,38.0348,37.9895,21.413,21.4511,37.8,55,0
2026-03-12 23:02:00,37.962,21.427,37.9341,37.9895,21.4145,21.4389,37.8,55,0
2026-03-12 23:02:00,37.982,21.41,37.9744,37.9895,21.3931,21.4267,37.8,55,0
2026-03-12 23:02:00,38.002,21.424,37.9945,38.0096,21.4206,21.4282,37.8,55,0
2026-03-12 23:02:01,37.962,21.347,37.9341,37.9895,21.268,21.4267,37.8,55,0
2026-03-12 23:02:01,38.012,21.401,37.9744,38.0499,21.3565,21.445,37.8,55,0
2026-03-12 23:02:01,37.952,21.358,37.9542,37.9492,21.355,21.3611,37.8,55,0
2026-03-12 23:02:02,37.972,21.354,37.9542,37.9895,21.3184,21.3901,37.8,55,0
2026-03-12 23:02:02,37.972,21.409,37.9542,37.9895,21.355,21.4633,37.8,55,0
2026-03-12 23:02:02,38.022,21.395,38.0146,38.0298,21.3855,21.4054,37.8,55,0
2026-03-12 23:02:02,38.022,21.396,37.9945,38.0499,21.3718,21.4206,37.8,55,0
2026-03-12 23:02:03,38.022,21.384,37.9542,38.0902,21.3672,21.4008,37.8,55,0
2026-03-12 23:02:03,37.962,21.408,37.9341,37.9895,21.4023,21.4145,37.8,55,0
2026-03-12 23:02:03,37.962,21.395,37.9139,38.0096,21.3748,21.416,37.8,55,0
2026-03-12 23:02:03,37.992,21.417,37.9744,38.0096,21.4054,21.4282,37.8,55,0
2026-03-12 23:02:04,38.002,21.424,37.9945,38.0096,21.4084,21.4405,37.8,55,0
2026-03-12 23:02:04,37.962,21.427,37.9341,37.9895,21.4267,21.4267,37.8,55,0
2026-03-12 23:02:04,37.982,21.428,37.9139,38.0499,21.4237,21.4328,37.8,55,0
2026-03-12 23:02:04,37.972,21.44,37.9341,38.0096,21.4389,21.4405,37.8,55,0
2026-03-12 23:02:05,38.012,21.456,37.9744,38.0499,21.4542,21.4572,37.8,55,0
2026-03-12 23:02:05,37.911,21.427,37.8737,37.9492,21.4191,21.4343,37.8,55,0
2026-03-12 23:02:05,37.982,21.422,37.9542,38.0096,21.416,21.4282,37.8,55,0
2026-03-12 23:02:05,37.921,21.44,37.8737,37.9693,21.4557,21.4237,37.8,55,0
2026-03-12 23:02:06,37.972,21.458,37.8938,38.0499,21.471,21.445,37.8,55,0
2026-03-12 23:02:06,37.952,21.462,37.9542,37.9492,21.4771,21.4466,37.8,55,0
2026-03-12 23:02:06,37.921,21.41,37.8938,37.9492,21.4343,21.3855,37.8,55,0
2026-03-12 23:02:07,37.962,21.457,37.9341,37.9895,21.4755,21.4389,37.8,55,0
2026-03-12 23:02:07,37.952,21.431,37.9341,37.9693,21.4633,21.3993,37.8,55,0
2026-03-12 23:02:07,37.952,21.431,37.8938,38.0096,21.4588,21.4038,37.8,55,0
2026-03-12 23:02:07,37.921,21.452,37.8737,37.9693,21.4923,21.4115,37.8,55,0
2026-03-12 23:02:08,37.942,21.466,37.8737,38.0096,21.4679,21.4649,37.8,55,0
2026-03-12 23:02:08,37.952,21.444,37.8535,38.0499,21.4664,21.4206,37.8,55,0
2026-03-12 23:02:08,37.942,21.455,37.8938,37.9895,21.471,21.4389,37.8,55,0
2026-03-12 23:02:08,37.911,21.433,37.8334,37.9895,21.4511,21.4145,37.8,55,0
2026-03-12 23:02:09,37.911,21.451,37.8938,37.929,21.4954,21.4069,37.8,55,0
2026-03-12 23:02:09,37.871,21.428,37.8535,37.8888,21.4664,21.3901,37.8,55,0
2026-03-12 23:02:09,37.891,21.424,37.8535,37.929,21.4664,21.3825,37.8,55,0
2026-03-12 23:02:09,37.861,21.433,37.8334,37.8888,21.4633,21.4023,37.8,55,0
2026-03-12 23:02:10,37.921,21.453,37.8535,37.9895,21.4908,21.4145,37.8,55,0
2026-03-12 23:02:10,37.942,21.455,37.8938,37.9895,21.5076,21.4023,37.8,55,0
2026-03-12 23:02:10,37.911,21.451,37.8737,37.9492,21.4679,21.4343,37.8,55,0
2026-03-12 23:02:10,37.891,21.467,37.7931,37.9895,21.4954,21.4389,37.8,55,0
2026-03-12 23:02:11,37.952,21.517,37.8938,38.0096,21.5564,21.4771,37.8,55,0
2026-03-12 23:02:11,37.901,21.499,37.8132,37.9895,21.5351,21.4633,37.8,55,0
2026-03-12 23:02:11,37.901,21.481,37.8938,37.9089,21.5198,21.442,37.8,55,0
2026-03-12 23:02:12,37.871,21.465,37.8334,37.9089,21.5122,21.4176,37.8,55,0
2026-03-12 23:02:12,37.942,21.503,37.9139,37.9693,21.4969,21.5091,37.8,55,0
2026-03-12 23:02:12,37.911,21.457,37.8334,37.9895,21.4267,21.4878,37.8,55,0
2026-03-12 23:02:12,37.891,21.449,37.8132,37.9693,21.4374,21.4603,37.8,55,0
2026-03-12 23:02:13,37.871,21.471,37.7931,37.9492,21.471,21.471,37.8,55,0
2026-03-12 23:02:13,37.932,21.472,37.8737,37.9895,21.4923,21.4511,37.8,55,0
2026-03-12 23:02:13,37.831,21.485,37.7729,37.8888,21.4939,21.4755,37.8,55,0
2026-03-12 23:02:13,37.871,21.483,37.8334,37.9089,21.5244,21.442,37.8,55,0
2026-03-12 23:02:14,37.881,21.472,37.8535,37.9089,21.4908,21.4542,37.8,55,0
2026-03-12 23:02:14,37.871,21.495,37.8334,37.9089,21.5,21.4908,37.8,55,0
2026-03-12 23:02:14,37.901,21.523,37.8334,37.9693,21.5488,21.4969,37.8,55,0
2026-03-12 23:02:14,37.891,21.504,37.8737,37.9089,21.5656,21.442,37.8,55,0
2026-03-12 23:02:15,37.841,21.541,37.8132,37.8686,21.5717,21.5106,37.8,55,0
2026-03-12 23:02:15,37.851,21.549,37.7528,37.9492,21.529,21.5686,37.8,55,0
2026-03-12 23:02:15,37.861,21.537,37.8132,37.9089,21.5595,21.5152,37.8,55,0
2026-03-12 23:02:15,37.841,21.529,37.7729,37.9089,21.5793,21.4786,37.8,55,0
2026-03-12 23:02:16,37.901,21.553,37.8334,37.9693,21.6098,21.4969,37.8,55,0
2026-03-12 23:02:16,37.871,21.514,37.7931,37.9492,21.5686,21.4588,37.8,55,0
2026-03-12 23:02:16,37.891,21.516,37.8132,37.9693,21.5717,21.4603,37.8,55,0
2026-03-12 23:02:17,37.911,21.524,37.8535,37.9693,21.5763,21.4725,37.8,55,0
2026-03-12 23:02:17,37.871,21.52,37.8132,37.929,21.5717,21.4679,37.8,55,0
2026-03-12 23:02:17,37.791,21.536,37.7125,37.8686,21.5976,21.474,37.8,55,6.18961463062704
2026-03-12 23:02:17,37.881,21.54,37.7528,38.0096,21.5656,21.5137,37.8,55,0
