Time,Temperature,Humidity,Temp_0,Temp_1,Humid_0,Humid_1,Set_Temp,Set_Humid,Duty_Cycle
2026-03-13 22:29:23,36.298,22.231,35.6379,36.2976,21.323,22.2309,37.5,50,4.456231776737004
2026-03-13 22:29:23,36.358,22.225,35.5976,36.358,21.7456,22.2248,37.5,50,0
2026-03-13 22:29:23,36.338,22.199,35.6782,36.3378,22.0478,22.1988,37.5,50,10.353200989341872
2026-03-13 22:29:24,36.358,22.228,35.658,36.358,22.2278,22.1515,37.5,50,7.865054450874455
2026-03-13 22:29:24,36.257,22.367,35.6983,36.2573,22.3667,21.9455,37.5,50,37.656085895307335
2026-03-13 22:29:25,36.257,22.341,35.6782,36.2573,22.3407,21.9089,37.5,50,31.352949885984543
2026-03-13 22:29:25,36.298,22.403,35.6983,36.2976,22.4033,21.8769,37.5,50,26.45893632764101
2026-03-13 22:29:26,36.298,22.377,35.6782,36.2976,22.3774,21.8524,37.5,50,35.35977627208034
2026-03-13 22:29:26,36.298,22.359,35.7386,36.2976,22.359,21.8402,37.5,50,39.82021151012827
2026-03-13 22:29:27,36.318,22.353,35.6782,36.3177,22.3529,21.8418,37.5,50,39.63852890241667
2026-03-13 22:29:27,36.298,22.441,35.7185,36.2976,22.4414,21.8036,37.5,50,50
2026-03-13 22:29:28,36.237,22.365,35.6782,36.2371,22.3651,21.735,37.5,50,50
2026-03-13 22:29:28,36.338,22.344,35.7185,36.3378,22.3438,21.7472,37.5,50,34.290038312951516
2026-03-13 22:29:28,36.257,22.405,35.7185,36.2573,22.4048,21.7502,37.5,50,50
2026-03-13 22:29:29,36.237,22.405,35.7185,36.2371,22.4048,21.7594,37.5,50,50
2026-03-13 22:29:29,36.298,22.367,35.6983,36.2976,22.3667,21.7548,37.5,50,43.41359931508293
2026-03-13 22:29:30,36.217,22.397,35.6379,36.217,22.3972,21.77,37.5,50,50
2026-03-13 22:29:30,36.237,22.39,35.6782,36.2371,22.3896,21.7716,37.5,50,50
2026-03-13 22:29:31,36.237,22.409,35.6379,36.2371,22.4094,21.7594,37.5,50,50
2026-03-13 22:29:31,36.257,22.39,35.6782,36.2573,22.3896,21.799,37.5,50,50
2026-03-13 22:29:32,36.237,22.408,35.7386,36.2371,22.4079,21.8326,37.5,50,50
2026-03-13 22:29:32,36.217,22.42,35.7386,36.217,22.4201,21.8067,37.5,50,50
2026-03-13 22:29:33,36.217,22.429,35.7185,36.217,22.4292,21.7945,37.5,50,50
2026-03-13 22:29:33,36.217,22.411,35.658,36.217,22.4109,21.77,37.5,50,50
2026-03-13 22:29:34,36.257,22.38,35.7185,36.2573,22.3804,21.799,37.5,50,50
2026-03-13 22:29:34,36.197,22.377,35.6782,36.1968,22.3774,21.8051,37.5,50,50
2026-03-13 22:29:35,36.277,22.383,35.7386,36.2774,22.3835,21.8006,37.5,50,43.88022065927572
2026-03-13 22:29:35,36.277,22.422,35.7588,36.2774,22.4216,21.7884,37.5,50,50
2026-03-13 22:29:35,36.298,22.393,35.7185,36.2976,22.3926,21.7914,37.5,50,47.73264748640649
2026-03-13 22:29:36,36.217,22.365,35.6782,36.217,22.3651,21.8067,37.5,50,50
2026-03-13 22:29:36,36.237,22.42,35.7386,36.2371,22.4201,21.9059,37.5,50,50
2026-03-13 22:29:37,36.237,22.371,35.7386,36.2371,22.3713,21.8082,37.5,50,50
2026-03-13 22:29:37,36.197,22.367,35.6983,36.1968,22.3667,21.7807,37.5,50,50
2026-03-13 22:29:38,36.318,22.414,35.799,36.3177,22.414,21.8051,37.5,50,34.53338469327147
2026-03-13 22:29:38,36.237,22.359,35.7386,36.2371,22.359,21.8326,37.5,50,50
2026-03-13 22:29:39,36.217,22.361,35.7588,36.217,22.3606,21.8311,37.5,50,50
2026-03-13 22:29:39,36.177,22.4,35.7789,36.1767,22.4002,21.8509,37.5,50,50
2026-03-13 22:29:40,36.257,22.383,35.7386,36.2573,22.3835,21.8357,37.5,50,46.28122191645777
2026-03-13 22:29:40,36.177,22.388,35.7789,36.1767,22.388,21.8021,37.5,50,50
2026-03-13 22:29:41,36.257,22.324,35.7588,36.2573,22.3239,21.8112,37.5,50,46.28007931516292
2026-03-13 22:29:41,36.318,22.312,35.7588,36.3177,22.3117,21.8418,37.5,50,41.01352926521751
2026-03-13 22:29:41,36.217,22.332,35.7185,36.217,22.3316,21.8311,37.5,50,50
2026-03-13 22:29:42,36.136,22.356,35.8192,36.1364,22.356,21.7731,37.5,50,50
2026-03-13 22:29:42,36.177,22.298,35.7386,36.1767,22.298,21.8387,37.5,50,50
2026-03-13 22:29:43,36.318,22.309,35.8393,36.3177,22.3087,21.8173,37.5,50,32.373640895996566
2026-03-13 22:29:43,36.237,22.329,35.799,36.2371,22.3285,21.8448,37.5,50,50
2026-03-13 22:29:44,36.257,22.316,35.799,36.2573,22.3163,21.799,37.5,50,50
2026-03-13 22:29:44,36.277,22.332,35.8192,36.2774,22.3316,21.825,37.5,50,50
2026-03-13 22:29:45,36.197,22.278,35.7789,36.1968,22.2782,21.8173,37.5,50,50
2026-03-13 22:29:45,36.277,22.271,35.8192,36.2774,22.2705,21.8616,37.5,50,43.882186699058906
2026-03-13 22:29:46,36.217,22.283,35.8192,36.217,22.2827,21.8189,37.5,50,50
2026-03-13 22:29:46,36.237,22.261,35.8595,36.2371,22.2614,21.8204,37.5,50,50
2026-03-13 22:29:47,36.338,22.254,35.7789,36.3378,22.2538,21.8936,37.5,50,34.29886172148739
2026-03-13 22:29:47,36.277,22.272,35.8393,36.2774,22.2721,21.8616,37.5,50,50
2026-03-13 22:29:47,36.257,22.258,35.8192,36.2573,22.2583,21.8479,37.5,50,50
2026-03-13 22:29:48,36.157,22.228,35.8796,36.1566,22.2278,21.7639,37.5,50,50
2026-03-13 22:29:48,36.217,22.254,35.8997,36.217,22.2538,21.7823,37.5,50,50
2026-03-13 22:29:49,36.257,22.191,35.8796,36.2573,22.1912,21.7868,37.5,50,50
2026-03-13 22:29:49,36.318,22.223,35.8393,36.3177,22.2232,21.8051,37.5,50,41.01671820225174
2026-03-13 22:29:50,36.298,22.188,35.8595,36.2976,22.1881,21.7792,37.5,50,50
2026-03-13 22:29:50,36.217,22.235,35.8393,36.217,22.2354,21.7945,37.5,50,50
2026-03-13 22:29:51,36.177,22.197,35.8192,36.1767,22.1973,21.8143,37.5,50,50
2026-03-13 22:29:51,36.298,22.193,35.8997,36.2976,22.1927,21.828,37.5,50,36.93501024053429
2026-03-13 22:29:52,36.237,22.15,35.8393,36.2371,22.15,21.8082,37.5,50,50
2026-03-13 22:29:52,36.237,22.152,35.9602,36.2371,22.1515,21.796,37.5,50,50
2026-03-13 22:29:53,36.257,22.152,35.9602,36.2573,22.1515,21.8235,37.5,50,50
2026-03-13 22:29:53,36.277,22.094,35.8796,36.2774,22.0935,21.7884,37.5,50,50
2026-03-13 22:29:54,36.237,22.107,35.8997,36.2371,22.1073,21.8204,37.5,50,50
2026-03-13 22:29:54,36.338,22.124,35.94,36.3378,22.1241,21.7838,37.5,50,34.29524179966905
2026-03-13 22:29:54,36.197,22.078,35.8595,36.1968,22.0783,21.8418,37.5,50,50
2026-03-13 22:29:55,36.257,22.058,35.8997,36.2573,22.0584,21.7624,37.5,50,48.44304976891052
2026-03-13 22:29:55,36.197,22.113,36.0609,36.1968,22.1134,21.7563,37.5,50,50
2026-03-13 22:29:56,36.217,22.087,35.94,36.217,22.0874,21.7823,37.5,50,50
2026-03-13 22:29:56,36.298,22.051,35.94,36.2976,22.0508,21.828,37.5,50,41.25383077892812
2026-03-13 22:29:57,36.217,22.083,36.0005,36.217,22.0829,21.7578,37.5,50,50
2026-03-13 22:29:57,36.217,22.058,36.0005,36.217,22.0584,21.7456,37.5,50,50
2026-03-13 22:29:58,36.318,22.01,36.0005,36.3177,22.0096,21.7319,37.5,50,36.693494453016406
2026-03-13 22:29:58,36.298,22.036,36.0206,36.2976,22.0356,21.7304,37.5,50,50
2026-03-13 22:29:59,36.257,22.023,36.0206,36.2573,22.0233,21.7258,37.5,50,50
2026-03-13 22:29:59,36.298,22.017,36.081,36.2976,22.0172,21.7426,37.5,50,45.57339972110783
2026-03-13 22:30:00,36.298,21.973,36.0005,36.2976,21.973,21.8158,37.5,50,50.0
2026-03-13 22:30:00,36.338,21.973,36.0005,36.3378,21.973,21.7716,37.5,50,40.88170007288074
2026-03-13 22:30:00,36.338,21.987,36.0206,36.3378,21.9867,21.735,37.5,50,45.2000000000001
2026-03-13 22:30:01,36.378,21.968,36.081,36.3781,21.9684,21.7273,37.5,50,36.08048806027103
2026-03-13 22:30:01,36.277,21.985,36.1213,36.2774,21.9852,21.7029,37.5,50,50
2026-03-13 22:30:02,36.358,21.984,36.1012,36.358,21.9837,21.6754,37.5,50,34.054307291448545
2026-03-13 22:30:02,36.318,21.932,36.081,36.3177,21.9318,21.7197,37.5,50,50
2026-03-13 22:30:03,36.257,21.938,36.0206,36.2573,21.9379,21.7014,37.5,50,50
2026-03-13 22:30:03,36.338,21.907,36.081,36.3378,21.9074,21.6861,37.5,50,36.453289100747874
2026-03-13 22:30:04,36.338,21.888,36.1213,36.3378,21.8875,21.7105,37.5,50,45.2000000000001
2026-03-13 22:30:04,36.318,21.857,36.0609,36.3177,21.857,21.6709,37.5,50,49.759798823897086
2026-03-13 22:30:05,36.398,21.868,36.1616,36.3983,21.8677,21.6922,37.5,50,29.36347352388818
2026-03-13 22:30:05,36.318,21.851,36.1213,36.3177,21.8509,21.6464,37.5,50,50
2026-03-13 22:30:06,36.338,21.855,36.1616,36.3378,21.8555,21.6861,37.5,50,43.04181912392716
2026-03-13 22:30:06,36.418,21.817,36.1415,36.4184,21.8173,21.6571,37.5,50,26.96433200202053
2026-03-13 22:30:06,36.358,21.863,36.1213,36.358,21.8631,21.6999,37.5,50,49.278003229613
2026-03-13 22:30:07,36.418,21.819,36.1616,36.4184,21.8189,21.6571,37.5,50,29.123715419077516
2026-03-13 22:30:07,36.338,21.854,36.2623,36.3378,21.854,21.6739,37.5,50,50
2026-03-13 22:30:08,36.378,21.801,36.222,36.3781,21.8006,21.6663,37.5,50,36.084316923577454
2026-03-13 22:30:08,36.398,21.811,36.2019,36.3983,21.8112,21.68,37.5,50,35.840546460256355
2026-03-13 22:30:09,36.338,21.782,36.1616,36.3378,21.7823,21.6617,37.5,50,50
2026-03-13 22:30:09,36.358,21.769,36.2623,36.358,21.7685,21.6632,37.5,50,40.64117375883679
2026-03-13 22:30:10,36.418,21.782,36.1616,36.4184,21.7823,21.6571,37.5,50,29.12154777479541
2026-03-13 22:30:10,36.378,21.776,36.222,36.3781,21.7762,21.6052,37.5,50,44.71736764947992
2026-03-13 22:30:11,36.378,21.756,36.2623,36.3781,21.7563,21.6297,37.5,50,40.400000000000205
2026-03-13 22:30:11,36.439,21.744,36.1415,36.4385,21.7441,21.6724,37.5,50,26.495554548613434
2026-03-13 22:30:12,36.418,21.759,36.2824,36.4184,21.7594,21.6815,37.5,50,37.86694882018534
2026-03-13 22:30:12,36.418,21.703,36.222,36.4184,21.7029,21.6327,37.5,50,35.60000000000031
2026-03-13 22:30:13,36.418,21.706,36.2422,36.4184,21.706,21.6083,37.5,50,35.60000000000031
2026-03-13 22:30:13,36.398,21.669,36.2422,36.3983,21.6693,21.6678,37.5,50,40.1591797210594
2026-03-13 22:30:13,36.418,21.682,36.2422,36.4184,21.6815,21.5595,37.5,50,33.44054923488194
2026-03-13 22:30:14,36.398,21.686,36.2824,36.3983,21.6861,21.5946,37.5,50,40.15841248865107
2026-03-13 22:30:14,36.439,21.698,36.2824,36.4385,21.6983,21.5747,37.5,50,28.65301410028729
2026-03-13 22:30:15,36.418,21.669,36.363,36.4184,21.6693,21.6083,37.5,50,37.867186411451414
2026-03-13 22:30:15,36.418,21.65,36.2824,36.4184,21.6495,21.5961,37.5,50,35.60000000000031
2026-03-13 22:30:16,36.378,21.654,36.3227,36.3781,21.6541,21.6297,37.5,50,44.718459650700346
2026-03-13 22:30:16,36.459,21.657,36.363,36.4587,21.6571,21.6251,37.5,50,21.93464684340094
2026-03-13 22:30:17,36.479,21.617,36.3227,36.4788,21.6175,21.5793,37.5,50,26.121107176440336
2026-03-13 22:30:17,36.418,21.63,36.3227,36.4184,21.6297,21.5839,37.5,50,42.187376894751004
2026-03-13 22:30:18,36.539,21.605,36.3227,36.5393,21.6052,21.561,37.5,50,8.016747702148216
2026-03-13 22:30:18,36.459,21.596,36.363,36.4587,21.5961,21.5518,37.5,50,39.29734291318913
2026-03-13 22:30:19,36.398,21.596,36.363,36.3983,21.5961,21.5702,37.5,50,44.586042095609415
2026-03-13 22:30:19,36.439,21.564,36.4033,36.4385,21.564,21.5137,37.5,50,28.653150872403266
2026-03-13 22:30:19,36.499,21.592,36.4234,36.499,21.5915,21.5686,37.5,50,19.401502614391354
2026-03-13 22:30:20,36.519,21.584,36.363,36.5191,21.5839,21.5106,37.5,50,21.320929803753934
2026-03-13 22:30:20,36.479,21.575,36.3832,36.4788,21.5747,21.4694,37.5,50,32.58653385141167
2026-03-13 22:30:21,36.539,21.549,36.3429,36.5393,21.5335,21.5488,37.5,50,14.601064925969201
2026-03-13 22:30:21,36.479,21.544,36.3227,36.4788,21.5442,21.4817,37.5,50,34.757145350528646
2026-03-13 22:30:22,36.459,21.587,36.3832,36.4587,21.5869,21.503,37.5,50,32.83984896625397
2026-03-13 22:30:22,36.479,21.55,36.3832,36.4788,21.5503,21.4694,37.5,50,26.12050770337732
2026-03-13 22:30:23,36.539,21.532,36.3227,36.5393,21.532,21.5,37.5,50,14.600896483490562
2026-03-13 22:30:23,36.479,21.547,36.363,36.4788,21.5473,21.4817,37.5,50,34.75149723956233
2026-03-13 22:30:24,36.559,21.527,36.4033,36.5594,21.5274,21.5015,37.5,50,10.044030280639758
2026-03-13 22:30:24,36.499,21.521,36.3429,36.499,21.5213,21.4466,37.5,50,32.357681139914696
2026-03-13 22:30:25,36.6,21.514,36.3832,36.5997,21.5137,21.4694,37.5,50,2.853749851994438
2026-03-13 22:30:25,36.559,21.489,36.3832,36.5594,21.4893,21.4771,37.5,50,23.10776517542201
2026-03-13 22:30:25,36.519,21.527,36.4033,36.5191,21.5274,21.4374,37.5,50,27.801020486075405
2026-03-13 22:30:26,36.519,21.45,36.4234,36.5191,21.445,21.4496,37.5,50,23.480000000000416
2026-03-13 22:30:26,36.559,21.506,36.4234,36.5594,21.5061,21.4527,37.5,50,14.359688819738473
2026-03-13 22:30:27,36.559,21.479,36.4033,36.5594,21.4786,21.4405,37.5,50,18.68000000000052
2026-03-13 22:30:27,36.519,21.477,36.3832,36.5191,21.4771,21.4618,37.5,50,27.800518158014988
2026-03-13 22:30:28,36.539,21.439,36.3429,36.5393,21.4359,21.4389,37.5,50,18.920065461222045
2026-03-13 22:30:28,36.539,21.466,36.4033,36.5393,21.4664,21.4267,37.5,50,21.08000000000004
2026-03-13 22:30:29,36.519,21.44,36.504,36.5191,21.4405,21.4252,37.5,50,25.63968851330884
2026-03-13 22:30:29,36.58,21.465,36.504,36.5795,21.4649,21.4069,37.5,50,9.572134059380847
2026-03-13 22:30:30,36.539,21.45,36.363,36.5393,21.4496,21.4389,37.5,50,25.506827456295234
2026-03-13 22:30:30,36.499,21.434,36.4436,36.499,21.4343,21.4221,37.5,50,30.197322020067375
2026-03-13 22:30:31,36.539,21.451,36.4839,36.5393,21.3901,21.4511,37.5,50,16.771597816101824
2026-03-13 22:30:31,36.559,21.428,36.4637,36.5594,21.413,21.4282,37.5,50,16.520644416488174
2026-03-13 22:30:31,36.6,21.413,36.4637,36.5997,21.413,21.4084,37.5,50,9.332159539695553
2026-03-13 22:30:32,36.58,21.456,36.5241,36.5795,21.3825,21.4557,37.5,50,18.31956390561264
2026-03-13 22:30:32,36.62,21.401,36.4637,36.6198,21.4008,21.3993,37.5,50,7.040263721282515
2026-03-13 22:30:33,36.62,21.424,36.504,36.6198,21.3672,21.4237,37.5,50,11.360000000000525
2026-03-13 22:30:33,36.62,21.378,36.4839,36.6198,21.3779,21.3626,37.5,50,11.360000000000525
2026-03-13 22:30:34,36.62,21.402,36.4839,36.6198,21.4023,21.3993,37.5,50,11.360000000000525
2026-03-13 22:30:34,36.539,21.39,36.4839,36.5393,21.3535,21.3901,37.5,50,29.82671724633517
2026-03-13 22:30:35,36.62,21.363,36.4234,36.6198,21.3596,21.3626,37.5,50,2.6139345282274533
2026-03-13 22:30:35,36.64,21.376,36.4839,36.64,21.3413,21.3764,37.5,50,6.800200947530934
2026-03-13 22:30:36,36.64,21.352,36.4839,36.64,21.3291,21.3519,37.5,50,8.96000000000015
2026-03-13 22:30:36,36.6,21.36,36.4839,36.5997,21.3169,21.3596,37.5,50,18.077331628632358
2026-03-13 22:30:37,36.6,21.353,36.4839,36.5997,21.3535,21.3474,37.5,50,13.760000000000048
2026-03-13 22:30:37,36.66,21.355,36.6047,36.6601,21.3184,21.355,37.5,50,0.08231593684574001
2026-03-13 22:30:38,36.64,21.352,36.4839,36.64,21.3413,21.3519,37.5,50,11.119112076730811
2026-03-13 22:30:38,36.62,21.363,36.5241,36.6198,21.3214,21.3626,37.5,50,13.519042269058223
2026-03-13 22:30:38,36.6,21.363,36.5644,36.5997,21.3626,21.3352,37.5,50,15.918792308373579
2026-03-13 22:30:39,36.62,21.387,36.5644,36.6198,21.326,21.387,37.5,50,9.20166552852401
2026-03-13 22:30:39,36.64,21.34,36.4839,36.64,21.3046,21.3397,37.5,50,6.8004303067002425
2026-03-13 22:30:40,36.62,21.338,36.5443,36.6198,21.2985,21.3382,37.5,50,13.519594248177487
2026-03-13 22:30:40,36.7,21.335,36.4839,36.7004,21.2924,21.3352,37.5,50,0
2026-03-13 22:30:41,36.6,21.299,36.4637,36.5997,21.2909,21.2985,37.5,50,24.558014335004763
2026-03-13 22:30:41,36.585,21.309,36.5846,36.5795,21.2787,21.3092,37.5,50,17.1798000732607
2026-03-13 22:30:42,36.64,21.343,36.6047,36.64,21.3428,21.3153,37.5,50,3.021174801771892
2026-03-13 22:30:42,36.7,21.347,36.6047,36.7004,21.3062,21.3474,37.5,50,0
2026-03-13 22:30:43,36.62,21.314,36.504,36.6198,21.2818,21.3138,37.5,50,19.996881854185347
2026-03-13 22:30:43,36.6,21.286,36.5241,36.5997,21.2848,21.2863,37.5,50,15.919780650257215
2026-03-13 22:30:44,36.6,21.315,36.5846,36.5997,21.3153,21.2741,37.5,50,13.760000000000048
2026-03-13 22:30:44,36.66,21.311,36.5443,36.6601,21.3107,21.3062,37.5,50,0.08393969056699824
2026-03-13 22:30:44,36.62,21.326,36.5644,36.6198,21.3016,21.326,37.5,50,15.677947989521481
2026-03-13 22:30:45,36.66,21.343,36.5241,36.6601,21.3214,21.3428,37.5,50,2.2422759120889966
2026-03-13 22:30:45,36.68,21.344,36.5241,36.6802,21.3092,21.3443,37.5,50,1.9998500373783292
2026-03-13 22:30:46,36.66,21.318,36.504,36.6601,21.2696,21.3184,37.5,50,8.719579137417691
2026-03-13 22:30:46,36.64,21.291,36.4839,36.64,21.2802,21.2909,37.5,50,11.117794818108884
2026-03-13 22:30:47,36.6,21.299,36.4839,36.5997,21.2558,21.2985,37.5,50,18.077526875357645
2026-03-13 22:30:47,36.62,21.277,36.5644,36.6198,21.2772,21.2772,37.5,50,9.20074337557087
2026-03-13 22:30:48,36.58,21.286,36.5443,36.5795,21.2863,21.2726,37.5,50,20.477868098569136
2026-03-13 22:30:48,36.68,21.295,36.6249,36.6802,21.2833,21.2955,37.5,50,0
2026-03-13 22:30:49,36.6,21.286,36.5846,36.5997,21.2787,21.2863,37.5,50,22.342319584026015
2026-03-13 22:30:49,36.7,21.286,36.4839,36.7004,21.268,21.2863,37.5,50,0
2026-03-13 22:30:50,36.741,21.338,36.645,36.7407,21.2619,21.3382,37.5,50,0
2026-03-13 22:30:50,36.7,21.323,36.5241,36.7004,21.2726,21.323,37.5,50,6.187230871702297
2026-03-13 22:30:50,36.741,21.302,36.6249,36.7407,21.2711,21.3016,37.5,50,0
2026-03-13 22:30:51,36.68,21.283,36.5241,36.6802,21.2238,21.2833,37.5,50,10.747516439927725
2026-03-13 22:30:51,36.64,21.274,36.5443,36.64,21.2741,21.2665,37.5,50,13.279867472686854
2026-03-13 22:30:52,36.68,21.263,36.6651,36.6802,21.2634,21.2589,37.5,50,0
2026-03-13 22:30:52,36.721,21.265,36.5644,36.7205,21.265,21.2512,37.5,50,0
2026-03-13 22:30:53,36.68,21.27,36.6047,36.6802,21.2696,21.2589,37.5,50,8.585190056353639
2026-03-13 22:30:53,36.68,21.315,36.5846,36.6802,21.3153,21.2467,37.5,50,4.160000000000252
2026-03-13 22:30:54,36.7,21.299,36.5443,36.7004,21.2985,21.2497,37.5,50,0
2026-03-13 22:30:54,36.68,21.271,36.504,36.6802,21.2451,21.2711,37.5,50,6.319854051059222
2026-03-13 22:30:55,36.68,21.266,36.5846,36.6802,21.2665,21.2589,37.5,50,4.160000000000252
2026-03-13 22:30:55,36.7,21.311,36.5846,36.7004,21.2543,21.3107,37.5,50,0
2026-03-13 22:30:56,36.721,21.3,36.5846,36.7205,21.2421,21.3001,37.5,50,0
2026-03-13 22:30:56,36.62,21.279,36.5846,36.6198,21.2787,21.2772,37.5,50,22.268018753936218
2026-03-13 22:30:57,36.6,21.289,36.5644,36.5997,21.2894,21.2863,37.5,50,15.919638644251783
2026-03-13 22:30:57,36.62,21.289,36.5241,36.6198,21.2482,21.2894,37.5,50,9.200532255936249
2026-03-13 22:30:57,36.64,21.254,36.4637,36.64,21.2177,21.2543,37.5,50,6.800418950430826
2026-03-13 22:30:58,36.64,21.244,36.4839,36.64,21.2436,21.2421,37.5,50,8.96000000000015
2026-03-13 22:30:58,36.66,21.285,36.5241,36.6601,21.2848,21.2573,37.5,50,4.400282036188274
2026-03-13 22:30:59,36.7,21.323,36.5443,36.7004,21.2985,21.323,37.5,50,0
2026-03-13 22:30:59,36.68,21.268,36.4839,36.6802,21.268,21.2589,37.5,50,6.319420445239642
2026-03-13 22:31:00,36.68,21.244,36.4839,36.6802,21.2436,21.2345,37.5,50,4.160000000000252
2026-03-13 22:31:00,36.6,21.274,36.4436,36.5997,21.2512,21.2741,37.5,50,22.397644159255293
2026-03-13 22:31:01,36.7,21.279,36.5846,36.7004,21.2787,21.2741,37.5,50,0
2026-03-13 22:31:01,36.64,21.279,36.504,36.64,21.2696,21.2787,37.5,50,15.434742689192491
2026-03-13 22:31:02,36.741,21.299,36.5443,36.7407,21.2985,21.2528,37.5,50,0
2026-03-13 22:31:02,36.66,21.248,36.5241,36.6601,21.2482,21.2451,37.5,50,15.30398851059525
2026-03-13 22:31:03,36.58,21.273,36.5644,36.5795,21.2284,21.2726,37.5,50,24.796333629029522
2026-03-13 22:31:03,36.64,21.273,36.5241,36.64,21.2726,21.2665,37.5,50,2.4835683102404245
2026-03-13 22:31:03,36.64,21.285,36.5241,36.64,21.2848,21.2299,37.5,50,8.96000000000015
2026-03-13 22:31:04,36.68,21.297,36.5241,36.6802,21.297,21.2711,37.5,50,0
2026-03-13 22:31:04,36.559,21.282,36.504,36.5594,21.2818,21.2207,37.5,50,31.745706572346364
2026-03-13 22:31:05,36.559,21.274,36.5443,36.5594,21.2741,21.2329,37.5,50,18.68000000000052
2026-03-13 22:31:05,36.6,21.297,36.5241,36.5997,21.297,21.2497,37.5,50,9.332995219006666
2026-03-13 22:31:06,36.68,21.297,36.5241,36.6802,21.297,21.2711,37.5,50,0
2026-03-13 22:31:06,36.68,21.283,36.504,36.6802,21.2818,21.2833,37.5,50,4.160000000000252
2026-03-13 22:31:07,36.64,21.274,36.5443,36.64,21.2741,21.2543,37.5,50,13.277400259817881
2026-03-13 22:31:07,36.6,21.314,36.5644,36.5997,21.3138,21.2375,37.5,50,18.07598354847206
2026-03-13 22:31:08,36.559,21.286,36.5443,36.5594,21.2863,21.2329,37.5,50,23.104249951942975
2026-03-13 22:31:08,36.68,21.318,36.504,36.6802,21.3184,21.3077,37.5,50,0
2026-03-13 22:31:09,36.62,21.289,36.5644,36.6198,21.2894,21.2772,37.5,50,17.837026582600856
2026-03-13 22:31:09,36.66,21.271,36.4033,36.6601,21.2711,21.2696,37.5,50,2.241800525780948
2026-03-13 22:31:09,36.7,21.292,36.4839,36.7004,21.2924,21.2863,37.5,50,0
2026-03-13 22:31:10,36.7,21.302,36.5644,36.7004,21.3016,21.2863,37.5,50,1.7599999999998772
2026-03-13 22:31:10,36.6,21.289,36.5644,36.5997,21.2894,21.2741,37.5,50,24.551756814979186
2026-03-13 22:31:11,36.64,21.309,36.5241,36.64,21.3092,21.2543,37.5,50,4.641154306527139
2026-03-13 22:31:11,36.62,21.305,36.4839,36.6198,21.3046,21.2772,37.5,50,13.519241233994562
2026-03-13 22:31:12,36.544,21.311,36.5443,36.5393,21.3107,21.268,37.5,50,28.681659715485374
2026-03-13 22:31:12,36.62,21.302,36.5644,36.6198,21.3016,21.3016,37.5,50,3.1539770482235543
2026-03-13 22:31:13,36.64,21.306,36.504,36.64,21.3062,21.2909,37.5,50,6.800704434592541
2026-03-13 22:31:13,36.62,21.289,36.4839,36.6198,21.2802,21.2894,37.5,50,13.519370831031278
2026-03-13 22:31:14,36.6,21.292,36.4839,36.5997,21.2924,21.2619,37.5,50,15.915822352416411
2026-03-13 22:31:14,36.66,21.315,36.4637,36.6601,21.3153,21.2818,37.5,50,0.08186473330820121
2026-03-13 22:31:15,36.64,21.315,36.504,36.64,21.294,21.3153,37.5,50,11.11944857340362
2026-03-13 22:31:15,36.64,21.306,36.504,36.64,21.3062,21.2787,37.5,50,8.96000000000015
2026-03-13 22:31:15,36.6,21.311,36.5443,36.5997,21.3107,21.2619,37.5,50,18.079087582381092
2026-03-13 22:31:16,36.6,21.337,36.4436,36.5997,21.3367,21.2863,37.5,50,13.760000000000048
2026-03-13 22:31:16,36.66,21.306,36.4436,36.6601,21.2879,21.3062,37.5,50,0.08118599821546102
2026-03-13 22:31:17,36.64,21.315,36.5241,36.64,21.3092,21.3153,37.5,50,11.119409785452774
2026-03-13 22:31:17,36.62,21.311,36.4234,36.6198,21.3107,21.2772,37.5,50,13.519072335917693
2026-03-13 22:31:18,36.6,21.288,36.4436,36.5997,21.2879,21.2741,37.5,50,15.918242453214072
2026-03-13 22:31:18,36.62,21.312,36.4436,36.6198,21.3123,21.3016,37.5,50,9.200632661462912
2026-03-13 22:31:19,36.585,21.328,36.5846,36.5795,21.3275,21.2848,37.5,50,19.335642152316957
2026-03-13 22:31:19,36.64,21.291,36.4436,36.64,21.2879,21.2909,37.5,50,3.021480054475255
2026-03-13 22:31:20,36.66,21.328,36.4637,36.6601,21.3275,21.2696,37.5,50,4.402333872881892
2026-03-13 22:31:20,36.64,21.335,36.4234,36.64,21.3352,21.2909,37.5,50,11.11922778793755
2026-03-13 22:31:21,36.62,21.338,36.4839,36.6198,21.3291,21.3382,37.5,50,13.518001497948369
2026-03-13 22:31:21,36.64,21.318,36.504,36.64,21.3184,21.2665,37.5,50,6.800861667889148
2026-03-13 22:31:22,36.64,21.315,36.4436,36.64,21.3123,21.3153,37.5,50,8.96000000000015
2026-03-13 22:31:22,36.66,21.331,36.504,36.6601,21.3306,21.2696,37.5,50,4.400875923819976
2026-03-13 22:31:22,36.66,21.323,36.4234,36.6601,21.323,21.294,37.5,50,6.5600000000006276
2026-03-13 22:31:23,36.64,21.317,36.4839,36.64,21.3169,21.2909,37.5,50,11.119263198418995
2026-03-13 22:31:23,36.62,21.355,36.504,36.6198,21.355,21.2894,37.5,50,13.51866169968794
2026-03-13 22:31:24,36.6,21.329,36.4839,36.5997,21.3291,21.2741,37.5,50,15.919019264980179
2026-03-13 22:31:24,36.58,21.353,36.4839,36.5795,21.3535,21.2726,37.5,50,18.31892481589127
2026-03-13 22:31:25,36.62,21.3,36.4436,36.6198,21.3001,21.2894,37.5,50,7.040867273213285
2026-03-13 22:31:25,36.539,21.341,36.4839,36.5393,21.3413,21.2802,37.5,50,29.825630405023638
2026-03-13 22:31:26,36.66,21.366,36.4839,36.6601,21.3657,21.3062,37.5,50,0
2026-03-13 22:31:26,36.539,21.355,36.504,36.5393,21.355,21.2558,37.5,50,34.147154884371794
2026-03-13 22:31:27,36.66,21.324,36.4436,36.6601,21.3245,21.294,37.5,50,0
2026-03-13 22:31:27,36.539,21.337,36.4436,36.5393,21.3367,21.2802,37.5,50,34.14848136967203
2026-03-13 22:31:28,36.559,21.337,36.4436,36.5594,21.3367,21.2818,37.5,50,16.519762630354247
2026-03-13 22:31:28,36.559,21.323,36.4234,36.5594,21.323,21.3062,37.5,50,18.68000000000052
2026-03-13 22:31:28,36.58,21.34,36.4637,36.5795,21.3397,21.297,37.5,50,13.892591997736428
2026-03-13 22:31:29,36.539,21.349,36.4436,36.5393,21.3489,21.3413,37.5,50,25.50579317807609
2026-03-13 22:31:29,36.62,21.387,36.4436,36.6198,21.3367,21.387,37.5,50,2.6118017994199594
2026-03-13 22:31:30,36.58,21.344,36.4033,36.5795,21.3443,21.297,37.5,50,20.479309526581783
2026-03-13 22:31:30,36.539,21.36,36.4234,36.5393,21.3596,21.2802,37.5,50,25.50709514566791
2026-03-13 22:31:31,36.499,21.384,36.4234,36.499,21.384,21.3123,37.5,50,30.199144442099985
2026-03-13 22:31:31,36.58,21.364,36.4637,36.5795,21.3642,21.3092,37.5,50,7.416465471371774
2026-03-13 22:31:32,36.519,21.361,36.4436,36.5191,21.3611,21.3275,37.5,50,30.066071378062937
2026-03-13 22:31:32,36.64,21.352,36.4637,36.64,21.3519,21.3031,37.5,50,0
2026-03-13 22:31:33,36.64,21.347,36.4234,36.64,21.3474,21.3153,37.5,50,8.96000000000015
2026-03-13 22:31:33,36.559,21.349,36.4436,36.5594,21.3489,21.3062,37.5,50,27.423428085936404
2026-03-13 22:31:34,36.539,21.353,36.4839,36.5393,21.3535,21.3413,37.5,50,23.23928577874299
2026-03-13 22:31:34,36.519,21.361,36.4436,36.5191,21.3611,21.3153,37.5,50,25.63884176084403
2026-03-13 22:31:34,36.539,21.335,36.4234,36.5393,21.3352,21.3046,37.5,50,18.92062507961241
2026-03-13 22:31:35,36.58,21.347,36.4234,36.5795,21.3474,21.2726,37.5,50,11.734266004486287
2026-03-13 22:31:35,36.58,21.416,36.3832,36.5795,21.416,21.2726,37.5,50,16.160000000000423
2026-03-13 22:31:36,36.58,21.384,36.4234,36.5795,21.384,21.297,37.5,50,16.160000000000423
2026-03-13 22:31:36,36.6,21.381,36.4033,36.5997,21.3809,21.323,37.5,50,11.600418129602454
2026-03-13 22:31:37,36.519,21.349,36.4436,36.5191,21.3489,21.2787,37.5,50,32.22642468564805
2026-03-13 22:31:37,36.62,21.34,36.363,36.6198,21.3397,21.2894,37.5,50,0.45756878655235766
2026-03-13 22:31:38,36.58,21.381,36.4033,36.5795,21.3809,21.3092,37.5,50,20.476027827002607
2026-03-13 22:31:38,36.539,21.363,36.3429,36.5393,21.3626,21.3046,37.5,50,25.506225084801276
2026-03-13 22:31:39,36.62,21.384,36.4234,36.6198,21.384,21.3504,37.5,50,2.615952003301265
2026-03-13 22:31:39,36.58,21.367,36.3832,36.5795,21.3672,21.3458,37.5,50,20.478632665274766
2026-03-13 22:31:40,36.58,21.337,36.4436,36.5795,21.3367,21.3092,37.5,50,16.160000000000423
2026-03-13 22:31:40,36.559,21.355,36.3832,36.5594,21.355,21.3184,37.5,50,20.946933848498816
2026-03-13 22:31:41,36.559,21.352,36.363,36.5594,21.3519,21.294,37.5,50,18.68000000000052
2026-03-13 22:31:41,36.539,21.381,36.4033,36.5393,21.3809,21.3046,37.5,50,23.2393734282598
2026-03-13 22:31:41,36.559,21.372,36.4234,36.5594,21.3718,21.2818,37.5,50,16.520825668265715
2026-03-13 22:31:42,36.499,21.392,36.3832,36.499,21.3916,21.3123,37.5,50,32.3576346761521
2026-03-13 22:31:42,36.62,21.399,36.3429,36.6198,21.3993,21.3016,37.5,50,0
2026-03-13 22:31:43,36.499,21.375,36.3429,36.499,21.3748,21.3001,37.5,50,38.94378948212146
2026-03-13 22:31:43,36.519,21.352,36.363,36.5191,21.3519,21.2787,37.5,50,21.320647615174515
2026-03-13 22:31:44,36.559,21.381,36.4033,36.5594,21.3809,21.294,37.5,50,14.361939570840018
2026-03-13 22:31:44,36.58,21.416,36.3832,36.5795,21.416,21.3458,37.5,50,13.893104982017258
2026-03-13 22:31:45,36.6,21.372,36.4234,36.5997,21.3718,21.3107,37.5,50,11.60152941990081
2026-03-13 22:31:45,36.559,21.399,36.3429,36.5594,21.3993,21.355,37.5,50,23.10632410516675
2026-03-13 22:31:46,36.539,21.375,36.3429,36.5393,21.3748,21.3413,37.5,50,23.239271628102646
2026-03-13 22:31:46,36.459,21.416,36.3832,36.4587,21.416,21.3077,37.5,50,39.315727080237174
2026-03-13 22:31:47,36.479,21.384,36.4234,36.4788,21.384,21.323,37.5,50,26.121249205531896
2026-03-13 22:31:47,36.539,21.376,36.363,36.5393,21.3764,21.3169,37.5,50,14.603719529414171
2026-03-13 22:31:47,36.559,21.392,36.3832,36.5594,21.3916,21.3062,37.5,50,16.520438081130564
2026-03-13 22:31:48,36.499,21.364,36.363,36.499,21.3642,21.3123,37.5,50,32.359125275586074
2026-03-13 22:31:48,36.519,21.413,36.4637,36.5191,21.413,21.3275,37.5,50,21.320481382788174
2026-03-13 22:31:49,36.459,21.372,36.4234,36.4587,21.3718,21.3199,37.5,50,37.12845834513963
2026-03-13 22:31:49,36.539,21.367,36.3832,36.5393,21.3672,21.3291,37.5,50,12.44073962159523
2026-03-13 22:31:50,36.499,21.393,36.4033,36.499,21.3931,21.3367,37.5,50,30.198923065131194
2026-03-13 22:31:50,36.6,21.399,36.3429,36.5997,21.3993,21.2985,37.5,50,2.854247754933821
2026-03-13 22:31:51,36.519,21.361,36.4436,36.5191,21.3611,21.3275,37.5,50,32.22655201741184
2026-03-13 22:31:51,36.539,21.405,36.4033,36.5393,21.4054,21.3169,37.5,50,18.920933327904457
2026-03-13 22:31:52,36.439,21.361,36.3227,36.4385,21.3611,21.3306,37.5,50,43.87840287388728
2026-03-13 22:31:52,36.519,21.373,36.4436,36.5191,21.3733,21.3153,37.5,50,14.840105983162792
2026-03-13 22:31:53,36.519,21.352,36.3227,36.5191,21.3489,21.3519,37.5,50,23.480000000000416
2026-03-13 22:31:53,36.519,21.352,36.3026,36.5191,21.3458,21.3519,37.5,50,23.480000000000416
2026-03-13 22:31:53,36.6,21.369,36.4033,36.5997,21.3687,21.323,37.5,50,5.012847125367932
2026-03-13 22:31:54,36.519,21.389,36.363,36.5191,21.3886,21.3275,37.5,50,32.22603013373008
2026-03-13 22:31:54,36.539,21.41,36.4436,36.5393,21.4099,21.3413,37.5,50,18.92031260144668
2026-03-13 22:31:55,36.539,21.387,36.3429,36.5393,21.387,21.3169,37.5,50,21.08000000000004
2026-03-13 22:31:55,36.559,21.376,36.363,36.5594,21.3764,21.355,37.5,50,16.520291308938646
2026-03-13 22:31:56,36.499,21.384,36.4234,36.499,21.384,21.3611,37.5,50,32.35890361971594
2026-03-13 22:31:56,36.439,21.387,36.3429,36.4385,21.387,21.3306,37.5,50,39.558725617567966
2026-03-13 22:31:57,36.499,21.381,36.4033,36.499,21.3809,21.3489,37.5,50,19.40153940869523
2026-03-13 22:31:57,36.519,21.41,36.4436,36.5191,21.4099,21.3397,37.5,50,21.320105848119486
2026-03-13 22:31:58,36.58,21.398,36.4436,36.5795,21.3977,21.3825,37.5,50,9.572223049480794
2026-03-13 22:31:58,36.499,21.34,36.363,36.499,21.3397,21.3123,37.5,50,34.62767400428126
2026-03-13 22:31:59,36.519,21.381,36.4033,36.5191,21.3809,21.3031,37.5,50,21.32025557016091
2026-03-13 22:31:59,36.559,21.396,36.4234,36.5594,21.3962,21.2818,37.5,50,14.361818314799851
2026-03-13 22:31:59,36.499,21.421,36.4234,36.499,21.4206,21.3123,37.5,50,32.35933232294702
2026-03-13 22:32:00,36.499,21.379,36.3832,36.499,21.3794,21.3733,37.5,50,25.87999999999994
2026-03-13 22:32:00,36.439,21.413,36.363,36.4385,21.413,21.355,37.5,50,39.55837038406999
2026-03-13 22:32:01,36.499,21.376,36.363,36.499,21.3764,21.3367,37.5,50,19.40616425640098
2026-03-13 22:32:01,36.519,21.379,36.3832,36.5191,21.3794,21.2787,37.5,50,21.320855644726663
2026-03-13 22:32:02,36.539,21.392,36.3832,36.5393,21.3916,21.3779,37.5,50,18.92092413525116
2026-03-13 22:32:02,36.58,21.357,36.4033,36.5795,21.3565,21.3336,37.5,50,11.733177323407155
2026-03-13 22:32:03,36.539,21.366,36.363,36.5393,21.3642,21.3657,37.5,50,25.506696324121016
2026-03-13 22:32:03,36.499,21.379,36.3832,36.499,21.3794,21.3489,37.5,50,30.19903575142697
2026-03-13 22:32:04,36.519,21.381,36.4033,36.5191,21.3809,21.3642,37.5,50,21.320649582875866
2026-03-13 22:32:04,36.559,21.357,36.4033,36.5594,21.3565,21.3184,37.5,50,14.360910971894324
2026-03-13 22:32:05,36.519,21.389,36.4637,36.5191,21.3886,21.2787,37.5,50,27.79040693832159
2026-03-13 22:32:05,36.58,21.37,36.4033,36.5795,21.3687,21.3703,37.5,50,9.573323018379451
2026-03-13 22:32:06,36.499,21.422,36.4436,36.499,21.4221,21.3489,37.5,50,34.62759950479972
2026-03-13 22:32:06,36.499,21.367,36.3832,36.499,21.3672,21.3489,37.5,50,25.87999999999994
2026-03-13 22:32:06,36.539,21.39,36.4436,36.5393,21.3611,21.3901,37.5,50,16.764043862035333
2026-03-13 22:32:07,36.519,21.396,36.4234,36.5191,21.3962,21.3275,37.5,50,25.638805315584612
2026-03-13 22:32:07,36.519,21.379,36.3832,36.5191,21.3794,21.3275,37.5,50,23.480000000000416
2026-03-13 22:32:08,36.439,21.376,36.363,36.4385,21.3764,21.294,37.5,50,41.71805570288771
2026-03-13 22:32:08,36.439,21.392,36.3832,36.4385,21.3916,21.355,37.5,50,33.08000000000021
2026-03-13 22:32:09,36.499,21.386,36.4436,36.499,21.3733,21.3855,37.5,50,19.400730369190207
2026-03-13 22:32:09,36.519,21.369,36.4033,36.5191,21.3687,21.3397,37.5,50,21.32029381368606
2026-03-13 22:32:10,36.519,21.35,36.3429,36.5191,21.3504,21.3031,37.5,50,23.480000000000416
2026-03-13 22:32:10,36.479,21.372,36.4234,36.4788,21.3718,21.3474,37.5,50,32.599419704969094
2026-03-13 22:32:11,36.519,21.364,36.4234,36.5191,21.3474,21.3642,37.5,50,19.160434240071332
2026-03-13 22:32:11,36.58,21.372,36.4234,36.5795,21.3718,21.3336,37.5,50,9.575053896241165
2026-03-13 22:32:12,36.459,21.393,36.4033,36.4587,21.3931,21.3199,37.5,50,43.74556763344618
2026-03-13 22:32:12,36.499,21.369,36.4033,36.499,21.3687,21.3245,37.5,50,21.56052887466238
2026-03-13 22:32:12,36.418,21.35,36.3429,36.4184,21.3504,21.3397,37.5,50,44.34701649526109
2026-03-13 22:32:13,36.499,21.36,36.4234,36.499,21.3596,21.3123,37.5,50,17.133402912187556
2026-03-13 22:32:13,36.539,21.353,36.4234,36.5393,21.3474,21.3535,37.5,50,16.760816260766504
2026-03-13 22:32:14,36.539,21.352,36.363,36.5393,21.3519,21.3291,37.5,50,21.08000000000004
2026-03-13 22:32:14,36.539,21.39,36.4839,36.5393,21.3901,21.3291,37.5,50,21.08000000000004
2026-03-13 22:32:15,36.539,21.353,36.4234,36.5393,21.3474,21.3535,37.5,50,21.08000000000004
2026-03-13 22:32:15,36.499,21.373,36.4033,36.499,21.3565,21.3733,37.5,50,30.199576675265003
2026-03-13 22:32:16,36.559,21.369,36.4033,36.5594,21.3687,21.355,37.5,50,12.198987439780378
2026-03-13 22:32:16,36.418,21.364,36.3832,36.4184,21.3306,21.3642,37.5,50,50
2026-03-13 22:32:17,36.499,21.349,36.3227,36.499,21.3489,21.3001,37.5,50,17.12996272322045
2026-03-13 22:32:17,36.539,21.353,36.3227,36.5393,21.3245,21.3535,37.5,50,16.759085787885407
2026-03-13 22:32:18,36.499,21.372,36.4234,36.499,21.3718,21.3123,37.5,50,30.200508563260563
2026-03-13 22:32:18,36.519,21.372,36.4234,36.5191,21.3718,21.2909,37.5,50,21.3197743995192
2026-03-13 22:32:18,36.499,21.349,36.4436,36.499,21.3489,21.3123,37.5,50,28.040223607856532
2026-03-13 22:32:19,36.499,21.344,36.2824,36.499,21.3443,21.3123,37.5,50,25.87999999999994
2026-03-13 22:32:19,36.484,21.372,36.4839,36.4788,21.3413,21.3718,37.5,50,29.29998892847708
2026-03-13 22:32:20,36.559,21.367,36.3832,36.5594,21.3428,21.3672,37.5,50,10.581494023397747
2026-03-13 22:32:20,36.519,21.34,36.363,36.5191,21.3397,21.3397,37.5,50,27.798129652232298
2026-03-13 22:32:21,36.499,21.344,36.4033,36.499,21.3443,21.3367,37.5,50,28.03928967195017
2026-03-13 22:32:21,36.539,21.335,36.4234,36.5393,21.3352,21.3291,37.5,50,16.78009238265445
2026-03-13 22:32:22,36.519,21.328,36.363,36.5191,21.3153,21.3275,37.5,50,25.63958050390582
2026-03-13 22:32:22,36.499,21.361,36.3832,36.499,21.355,21.3611,37.5,50,28.039592960954867
2026-03-13 22:32:23,36.499,21.337,36.4234,36.499,21.3352,21.3367,37.5,50,25.87999999999994
2026-03-13 22:32:23,36.519,21.352,36.4033,36.5191,21.3199,21.3519,37.5,50,21.32041367100795
2026-03-13 22:32:24,36.499,21.337,36.4637,36.499,21.3031,21.3367,37.5,50,28.03925485272388
2026-03-13 22:32:24,36.559,21.338,36.3429,36.5594,21.3382,21.3184,37.5,50,12.202161127276717
2026-03-13 22:32:25,36.464,21.328,36.4637,36.4184,21.3275,21.2909,37.5,50,40.338301416500265
2026-03-13 22:32:25,36.559,21.343,36.3832,36.5594,21.3428,21.3062,37.5,50,8.42342991273511
2026-03-13 22:32:25,36.499,21.34,36.363,36.499,21.3397,21.3123,37.5,50,32.358558565810704
2026-03-13 22:32:26,36.479,21.308,36.4033,36.4788,21.3077,21.2741,37.5,50,30.43959611838098
2026-03-13 22:32:26,36.499,21.324,36.4436,36.499,21.3245,21.3123,37.5,50,23.720369909561956
2026-03-13 22:32:27,36.479,21.328,36.363,36.4788,21.3275,21.3107,37.5,50,30.439567599282302
2026-03-13 22:32:27,36.499,21.337,36.4436,36.499,21.3367,21.3123,37.5,50,23.720559540563794
2026-03-13 22:32:28,36.459,21.332,36.4033,36.4587,21.3321,21.2955,37.5,50,34.999069711429385
2026-03-13 22:32:28,36.539,21.317,36.4436,36.5393,21.3001,21.3169,37.5,50,12.446433212504745
2026-03-13 22:32:29,36.539,21.311,36.4234,36.5393,21.3107,21.3046,37.5,50,21.08000000000004
2026-03-13 22:32:29,36.479,21.311,36.4234,36.4788,21.3107,21.2741,37.5,50,34.75639619120469
2026-03-13 22:32:30,36.484,21.329,36.4839,36.4385,21.3291,21.294,37.5,50,27.140274848211185
2026-03-13 22:32:30,36.519,21.315,36.4436,36.5191,21.3001,21.3153,37.5,50,19.701960372172145
2026-03-13 22:32:31,36.519,21.328,36.4637,36.5191,21.3275,21.3275,37.5,50,23.480000000000416
2026-03-13 22:32:31,36.559,21.355,36.4637,36.5594,21.3153,21.355,37.5,50,14.360814451197498
2026-03-13 22:32:31,36.519,21.328,36.4033,36.5191,21.3199,21.3275,37.5,50,27.796944999213274
2026-03-13 22:32:32,36.464,21.328,36.4637,36.4587,21.3275,21.3199,37.5,50,36.017187894175336
2026-03-13 22:32:32,36.519,21.328,36.4436,36.5191,21.2879,21.3275,37.5,50,17.54301452479891
2026-03-13 22:32:33,36.499,21.323,36.4234,36.499,21.323,21.2879,37.5,50,28.03907321229652
2026-03-13 22:32:33,36.499,21.295,36.4033,36.499,21.2955,21.2879,37.5,50,25.87999999999994
2026-03-13 22:32:34,36.499,21.337,36.4839,36.499,21.268,21.3367,37.5,50,25.87999999999994
2026-03-13 22:32:34,36.484,21.335,36.4839,36.4788,21.2924,21.3352,37.5,50,29.299077999324993
2026-03-13 22:32:35,36.559,21.306,36.4436,36.5594,21.2634,21.3062,37.5,50,10.584589329112612
2026-03-13 22:32:35,36.6,21.286,36.4234,36.5997,21.2741,21.2863,37.5,50,9.334467035654953
2026-03-13 22:32:36,36.539,21.294,36.504,36.5393,21.294,21.2802,37.5,50,27.66428309476221
2026-03-13 22:32:36,36.499,21.3,36.4436,36.499,21.3001,21.2879,37.5,50,30.198090318337414
2026-03-13 22:32:37,36.459,21.283,36.4436,36.4587,21.2634,21.2833,37.5,50,34.99708976862598
2026-03-13 22:32:37,36.439,21.283,36.4033,36.4385,21.2833,21.2818,37.5,50,35.239478507018156
2026-03-13 22:32:37,36.559,21.282,36.4839,36.5594,21.268,21.2818,37.5,50,5.727613452191184
2026-03-13 22:32:38,36.519,21.279,36.4436,36.5191,21.2757,21.2787,37.5,50,27.799158759866277
2026-03-13 22:32:38,36.499,21.288,36.4436,36.499,21.2879,21.2634,37.5,50,28.03917605202747
2026-03-13 22:32:39,36.539,21.305,36.4436,36.5393,21.2634,21.3046,37.5,50,16.76611278301881
2026-03-13 22:32:39,36.519,21.266,36.504,36.5191,21.2451,21.2665,37.5,50,25.63917390749124
2026-03-13 22:32:40,36.62,21.424,36.4436,36.6198,21.2757,21.4237,37.5,50,0.45613852398544985
2026-03-13 22:32:40,36.539,21.28,36.5241,36.5393,21.2482,21.2802,37.5,50,29.824643865146477
2026-03-13 22:32:41,36.58,21.273,36.4436,36.5795,21.2512,21.2726,37.5,50,11.733395783030996
2026-03-13 22:32:41,36.58,21.358,36.4033,36.5795,21.2711,21.3581,37.5,50,16.160000000000423
2026-03-13 22:32:42,36.539,21.271,36.4033,36.5393,21.2711,21.268,37.5,50,25.50585609831071
2026-03-13 22:32:42,36.499,21.3,36.4839,36.499,21.2802,21.3001,37.5,50,30.198270165571323
2026-03-13 22:32:43,36.559,21.282,36.4637,36.5594,21.2299,21.2818,37.5,50,12.202531759915937
2026-03-13 22:32:43,36.524,21.303,36.5241,36.5191,21.2726,21.3031,37.5,50,26.6586131622115
2026-03-13 22:32:43,36.519,21.274,36.4234,36.5191,21.2741,21.2421,37.5,50,24.019775160371267
2026-03-13 22:32:44,36.559,21.27,36.4436,36.5594,21.2634,21.2696,37.5,50,14.361853267742296
2026-03-13 22:32:44,36.519,21.279,36.4637,36.5191,21.2787,21.2787,37.5,50,27.79893779180271
2026-03-13 22:32:45,36.559,21.282,36.4436,36.5594,21.2634,21.2818,37.5,50,14.362272472502841
2026-03-13 22:32:45,36.479,21.299,36.4436,36.4788,21.2512,21.2985,37.5,50,36.91613501039268
2026-03-13 22:32:46,36.58,21.251,36.4436,36.5795,21.2512,21.236,37.5,50,5.257251660245418
2026-03-13 22:32:46,36.564,21.282,36.5644,36.5594,21.2772,21.2818,37.5,50,19.807324036059335
2026-03-13 22:32:47,36.58,21.297,36.4839,36.5795,21.2314,21.297,37.5,50,14.432604685371043
2026-03-13 22:32:47,36.499,21.288,36.4637,36.499,21.2421,21.2879,37.5,50,34.624720259084555
2026-03-13 22:32:48,36.58,21.297,36.4637,36.5795,21.2665,21.297,37.5,50,7.415388251625698
2026-03-13 22:32:48,36.499,21.3,36.4637,36.499,21.2299,21.3001,37.5,50,34.62418813487069
2026-03-13 22:32:49,36.519,21.279,36.4839,36.5191,21.2558,21.2787,37.5,50,21.32038277280416
2026-03-13 22:32:49,36.539,21.292,36.4234,36.5393,21.0788,21.2924,37.5,50,18.92098686469547
2026-03-13 22:32:50,36.539,21.366,36.4234,36.5393,21.1765,21.3657,37.5,50,21.08000000000004
2026-03-13 22:32:50,36.6,21.311,36.4436,36.5997,21.1902,21.3107,37.5,50,7.17466187059073
2026-03-13 22:32:50,36.539,21.28,36.4436,36.5393,21.239,21.2802,37.5,50,27.664424342586138
2026-03-13 22:32:51,36.519,21.254,36.4637,36.5191,21.2543,21.2543,37.5,50,25.638753581274923
2026-03-13 22:32:51,36.559,21.245,36.4637,36.5594,21.2421,21.2451,37.5,50,14.362072295787929
2026-03-13 22:32:52,36.539,21.292,36.4637,36.5393,21.2543,21.2924,37.5,50,23.236733982158018
2026-03-13 22:32:52,36.499,21.251,36.4839,36.499,21.2436,21.2512,37.5,50,30.19704798428353
2026-03-13 22:32:53,36.519,21.254,36.4234,36.5191,21.2009,21.2543,37.5,50,21.32156728289212
2026-03-13 22:32:53,36.62,21.289,36.4033,36.6198,21.21,21.2894,37.5,50,0.4612312902302378
2026-03-13 22:32:54,36.519,21.256,36.4839,36.5191,21.2558,21.2543,37.5,50,34.37777560840807
2026-03-13 22:32:54,36.504,21.276,36.504,36.499,21.2573,21.2757,37.5,50,26.8994780559566
2026-03-13 22:32:55,36.539,21.268,36.4839,36.5393,21.268,21.2558,37.5,50,17.30198810350257
2026-03-13 22:32:55,36.58,21.26,36.4234,36.5795,21.2375,21.2604,37.5,50,11.734604826189557
2026-03-13 22:32:56,36.459,21.259,36.4436,36.4587,21.2268,21.2589,37.5,50,43.74042282434581
2026-03-13 22:32:56,36.58,21.321,36.4033,36.5795,21.2222,21.3214,37.5,50,3.095345779559075
2026-03-13 22:32:56,36.559,21.27,36.4637,36.5594,21.2421,21.2696,37.5,50,20.947763026565028
2026-03-13 22:32:57,36.539,21.234,36.4033,36.5393,21.2345,21.2314,37.5,50,23.239898681744968
2026-03-13 22:32:57,36.499,21.263,36.4436,36.499,21.2268,21.2634,37.5,50,30.199649856093828
2026-03-13 22:32:58,36.519,21.279,36.4436,36.5191,21.2146,21.2787,37.5,50,21.320175725032296
2026-03-13 22:32:58,36.519,21.254,36.4637,36.5191,21.2055,21.2543,37.5,50,23.480000000000416
2026-03-13 22:32:59,36.559,21.294,36.4234,36.5594,21.2497,21.294,37.5,50,14.36188722255496
2026-03-13 22:32:59,36.464,21.247,36.4637,36.4587,21.2299,21.2467,37.5,50,40.33553252676655
2026-03-13 22:33:00,36.539,21.256,36.4234,36.5393,21.2375,21.2558,37.5,50,12.981437881564515
2026-03-13 22:33:00,36.539,21.268,36.4839,36.5393,21.2314,21.268,37.5,50,21.08000000000004
2026-03-13 22:33:01,36.539,21.268,36.4033,36.5393,21.2345,21.268,37.5,50,21.08000000000004
2026-03-13 22:33:01,36.484,21.256,36.4839,36.4788,21.2558,21.2497,37.5,50,33.61746267899707
2026-03-13 22:33:02,36.539,21.268,36.4637,36.5393,21.2055,21.268,37.5,50,15.140513056681915
2026-03-13 22:33:02,36.479,21.213,36.4033,36.4788,21.21,21.2131,37.5,50,34.758612625837415
2026-03-13 22:33:02,36.519,21.23,36.4839,36.5191,21.2192,21.2299,37.5,50,19.162374968023656
2026-03-13 22:33:03,36.539,21.244,36.4436,36.5393,21.2024,21.2436,37.5,50,18.920333012010786
2026-03-13 22:33:03,36.539,21.268,36.4637,36.5393,21.2177,21.268,37.5,50,21.08000000000004
2026-03-13 22:33:04,36.539,21.268,36.4637,36.5393,21.2177,21.268,37.5,50,21.08000000000004
2026-03-13 22:33:04,36.519,21.218,36.4436,36.5191,21.1902,21.2177,37.5,50,25.638335179555824
2026-03-13 22:33:05,36.559,21.27,36.4234,36.5594,21.2009,21.2696,37.5,50,14.36303352267284
2026-03-13 22:33:05,36.519,21.254,36.504,36.5191,21.2207,21.2543,37.5,50,27.797637764421673
2026-03-13 22:33:06,36.519,21.242,36.4234,36.5191,21.2131,21.2421,37.5,50,23.480000000000416
2026-03-13 22:33:06,36.519,21.291,36.4234,36.5191,21.1887,21.2909,37.5,50,23.480000000000416
2026-03-13 22:33:07,36.479,21.262,36.4234,36.4788,21.2375,21.2619,37.5,50,32.59928912586812
2026-03-13 22:33:07,36.58,21.248,36.5241,36.5795,21.2116,21.2482,37.5,50,5.252792827439906
2026-03-13 22:33:08,36.499,21.239,36.4436,36.499,21.2146,21.239,37.5,50,34.62327172049146
2026-03-13 22:33:08,36.559,21.221,36.4436,36.5594,21.1902,21.2207,37.5,50,12.201057440137662
2026-03-13 22:33:09,36.559,21.294,36.5241,36.5594,21.1872,21.294,37.5,50,18.68000000000052
2026-03-13 22:33:09,36.499,21.227,36.4839,36.499,21.1948,21.2268,37.5,50,32.357988094442334
2026-03-13 22:33:09,36.519,21.279,36.504,36.5191,21.1963,21.2787,37.5,50,21.320292115869297
2026-03-13 22:33:10,36.58,21.273,36.4436,36.5795,21.2146,21.2726,37.5,50,9.575660034423315
2026-03-13 22:33:10,36.559,21.282,36.4234,36.5594,21.1521,21.2818,37.5,50,20.947612006325297
2026-03-13 22:33:11,36.504,21.263,36.504,36.499,21.2085,21.2634,37.5,50,31.217390826901653
2026-03-13 22:33:11,36.504,21.215,36.504,36.499,21.1963,21.2146,37.5,50,25.280000000000484
2026-03-13 22:33:12,36.6,21.238,36.4637,36.5997,21.181,21.2375,37.5,50,3.393544099363682
2026-03-13 22:33:12,36.484,21.274,36.4839,36.4788,21.1704,21.2741,37.5,50,40.20566679193706
2026-03-13 22:33:13,36.539,21.244,36.4637,36.5393,21.2055,21.2436,37.5,50,15.143020971932803
2026-03-13 22:33:13,36.559,21.245,36.4436,36.5594,21.178,21.2451,37.5,50,16.520662307566496
2026-03-13 22:33:14,36.539,21.256,36.4234,36.5393,21.1887,21.2558,37.5,50,23.239032619870905
2026-03-13 22:33:14,36.58,21.248,36.5241,36.5795,21.1994,21.2482,37.5,50,11.73357830368799
2026-03-13 22:33:15,36.519,21.23,36.4839,36.5191,21.2192,21.2299,37.5,50,30.06375114933408
2026-03-13 22:33:15,36.64,21.303,36.4839,36.64,21.1948,21.3031,37.5,50,0
2026-03-13 22:33:15,36.539,21.231,36.4839,36.5393,21.207,21.2314,37.5,50,31.977540983040157
2026-03-13 22:33:16,36.559,21.27,36.4436,36.5594,21.2146,21.2696,37.5,50,16.520504084567744
2026-03-13 22:33:16,36.539,21.268,36.4436,36.5393,21.2268,21.268,37.5,50,23.238123792263195
2026-03-13 22:33:17,36.559,21.257,36.4839,36.5594,21.1948,21.2573,37.5,50,16.52063667618414
2026-03-13 22:33:17,36.58,21.248,36.4436,36.5795,21.178,21.2482,37.5,50,13.892491657848563
2026-03-13 22:33:18,36.519,21.205,36.4234,36.5191,21.2009,21.2055,37.5,50,30.063043651715766
2026-03-13 22:33:18,36.564,21.292,36.5644,36.5393,21.1917,21.2924,37.5,50,13.224010770507675
2026-03-13 22:33:19,36.585,21.282,36.5846,36.5594,21.2421,21.2818,37.5,50,13.293888292148187
2026-03-13 22:33:19,36.58,21.248,36.504,36.5795,21.1841,21.2482,37.5,50,16.699784259027997
2026-03-13 22:33:20,36.6,21.238,36.4839,36.5997,21.1704,21.2375,37.5,50,11.599618632024377
2026-03-13 22:33:20,36.58,21.26,36.4234,36.5795,21.1643,21.2604,37.5,50,18.319464255921776
2026-03-13 22:33:21,36.519,21.254,36.4436,36.5191,21.1902,21.2543,37.5,50,30.0666267984406
2026-03-13 22:33:21,36.539,21.244,36.4839,36.5393,21.2436,21.2314,37.5,50,18.92036027368971
2026-03-13 22:33:21,36.499,21.227,36.4234,36.499,21.1643,21.2268,37.5,50,30.200019427299342
2026-03-13 22:33:22,36.464,21.259,36.4637,36.4587,21.1933,21.2589,37.5,50,33.85976703148902
2026-03-13 22:33:22,36.58,21.236,36.4637,36.5795,21.2177,21.236,37.5,50,3.6326187353783777
2026-03-13 22:33:23,36.559,21.209,36.4637,36.5594,21.1688,21.2085,37.5,50,20.947785067133495
2026-03-13 22:33:23,36.62,21.265,36.5443,36.6198,21.1765,21.265,37.5,50,4.771997624104154
2026-03-13 22:33:24,36.58,21.224,36.5241,36.5795,21.1872,21.2238,37.5,50,20.47947165708696
2026-03-13 22:33:24,36.585,21.221,36.5846,36.5594,21.2055,21.2207,37.5,50,15.020384506257617
2026-03-13 22:33:25,36.519,21.23,36.4839,36.5191,21.1582,21.2299,37.5,50,30.603970048794295
2026-03-13 22:33:25,36.58,21.236,36.4637,36.5795,21.1933,21.236,37.5,50,9.574129426920123
2026-03-13 22:33:26,36.524,21.215,36.5241,36.499,21.1872,21.2146,37.5,50,28.9263762151914
2026-03-13 22:33:26,36.519,21.218,36.4839,36.5191,21.146,21.2177,37.5,50,24.019852736639123
2026-03-13 22:33:27,36.62,21.228,36.4637,36.6198,21.1688,21.2284,37.5,50,0.46882066758424656
2026-03-13 22:33:27,36.539,21.207,36.3832,36.5393,21.1353,21.207,37.5,50,29.8253442621306
2026-03-13 22:33:27,36.539,21.256,36.5241,36.5393,21.1749,21.2558,37.5,50,21.08000000000004
2026-03-13 22:33:28,36.58,21.224,36.5241,36.5795,21.1872,21.2238,37.5,50,11.732005012137087
2026-03-13 22:33:28,36.499,21.276,36.4839,36.499,21.207,21.2757,37.5,50,34.627289277147824
2026-03-13 22:33:29,36.524,21.23,36.5241,36.5191,21.1627,21.2299,37.5,50,20.180980463974713
2026-03-13 22:33:29,36.524,21.236,36.5241,36.4587,21.236,21.2222,37.5,50,22.88000000000011
2026-03-13 22:33:30,36.559,21.221,36.5241,36.5594,21.1505,21.2207,37.5,50,14.900838110779889
2026-03-13 22:33:30,36.559,21.233,36.5241,36.5594,21.1627,21.2329,37.5,50,18.68000000000052
2026-03-13 22:33:31,36.504,21.213,36.504,36.4788,21.2085,21.2131,37.5,50,31.2186391342374
2026-03-13 22:33:31,36.62,21.253,36.504,36.6198,21.1475,21.2528,37.5,50,0
2026-03-13 22:33:32,36.58,21.273,36.504,36.5795,21.1719,21.2726,37.5,50,20.47925166442339
2026-03-13 22:33:32,36.6,21.238,36.4637,36.5997,21.1688,21.2375,37.5,50,11.600266023244476
2026-03-13 22:33:33,36.539,21.195,36.4839,36.5393,21.1948,21.1948,37.5,50,27.663754602785144
2026-03-13 22:33:33,36.539,21.195,36.4839,36.5393,21.1826,21.1948,37.5,50,21.08000000000004
2026-03-13 22:33:34,36.559,21.245,36.4234,36.5594,21.1765,21.2451,37.5,50,16.522221920364903
2026-03-13 22:33:34,36.559,21.245,36.4436,36.5594,21.1658,21.2451,37.5,50,18.68000000000052
2026-03-13 22:33:34,36.519,21.242,36.4436,36.5191,21.1292,21.2421,37.5,50,27.797733241516003
2026-03-13 22:33:35,36.6,21.238,36.504,36.5997,21.1963,21.2375,37.5,50,5.013648659241682
2026-03-13 22:33:35,36.559,21.221,36.3832,36.5594,21.1597,21.2207,37.5,50,23.107635833330686
2026-03-13 22:33:36,36.539,21.219,36.4637,36.5393,21.1566,21.2192,37.5,50,23.239863838209093
2026-03-13 22:33:36,36.6,21.213,36.4234,36.5997,21.1765,21.2131,37.5,50,7.172570876095149
2026-03-13 22:33:37,36.58,21.224,36.4234,36.5795,21.1643,21.2238,37.5,50,18.31967496373579
2026-03-13 22:33:37,36.62,21.241,36.4436,36.6198,21.2146,21.2406,37.5,50,7.040952225991928
2026-03-13 22:33:38,36.6,21.238,36.5241,36.5997,21.1749,21.2375,37.5,50,15.919572388945124
2026-03-13 22:33:38,36.64,21.23,36.5241,36.64,21.1749,21.2299,37.5,50,4.640521467490913
2026-03-13 22:33:39,36.524,21.163,36.5241,36.4788,21.1627,21.1521,37.5,50,35.40310161384434
2026-03-13 22:33:39,36.539,21.244,36.504,36.5393,21.1475,21.2436,37.5,50,19.460817056940947
2026-03-13 22:33:40,36.519,21.23,36.4839,36.5191,21.1704,21.2299,37.5,50,25.63955795006381
2026-03-13 22:33:40,36.519,21.242,36.4436,36.5191,21.178,21.2421,37.5,50,23.480000000000416
2026-03-13 22:33:40,36.559,21.233,36.4436,36.5594,21.1658,21.2329,37.5,50,14.36139330551279
2026-03-13 22:33:41,36.519,21.34,36.504,36.5191,21.1353,21.3397,37.5,50,27.796008574951344
2026-03-13 22:33:41,36.479,21.262,36.4637,36.4788,21.1688,21.2619,37.5,50,32.59857934390154
2026-03-13 22:33:42,36.519,21.23,36.504,36.5191,21.1719,21.2299,37.5,50,19.162935894736258
2026-03-13 22:33:42,36.559,21.233,36.504,36.5594,21.1353,21.2329,37.5,50,14.361662627945782
2026-03-13 22:33:43,36.559,21.209,36.504,36.5594,21.1719,21.2085,37.5,50,18.68000000000052
2026-03-13 22:33:43,36.6,21.225,36.4637,36.5997,21.1566,21.2253,37.5,50,9.33278412014145
2026-03-13 22:33:44,36.504,21.213,36.504,36.4788,21.1597,21.2131,37.5,50,35.643767415829615
2026-03-13 22:33:44,36.559,21.27,36.4637,36.5594,21.1566,21.2696,37.5,50,12.741627155016994
2026-03-13 22:33:45,36.539,21.244,36.5241,36.5393,21.1261,21.2436,37.5,50,23.23902613585332
2026-03-13 22:33:45,36.539,21.256,36.5241,36.5393,21.1505,21.2558,37.5,50,21.08000000000004
2026-03-13 22:33:46,36.62,21.253,36.4637,36.6198,21.1688,21.2528,37.5,50,2.6157573227308806
2026-03-13 22:33:46,36.519,21.242,36.4033,36.5191,21.1734,21.2421,37.5,50,34.386012943635386
2026-03-13 22:33:46,36.539,21.231,36.4637,36.5393,21.1688,21.2314,37.5,50,18.920909828679328
2026-03-13 22:33:47,36.6,21.225,36.4839,36.5997,21.1704,21.2253,37.5,50,7.173072731165402
2026-03-13 22:33:47,36.6,21.213,36.4436,36.5997,21.178,21.2131,37.5,50,13.760000000000048
2026-03-13 22:33:48,36.499,21.215,36.4637,36.499,21.1444,21.2146,37.5,50,36.785702363070314
2026-03-13 22:33:48,36.6,21.238,36.4637,36.5997,21.1688,21.2375,37.5,50,2.853854382410576
2026-03-13 22:33:49,36.559,21.209,36.4436,36.5594,21.178,21.2085,37.5,50,23.106913693462573
2026-03-13 22:33:49,36.559,21.233,36.4637,36.5594,21.181,21.2329,37.5,50,18.68000000000052
2026-03-13 22:33:50,36.559,21.245,36.4839,36.5594,21.1582,21.2451,37.5,50,18.68000000000052
2026-03-13 22:33:50,36.519,21.254,36.504,36.5191,21.1719,21.2543,37.5,50,27.799321597328422
2026-03-13 22:33:51,36.539,21.207,36.4436,36.5393,21.178,21.207,37.5,50,18.920868572107842
2026-03-13 22:33:51,36.559,21.282,36.504,36.5594,21.1719,21.2818,37.5,50,16.520824358233497
2026-03-13 22:33:52,36.559,21.233,36.4637,36.5594,21.1688,21.2329,37.5,50,18.68000000000052
2026-03-13 22:33:52,36.524,21.227,36.5241,36.499,21.1505,21.2268,37.5,50,26.659358510432558
2026-03-13 22:33:52,36.524,21.215,36.5241,36.499,21.1627,21.2146,37.5,50,22.88000000000011
2026-03-13 22:33:53,36.559,21.221,36.4033,36.5594,21.1368,21.2207,37.5,50,14.901191040679775
2026-03-13 22:33:53,36.539,21.231,36.4637,36.5393,21.1688,21.2314,37.5,50,23.23841153826622
2026-03-13 22:33:54,36.559,21.184,36.4637,36.5594,21.1566,21.1841,37.5,50,16.52231674507534
2026-03-13 22:33:54,36.539,21.244,36.4839,36.5393,21.1826,21.2436,37.5,50,23.23920091031651
2026-03-13 22:33:55,36.504,21.201,36.504,36.4788,21.1963,21.2009,37.5,50,29.058349463403097
2026-03-13 22:33:55,36.519,21.205,36.3832,36.5191,21.1475,21.2055,37.5,50,21.860654442961643
2026-03-13 22:33:56,36.499,21.227,36.4033,36.499,21.149,21.2268,37.5,50,28.039007569681416
2026-03-13 22:33:56,36.58,21.224,36.4839,36.5795,21.1704,21.2238,37.5,50,7.415333458492261
2026-03-13 22:33:57,36.519,21.218,36.504,36.5191,21.1719,21.2177,37.5,50,30.064589606105848
2026-03-13 22:33:57,36.539,21.219,36.504,36.5393,21.1719,21.2192,37.5,50,18.920951139612555
2026-03-13 22:33:58,36.6,21.238,36.4839,36.5997,21.1582,21.2375,37.5,50,7.175116776943473
2026-03-13 22:33:58,36.559,21.294,36.4234,36.5594,21.1643,21.294,37.5,50,23.106604570631866
2026-03-13 22:33:59,36.499,21.215,36.4436,36.499,21.1292,21.2146,37.5,50,32.35742798901173
2026-03-13 22:33:59,36.539,21.231,36.4839,36.5393,21.1704,21.2314,37.5,50,16.762015345412408
2026-03-13 22:33:59,36.519,21.254,36.4637,36.5191,21.1688,21.2543,37.5,50,25.639442744398917
2026-03-13 22:34:00,36.58,21.212,36.4234,36.5795,21.1521,21.2116,37.5,50,9.572579213465904
2026-03-13 22:34:00,36.58,21.26,36.4436,36.5795,21.178,21.2604,37.5,50,16.160000000000423
2026-03-13 22:34:01,36.539,21.231,36.4637,36.5393,21.2055,21.2314,37.5,50,25.508952922525722
2026-03-13 22:34:01,36.504,21.225,36.504,36.4788,21.1841,21.2253,37.5,50,29.05988622663438
2026-03-13 22:34:02,36.539,21.244,36.4436,36.5393,21.178,21.2436,37.5,50,17.299897888553335
2026-03-13 22:34:02,36.499,21.227,36.4637,36.499,21.1566,21.2268,37.5,50,30.200492883210597
2026-03-13 22:34:03,36.504,21.239,36.504,36.499,21.1719,21.239,37.5,50,24.739998301760487
2026-03-13 22:34:03,36.519,21.242,36.4637,36.5191,21.1688,21.2421,37.5,50,21.859810797286453
2026-03-13 22:34:04,36.539,21.268,36.4234,36.5393,21.1765,21.268,37.5,50,18.920344509108048
2026-03-13 22:34:04,36.539,21.231,36.4234,36.5393,21.1643,21.2314,37.5,50,21.08000000000004
2026-03-13 22:34:05,36.519,21.205,36.4637,36.5191,21.1566,21.2055,37.5,50,25.63912809467528
2026-03-13 22:34:05,36.58,21.236,36.4839,36.5795,21.1704,21.236,37.5,50,9.574549157953218
2026-03-13 22:34:05,36.519,21.193,36.4234,36.5191,21.1154,21.1933,37.5,50,30.06444410098962
2026-03-13 22:34:06,36.58,21.212,36.504,36.5795,21.1841,21.2116,37.5,50,9.57364999185545
2026-03-13 22:34:06,36.58,21.212,36.504,36.5795,21.1841,21.2116,37.5,50,16.160000000000423
2026-03-13 22:34:07,36.559,21.245,36.504,36.5594,21.1719,21.2451,37.5,50,20.947533281606482
2026-03-13 22:34:07,36.524,21.212,36.5241,36.499,21.2116,21.2024,37.5,50,26.65822284427226
2026-03-13 22:34:08,36.519,21.181,36.4033,36.5191,21.1734,21.181,37.5,50,24.01978887082499
2026-03-13 22:34:08,36.539,21.244,36.4436,36.5393,21.178,21.2436,37.5,50,18.92054106021041
2026-03-13 22:34:09,36.464,21.196,36.4637,36.4385,21.1444,21.1963,37.5,50,38.17575491383808
2026-03-13 22:34:09,36.499,21.202,36.4436,36.499,21.1658,21.2024,37.5,50,22.111056847518178
2026-03-13 22:34:10,36.559,21.233,36.4637,36.5594,21.1444,21.2329,37.5,50,12.205008953618488
2026-03-13 22:34:10,36.559,21.196,36.4839,36.5594,21.1337,21.1963,37.5,50,18.68000000000052
2026-03-13 22:34:11,36.58,21.224,36.4637,36.5795,21.181,21.2238,37.5,50,13.892900908724975
2026-03-13 22:34:11,36.539,21.244,36.5241,36.5393,21.1505,21.2436,37.5,50,25.506518832973228
2026-03-13 22:34:11,36.64,21.23,36.4436,36.64,21.1536,21.2299,37.5,50,0
2026-03-13 22:34:12,36.539,21.219,36.4839,36.5393,21.1582,21.2192,37.5,50,31.98423634699892
2026-03-13 22:34:12,36.559,21.233,36.4839,36.5594,21.1704,21.2329,37.5,50,16.52035720008244
2026-03-13 22:34:13,36.564,21.184,36.5644,36.5594,21.1551,21.1841,37.5,50,17.53999245916188
2026-03-13 22:34:13,36.524,21.201,36.5241,36.4788,21.1627,21.2009,37.5,50,27.200273794413707
2026-03-13 22:34:14,36.559,21.233,36.504,36.5594,21.1475,21.2329,37.5,50,14.89953299770318
2026-03-13 22:34:14,36.499,21.202,36.4436,36.499,21.1658,21.2024,37.5,50,32.36046370465703
2026-03-13 22:34:15,36.539,21.244,36.4839,36.5393,21.1215,21.2436,37.5,50,16.760456210518637
2026-03-13 22:34:15,36.499,21.227,36.4637,36.499,21.1566,21.2268,37.5,50,30.20044815835896
2026-03-13 22:34:16,36.519,21.242,36.4033,36.5191,21.1368,21.2421,37.5,50,21.320163992893683
2026-03-13 22:34:16,36.519,21.242,36.4436,36.5191,21.1536,21.2421,37.5,50,23.480000000000416
2026-03-13 22:34:17,36.539,21.244,36.4839,36.5393,21.146,21.2436,37.5,50,18.920053396643578
2026-03-13 22:34:17,36.559,21.196,36.4234,36.5594,21.1521,21.1963,37.5,50,16.519795459565458
2026-03-13 22:34:18,36.519,21.205,36.4637,36.5191,21.1566,21.2055,37.5,50,27.797300407942846
2026-03-13 22:34:18,36.6,21.201,36.4637,36.5997,21.1688,21.2009,37.5,50,5.01542372896788
2026-03-13 22:34:18,36.539,21.195,36.4637,36.5393,21.1566,21.1948,37.5,50,27.664738415758954
2026-03-13 22:34:19,36.58,21.199,36.4234,36.5795,21.1765,21.1994,37.5,50,11.735727838630721
2026-03-13 22:34:19,36.499,21.154,36.4436,36.499,21.1536,21.1536,37.5,50,34.62388488853612
2026-03-13 22:34:20,36.484,21.186,36.4839,36.4587,21.146,21.1856,37.5,50,29.298150044266155
2026-03-13 22:34:20,36.519,21.193,36.4033,36.5191,21.1368,21.1933,37.5,50,19.700407959490388
2026-03-13 22:34:21,36.539,21.195,36.4637,36.5393,21.1688,21.1948,37.5,50,18.920177950156713
2026-03-13 22:34:21,36.519,21.218,36.4637,36.5191,21.1444,21.2177,37.5,50,25.63984699298396
2026-03-13 22:34:22,36.539,21.244,36.4033,36.5393,21.149,21.2436,37.5,50,18.92002511013996
2026-03-13 22:34:22,36.519,21.193,36.504,36.5191,21.1597,21.1933,37.5,50,25.639995618838647
2026-03-13 22:34:23,36.499,21.178,36.4234,36.499,21.1398,21.178,37.5,50,28.039179320122674
2026-03-13 22:34:23,36.519,21.193,36.4637,36.5191,21.1444,21.1933,37.5,50,21.32074598650549
2026-03-13 22:34:24,36.499,21.166,36.3832,36.499,21.1109,21.1658,37.5,50,28.03645812294055
2026-03-13 22:34:24,36.539,21.195,36.4436,36.5393,21.178,21.1948,37.5,50,16.761821866992072
2026-03-13 22:34:24,36.499,21.178,36.4637,36.499,21.1688,21.178,37.5,50,30.198393605945554
2026-03-13 22:34:25,36.499,21.227,36.4637,36.499,21.1444,21.2268,37.5,50,25.87999999999994
2026-03-13 22:34:25,36.539,21.256,36.504,36.5393,21.1109,21.2558,37.5,50,16.762079380689197
2026-03-13 22:34:26,36.539,21.219,36.4436,36.5393,21.1536,21.2192,37.5,50,21.08000000000004
2026-03-13 22:34:26,36.499,21.215,36.4436,36.499,21.1536,21.2146,37.5,50,30.199087461127906
2026-03-13 22:34:27,36.519,21.218,36.504,36.5191,21.1353,21.2177,37.5,50,21.320957157581965
2026-03-13 22:34:27,36.524,21.205,36.5241,36.5191,21.1627,21.2055,37.5,50,22.340019324266912
2026-03-13 22:34:28,36.539,21.195,36.504,36.5393,21.1475,21.1948,37.5,50,19.460458461502956
2026-03-13 22:34:28,36.559,21.221,36.504,36.5594,21.1475,21.2207,37.5,50,16.52004642656107
2026-03-13 22:34:29,36.539,21.195,36.4637,36.5393,21.1566,21.1948,37.5,50,23.23525681717995
2026-03-13 22:34:29,36.559,21.172,36.4234,36.5594,21.1276,21.1719,37.5,50,16.520677494002037
2026-03-13 22:34:30,36.58,21.151,36.4436,36.5795,21.1292,21.1505,37.5,50,13.892665479369068
2026-03-13 22:34:30,36.539,21.183,36.4234,36.5393,21.1643,21.1826,37.5,50,25.503755482349046
2026-03-13 22:34:30,36.519,21.181,36.4637,36.5191,21.1444,21.181,37.5,50,25.637127929294625
2026-03-13 22:34:31,36.499,21.178,36.4839,36.499,21.146,21.178,37.5,50,28.028489832511436
2026-03-13 22:34:31,36.519,21.193,36.4637,36.5191,21.1566,21.1933,37.5,50,21.325457780519432
2026-03-13 22:34:32,36.539,21.195,36.504,36.5393,21.1353,21.1948,37.5,50,18.92021996547591
2026-03-13 22:34:32,36.559,21.196,36.4033,36.5594,21.1124,21.1963,37.5,50,16.523003324864455
2026-03-13 22:34:33,36.499,21.202,36.4637,36.499,21.1444,21.2024,37.5,50,32.36084273041992
2026-03-13 22:34:33,36.479,21.176,36.4637,36.4788,21.1566,21.1765,37.5,50,30.440582605767283
2026-03-13 22:34:34,36.519,21.218,36.504,36.5191,21.1475,21.2177,37.5,50,19.160225131807163
2026-03-13 22:34:34,36.559,21.196,36.4839,36.5594,21.1704,21.1963,37.5,50,14.359706952795246
2026-03-13 22:34:35,36.519,21.181,36.4436,36.5191,21.1658,21.181,37.5,50,27.800246963981532
2026-03-13 22:34:35,36.6,21.225,36.504,36.5997,21.1597,21.2253,37.5,50,5.011655972421755
2026-03-13 22:34:36,36.519,21.23,36.4637,36.5191,21.1566,21.2299,37.5,50,32.22967090435595
2026-03-13 22:34:36,36.464,21.186,36.4637,36.4587,21.1078,21.1856,37.5,50,36.01919691224734
2026-03-13 22:34:36,36.539,21.219,36.4033,36.5393,21.1368,21.2192,37.5,50,12.980844094677389
2026-03-13 22:34:37,36.499,21.215,36.4436,36.499,21.1292,21.2146,37.5,50,30.200510635275027
2026-03-13 22:34:37,36.479,21.25,36.4637,36.4788,21.181,21.2497,37.5,50,30.439008413380222
2026-03-13 22:34:38,36.539,21.195,36.4637,36.5393,21.1444,21.1948,37.5,50,14.601222684183506
2026-03-13 22:34:38,36.559,21.196,36.4234,36.5594,21.1521,21.1963,37.5,50,16.519826229919648
2026-03-13 22:34:39,36.539,21.183,36.504,36.5393,21.1353,21.1826,37.5,50,23.239904447899406
2026-03-13 22:34:39,36.539,21.158,36.4839,36.5393,21.1337,21.1582,37.5,50,21.08000000000004
2026-03-13 22:34:40,36.539,21.183,36.4234,36.5393,21.1154,21.1826,37.5,50,21.08000000000004
2026-03-13 22:34:40,36.464,21.198,36.4637,36.4587,21.1078,21.1978,37.5,50,38.1792026626571
2026-03-13 22:34:41,36.519,21.218,36.4839,36.5191,21.1337,21.2177,37.5,50,17.54089555565775
2026-03-13 22:34:41,36.559,21.196,36.4839,36.5594,21.1093,21.1963,37.5,50,14.361357738979102
2026-03-13 22:34:42,36.559,21.209,36.4839,36.5594,21.1582,21.2085,37.5,50,18.68000000000052
2026-03-13 22:34:42,36.58,21.224,36.4436,36.5795,21.1292,21.2238,37.5,50,13.892850670340458
2026-03-13 22:34:43,36.564,21.167,36.5644,36.5191,21.1673,21.1566,37.5,50,19.8069554514103
2026-03-13 22:34:43,36.539,21.207,36.504,36.5393,21.1475,21.207,37.5,50,23.77853933203948
2026-03-13 22:34:43,36.539,21.17,36.504,36.5393,21.1475,21.1704,37.5,50,21.08000000000004
2026-03-13 22:34:44,36.479,21.176,36.4637,36.4788,21.12,21.1765,37.5,50,34.7560369632757
2026-03-13 22:34:44,36.539,21.158,36.4234,36.5393,21.1032,21.1582,37.5,50,14.601159693756035
2026-03-13 22:34:45,36.539,21.158,36.4637,36.5393,21.12,21.1582,37.5,50,21.08000000000004
2026-03-13 22:34:45,36.539,21.207,36.5241,36.5393,21.1261,21.207,37.5,50,21.08000000000004
2026-03-13 22:34:46,36.62,21.192,36.4637,36.6198,21.1322,21.1917,37.5,50,2.6141937679473646
2026-03-13 22:34:46,36.559,21.16,36.504,36.5594,21.1231,21.1597,37.5,50,25.267828858746995
2026-03-13 22:34:47,36.519,21.193,36.4436,36.5191,21.1048,21.1933,37.5,50,27.79913809007865
2026-03-13 22:34:47,36.544,21.158,36.5443,36.5393,21.1276,21.1582,37.5,50,17.780351507408483
2026-03-13 22:34:48,36.58,21.199,36.4436,36.5795,21.0925,21.1994,37.5,50,12.272841146347169
2026-03-13 22:34:48,36.539,21.17,36.4436,36.5393,21.1292,21.1704,37.5,50,25.50623540618603
2026-03-13 22:34:49,36.484,21.21,36.4839,36.4587,21.1093,21.21,37.5,50,33.619322490554595
2026-03-13 22:34:49,36.519,21.193,36.4033,36.5191,21.1368,21.1933,37.5,50,19.70002671534052
2026-03-13 22:34:49,36.6,21.213,36.4839,36.5997,21.1215,21.2131,37.5,50,5.010675609866865
2026-03-13 22:34:50,36.58,21.187,36.4436,36.5795,21.1292,21.1872,37.5,50,18.319625221231753
2026-03-13 22:34:50,36.559,21.172,36.4637,36.5594,21.12,21.1719,37.5,50,20.947508655544848
2026-03-13 22:34:51,36.539,21.158,36.504,36.5393,21.1231,21.1582,37.5,50,23.224760010706255
2026-03-13 22:34:51,36.539,21.195,36.4234,36.5393,21.1032,21.1948,37.5,50,21.08000000000004
2026-03-13 22:34:52,36.484,21.176,36.4839,36.4788,21.1215,21.1765,37.5,50,33.53956506131677
2026-03-13 22:34:52,36.499,21.141,36.4637,36.499,21.12,21.1414,37.5,50,24.26138594527651
2026-03-13 22:34:53,36.539,21.195,36.4637,36.5393,21.1322,21.1948,37.5,50,16.77428331675106
2026-03-13 22:34:53,36.499,21.227,36.4839,36.499,21.1337,21.2268,37.5,50,30.1817666968645
2026-03-13 22:34:54,36.539,21.183,36.4436,36.5393,21.1292,21.1826,37.5,50,16.76401002495733
2026-03-13 22:34:54,36.519,21.218,36.504,36.5191,21.1353,21.2177,37.5,50,25.638229485392444
2026-03-13 22:34:55,36.519,21.157,36.504,36.5191,21.1109,21.1566,37.5,50,23.480000000000416
2026-03-13 22:34:55,36.479,21.14,36.4637,36.4788,21.1322,21.1398,37.5,50,32.59885792017462
2026-03-13 22:34:55,36.499,21.166,36.4436,36.499,21.1292,21.1658,37.5,50,23.720497462486037
2026-03-13 22:34:56,36.62,21.192,36.4436,36.6198,21.1658,21.1917,37.5,50,0
2026-03-13 22:34:56,36.539,21.146,36.504,36.5393,21.1231,21.146,37.5,50,29.724316441447314
2026-03-13 22:34:57,36.519,21.218,36.504,36.5191,21.0986,21.2177,37.5,50,25.639423196470933
2026-03-13 22:34:57,36.539,21.146,36.4033,36.5393,21.1246,21.146,37.5,50,18.91942786943794
2026-03-13 22:34:58,36.524,21.202,36.5241,36.499,21.1139,21.2024,37.5,50,24.498161561859558
2026-03-13 22:34:58,36.539,21.17,36.4637,36.5393,21.12,21.1704,37.5,50,19.472518653214017
2026-03-13 22:34:59,36.519,21.157,36.504,36.5191,21.1231,21.1566,37.5,50,25.629673498024196
2026-03-13 22:34:59,36.539,21.134,36.4436,36.5393,21.1292,21.1337,37.5,50,18.933880008211418
2026-03-13 22:35:00,36.58,21.163,36.4033,36.5795,21.1124,21.1627,37.5,50,11.761922854776937
2026-03-13 22:35:00,36.499,21.141,36.4839,36.499,21.1337,21.1414,37.5,50,34.57975894578875
2026-03-13 22:35:01,36.539,21.17,36.4637,36.5393,21.1078,21.1704,37.5,50,16.776292870815848
2026-03-13 22:35:01,36.484,21.152,36.4839,36.4788,21.1215,21.1521,37.5,50,33.61196479871177
2026-03-13 22:35:02,36.459,21.173,36.4436,36.4587,21.1292,21.1734,37.5,50,33.37283446872871
2026-03-13 22:35:02,36.539,21.17,36.4637,36.5393,21.1322,21.1704,37.5,50,12.447435433660134
2026-03-13 22:35:02,36.559,21.196,36.4234,36.5594,21.1398,21.1963,37.5,50,16.520110466600983
2026-03-13 22:35:03,36.539,21.219,36.363,36.5393,21.0956,21.2192,37.5,50,23.240212081499905
2026-03-13 22:35:03,36.539,21.146,36.4234,36.5393,21.1276,21.146,37.5,50,21.08000000000004
2026-03-13 22:35:04,36.58,21.175,36.4436,36.5795,21.1292,21.1749,37.5,50,11.733992981390944
2026-03-13 22:35:04,36.58,21.163,36.4033,36.5795,21.1246,21.1627,37.5,50,16.160000000000423
2026-03-13 22:35:05,36.539,21.146,36.4436,36.5393,21.117,21.146,37.5,50,25.506941895014343
2026-03-13 22:35:05,36.58,21.199,36.4234,36.5795,21.1276,21.1994,37.5,50,11.732187035425117
2026-03-13 22:35:06,36.539,21.231,36.4839,36.5393,21.1215,21.2314,37.5,50,25.50786849195136
2026-03-13 22:35:06,36.499,21.19,36.4234,36.499,21.1032,21.1902,37.5,50,30.18909758529272
2026-03-13 22:35:07,36.559,21.184,36.4839,36.5594,21.1093,21.1841,37.5,50,12.202939604015988
2026-03-13 22:35:07,36.519,21.193,36.4637,36.5191,21.1322,21.1933,37.5,50,27.799692502517466
2026-03-13 22:35:08,36.499,21.166,36.4637,36.499,21.1078,21.1658,37.5,50,28.03882255935045
2026-03-13 22:35:08,36.479,21.201,36.4234,36.4788,21.1032,21.2009,37.5,50,30.439938961507988
2026-03-13 22:35:08,36.519,21.157,36.4436,36.5191,21.117,21.1566,37.5,50,19.16071188157029
2026-03-13 22:35:09,36.6,21.238,36.504,36.5997,21.0864,21.2375,37.5,50,5.012359476241814
2026-03-13 22:35:09,36.58,21.151,36.4436,36.5795,21.1048,21.1505,37.5,50,18.320089135128452
2026-03-13 22:35:10,36.539,21.183,36.4637,36.5393,21.1322,21.1826,37.5,50,25.500245781361652
2026-03-13 22:35:10,36.499,21.215,36.4234,36.499,21.1032,21.2146,37.5,50,30.19866450206331
2026-03-13 22:35:11,36.524,21.173,36.5241,36.4587,21.1261,21.1734,37.5,50,20.180366643253684
2026-03-13 22:35:11,36.559,21.16,36.4637,36.5594,21.12,21.1597,37.5,50,14.901972084631073
2026-03-13 22:35:12,36.559,21.147,36.4436,36.5594,21.0925,21.1475,37.5,50,18.68000000000052
2026-03-13 22:35:12,36.58,21.151,36.4033,36.5795,21.1002,21.1505,37.5,50,13.8926889554737
2026-03-13 22:35:13,36.499,21.154,36.4637,36.499,21.1078,21.1536,37.5,50,34.62334639165518
2026-03-13 22:35:13,36.504,21.141,36.504,36.499,21.0986,21.1414,37.5,50,24.740231353133908
2026-03-13 22:35:14,36.519,21.157,36.4234,36.5191,21.1032,21.1566,37.5,50,21.860581585751074
2026-03-13 22:35:14,36.519,21.193,36.4033,36.5191,21.088,21.1933,37.5,50,23.480000000000416
2026-03-13 22:35:15,36.539,21.146,36.4436,36.5393,21.1048,21.146,37.5,50,18.920207641400694
2026-03-13 22:35:15,36.459,21.137,36.4234,36.4587,21.1276,21.1368,37.5,50,39.31816240509423
2026-03-13 22:35:15,36.559,21.16,36.4637,36.5594,21.0834,21.1597,37.5,50,7.880229123623572
2026-03-13 22:35:16,36.479,21.152,36.4436,36.4788,21.0803,21.1521,37.5,50,36.92134718672012
2026-03-13 22:35:16,36.464,21.123,36.4637,36.4385,21.0834,21.1231,37.5,50,31.699582918658276
2026-03-13 22:35:17,36.559,21.16,36.4637,36.5594,21.1078,21.1597,37.5,50,8.427414254165884
2026-03-13 22:35:17,36.559,21.144,36.4637,36.5594,21.1444,21.1109,37.5,50,18.68000000000052
2026-03-13 22:35:18,36.499,21.129,36.4436,36.499,21.0925,21.1292,37.5,50,32.357869211678846
2026-03-13 22:35:18,36.6,21.201,36.4234,36.5997,21.1032,21.2009,37.5,50,2.854097352529255
2026-03-13 22:35:19,36.459,21.161,36.4436,36.4587,21.1414,21.1612,37.5,50,45.90526528291779
2026-03-13 22:35:19,36.519,21.144,36.4436,36.5191,21.0925,21.1444,37.5,50,17.002819534276057
2026-03-13 22:35:20,36.559,21.147,36.504,36.5594,21.0864,21.1475,37.5,50,14.362558554830432
2026-03-13 22:35:20,36.58,21.212,36.4637,36.5795,21.0956,21.2116,37.5,50,13.893496555543752
2026-03-13 22:35:21,36.559,21.135,36.4637,36.5594,21.0834,21.1353,37.5,50,20.946530812969346
2026-03-13 22:35:21,36.539,21.146,36.4637,36.5393,21.12,21.146,37.5,50,23.23798306115765
2026-03-13 22:35:21,36.559,21.123,36.4839,36.5594,21.0971,21.1231,37.5,50,16.52155374890112
2026-03-13 22:35:22,36.539,21.134,36.4637,36.5393,21.1078,21.1337,37.5,50,23.238564281218952
2026-03-13 22:35:22,36.464,21.172,36.4637,36.4385,21.0834,21.1719,37.5,50,38.16874834915323
2026-03-13 22:35:23,36.559,21.16,36.4436,36.5594,21.0803,21.1597,37.5,50,8.423458681326357
2026-03-13 22:35:23,36.58,21.163,36.4033,36.5795,21.088,21.1627,37.5,50,13.892643765376809
2026-03-13 22:35:24,36.539,21.085,36.504,36.5393,21.0742,21.0849,37.5,50,25.506402150976136
2026-03-13 22:35:24,36.524,21.251,36.5241,36.499,21.1261,21.2512,37.5,50,24.49959859065253
2026-03-13 22:35:25,36.58,21.163,36.4637,36.5795,21.0834,21.1627,37.5,50,10.11339281661757
2026-03-13 22:35:25,36.559,21.135,36.4839,36.5594,21.1093,21.1353,37.5,50,20.947399497383298
2026-03-13 22:35:26,36.6,21.164,36.504,36.5997,21.1109,21.1643,37.5,50,9.332800574721077
2026-03-13 22:35:26,36.504,21.178,36.504,36.499,21.0864,21.178,37.5,50,35.64517531890632
2026-03-13 22:35:27,36.58,21.126,36.4839,36.5795,21.1093,21.1261,37.5,50,7.954135096461723
2026-03-13 22:35:27,36.459,21.173,36.4436,36.4587,21.117,21.1734,37.5,50,43.74640071854555
2026-03-13 22:35:27,36.539,21.158,36.5241,36.5393,21.0895,21.1582,37.5,50,12.441384211711584
2026-03-13 22:35:28,36.524,21.144,36.5241,36.5191,21.0895,21.1444,37.5,50,24.499139678292515
2026-03-13 22:35:28,36.499,21.19,36.4839,36.499,21.0971,21.1902,37.5,50,28.578408743830906
2026-03-13 22:35:29,36.504,21.141,36.504,36.499,21.0986,21.1414,37.5,50,24.740191800029987
2026-03-13 22:35:29,36.58,21.138,36.4839,36.5795,21.1093,21.1383,37.5,50,7.954293227208021
2026-03-13 22:35:30,36.559,21.147,36.4637,36.5594,21.0712,21.1475,37.5,50,20.94726976791084
2026-03-13 22:35:30,36.58,21.126,36.4436,36.5795,21.0803,21.1261,37.5,50,13.893046016275054
2026-03-13 22:35:31,36.559,21.111,36.4637,36.5594,21.0956,21.1109,37.5,50,20.947560537879173
2026-03-13 22:35:31,36.559,21.135,36.4436,36.5594,21.0803,21.1353,37.5,50,18.68000000000052
2026-03-13 22:35:32,36.484,21.123,36.4839,36.4385,21.0971,21.1231,37.5,50,35.77952235172907
2026-03-13 22:35:32,36.479,21.14,36.4436,36.4788,21.0803,21.1398,37.5,50,28.819945626698438
2026-03-13 22:35:33,36.499,21.166,36.4033,36.499,21.0758,21.1658,37.5,50,23.720323548385927
2026-03-13 22:35:33,36.539,21.134,36.504,36.5393,21.0864,21.1337,37.5,50,16.760982389578732
2026-03-13 22:35:34,36.6,21.189,36.504,36.5997,21.0986,21.1887,37.5,50,7.173082205299007
2026-03-13 22:35:34,36.499,21.154,36.4436,36.499,21.1048,21.1536,37.5,50,36.78059761868129
2026-03-13 22:35:34,36.559,21.172,36.4436,36.5594,21.0559,21.1719,37.5,50,12.201016526592252
2026-03-13 22:35:35,36.559,21.16,36.5241,36.5594,21.1139,21.1597,37.5,50,18.68000000000052
2026-03-13 22:35:35,36.58,21.151,36.4436,36.5795,21.0925,21.1505,37.5,50,13.892425696622338
2026-03-13 22:35:36,36.539,21.109,36.4839,36.5393,21.0727,21.1093,37.5,50,25.50768640255643
2026-03-13 22:35:36,36.519,21.193,36.4436,36.5191,21.0925,21.1933,37.5,50,25.639301929817034
2026-03-13 22:35:37,36.519,21.144,36.4839,36.5191,21.0605,21.1444,37.5,50,23.480000000000416
2026-03-13 22:35:37,36.564,21.12,36.5644,36.5191,21.0819,21.12,37.5,50,13.226946344972562
2026-03-13 22:35:38,36.519,21.108,36.4637,36.5191,21.0834,21.1078,37.5,50,28.339558584135894
2026-03-13 22:35:38,36.559,21.099,36.4436,36.5594,21.0437,21.0986,37.5,50,14.361342930295267
2026-03-13 22:35:39,36.559,21.099,36.504,36.5594,21.0742,21.0986,37.5,50,18.68000000000052
2026-03-13 22:35:39,36.539,21.134,36.504,36.5393,21.0742,21.1337,37.5,50,23.239129703008057
2026-03-13 22:35:40,36.519,21.144,36.4839,36.5191,21.0605,21.1444,37.5,50,25.639517903695126
2026-03-13 22:35:40,36.58,21.126,36.4839,36.5795,21.0727,21.1261,37.5,50,9.574858962687923
2026-03-13 22:35:40,36.559,21.147,36.504,36.5594,21.062,21.1475,37.5,50,20.94735226389422
2026-03-13 22:35:41,36.519,21.157,36.4839,36.5191,21.0605,21.1566,37.5,50,27.79845691860926
2026-03-13 22:35:41,36.559,21.147,36.4839,36.5594,21.0483,21.1475,37.5,50,14.361805672302964
2026-03-13 22:35:42,36.484,21.152,36.4839,36.4788,21.0971,21.1521,37.5,50,35.781282764241475
2026-03-13 22:35:42,36.58,21.126,36.4436,36.5795,21.0681,21.1261,37.5,50,5.790042654788802
2026-03-13 22:35:43,36.539,21.17,36.4234,36.5393,21.0544,21.1704,37.5,50,25.508393316431814
2026-03-13 22:35:43,36.58,21.163,36.5443,36.5795,21.1032,21.1627,37.5,50,11.731808903363973
2026-03-13 22:35:44,36.524,21.164,36.5241,36.4788,21.0773,21.1643,37.5,50,28.92736826675344
2026-03-13 22:35:44,36.559,21.135,36.504,36.5594,21.062,21.1353,37.5,50,14.89970802899851
2026-03-13 22:35:45,36.484,21.125,36.4839,36.4587,21.0849,21.1246,37.5,50,35.78090021609912
2026-03-13 22:35:45,36.559,21.099,36.4839,36.5594,21.0971,21.0986,37.5,50,10.57999678138385
2026-03-13 22:35:46,36.504,21.093,36.504,36.499,21.0864,21.0925,37.5,50,31.221093145456244
2026-03-13 22:35:46,36.58,21.102,36.4637,36.5795,21.0712,21.1017,37.5,50,7.951793502538685
2026-03-13 22:35:46,36.58,21.102,36.504,36.5795,21.0742,21.1017,37.5,50,16.160000000000423
2026-03-13 22:35:47,36.559,21.123,36.5443,36.5594,21.0666,21.1231,37.5,50,20.94679073424055
2026-03-13 22:35:47,36.519,21.12,36.4637,36.5191,21.0834,21.12,37.5,50,27.79565253144305
2026-03-13 22:35:48,36.499,21.129,36.4033,36.499,21.0391,21.1292,37.5,50,28.03842428465583
2026-03-13 22:35:48,36.504,21.117,36.504,36.499,21.0742,21.117,37.5,50,24.741588229010453
2026-03-13 22:35:49,36.539,21.158,36.4436,36.5393,21.0803,21.1582,37.5,50,17.30215745153012
2026-03-13 22:35:49,36.519,21.132,36.4839,36.5191,21.0971,21.1322,37.5,50,25.629610098454013
2026-03-13 22:35:50,36.539,21.109,36.4637,36.5393,21.0956,21.1093,37.5,50,18.924329723935507
2026-03-13 22:35:50,36.504,21.1,36.504,36.4587,21.0742,21.1002,37.5,50,29.048750730116875
2026-03-13 22:35:51,36.524,21.149,36.5241,36.4587,21.0529,21.149,37.5,50,20.720534209856933
2026-03-13 22:35:51,36.504,21.086,36.504,36.4788,21.0864,21.0666,37.5,50,27.4392158759191
2026-03-13 22:35:52,36.559,21.123,36.4637,36.5594,21.059,21.1231,37.5,50,12.744202637605953
2026-03-13 22:35:52,36.58,21.138,36.4637,36.5795,21.0468,21.1383,37.5,50,13.893166029472827
2026-03-13 22:35:52,36.499,21.117,36.4436,36.499,21.0437,21.117,37.5,50,34.623837694024786
2026-03-13 22:35:53,36.499,21.215,36.4436,36.499,21.0803,21.2146,37.5,50,25.87999999999994
2026-03-13 22:35:53,36.499,21.166,36.4436,36.499,21.0803,21.1658,37.5,50,25.87999999999994
2026-03-13 22:35:54,36.459,21.186,36.4234,36.4587,21.0666,21.1856,37.5,50,34.99913701741923
2026-03-13 22:35:54,36.519,21.108,36.4637,36.5191,21.059,21.1078,37.5,50,17.00430933694046
2026-03-13 22:35:55,36.484,21.103,36.4839,36.4788,21.0605,21.1032,37.5,50,31.45922930176762
2026-03-13 22:35:55,36.559,21.111,36.504,36.5594,21.0254,21.1109,37.5,50,10.583831683293925
2026-03-13 22:35:56,36.6,21.164,36.504,36.5997,21.0864,21.1643,37.5,50,9.332732881652142
2026-03-13 22:35:56,36.499,21.154,36.4839,36.499,21.0361,21.1536,37.5,50,36.7877931585715
2026-03-13 22:35:57,36.559,21.135,36.4436,36.5594,21.0681,21.1353,37.5,50,12.198709938622088
2026-03-13 22:35:57,36.539,21.12,36.4637,36.5393,21.12,21.0849,37.5,50,23.239481207098823
2026-03-13 22:35:58,36.519,21.132,36.4637,36.5191,21.059,21.1322,37.5,50,25.639367240617503
2026-03-13 22:35:58,36.519,21.108,36.4637,36.5191,21.0834,21.1078,37.5,50,23.480000000000416
2026-03-13 22:35:59,36.499,21.117,36.4637,36.499,21.0346,21.117,37.5,50,28.034985993571244
2026-03-13 22:35:59,36.539,21.122,36.4839,36.5393,21.0849,21.1215,37.5,50,16.776727943188988
2026-03-13 22:35:59,36.539,21.122,36.504,36.5393,21.0742,21.1215,37.5,50,21.08000000000004
2026-03-13 22:36:00,36.499,21.105,36.4839,36.499,21.0849,21.1048,37.5,50,30.18351946426511
2026-03-13 22:36:00,36.499,21.129,36.4436,36.499,21.0559,21.1292,37.5,50,25.87999999999994
2026-03-13 22:36:01,36.499,21.105,36.4436,36.499,21.0681,21.1048,37.5,50,25.87999999999994
2026-03-13 22:36:01,36.559,21.111,36.4637,36.5594,21.0712,21.1109,37.5,50,12.228780746011825
2026-03-13 22:36:02,36.539,21.122,36.4839,36.5393,21.0483,21.1215,37.5,50,23.237767659544105
2026-03-13 22:36:02,36.479,21.103,36.4436,36.4788,21.0559,21.1032,37.5,50,34.75886561749509
2026-03-13 22:36:03,36.504,21.166,36.504,36.499,21.0864,21.1658,37.5,50,22.59089744075981
2026-03-13 22:36:03,36.519,21.132,36.504,36.5191,21.062,21.1322,37.5,50,21.86087258027889
2026-03-13 22:36:04,36.559,21.16,36.4033,36.5594,21.0391,21.1597,37.5,50,14.361087837575823
2026-03-13 22:36:04,36.539,21.097,36.4637,36.5393,21.0712,21.0971,37.5,50,23.239265832687725
2026-03-13 22:36:05,36.499,21.117,36.4839,36.499,21.0483,21.117,37.5,50,30.199866716905454
2026-03-13 22:36:05,36.6,21.115,36.504,36.5997,21.0498,21.1154,37.5,50,2.853336468519993
2026-03-13 22:36:05,36.544,21.108,36.5443,36.5191,21.0666,21.1078,37.5,50,26.505556040196097
2026-03-13 22:36:06,36.504,21.141,36.504,36.499,21.0376,21.1414,37.5,50,29.60012310035278
2026-03-13 22:36:06,36.6,21.128,36.4234,36.5997,21.0666,21.1276,37.5,50,3.3918331114974674
2026-03-13 22:36:07,36.58,21.163,36.4436,36.5795,21.0437,21.1627,37.5,50,18.29996824381389
2026-03-13 22:36:07,36.539,21.134,36.4839,36.5393,21.0361,21.1337,37.5,50,25.49608968282659
2026-03-13 22:36:08,36.504,21.19,36.504,36.499,21.062,21.1902,37.5,50,29.056339911542437
2026-03-13 22:36:08,36.559,21.147,36.3832,36.5594,21.0254,21.1475,37.5,50,12.747100224860073
2026-03-13 22:36:09,36.499,21.117,36.4436,36.499,21.0193,21.117,37.5,50,32.355609604550686
2026-03-13 22:36:09,36.524,21.144,36.5241,36.5191,21.0773,21.1444,37.5,50,20.1832059410111
2026-03-13 22:36:10,36.519,21.169,36.4839,36.5191,21.0605,21.1688,37.5,50,24.017819300468986
2026-03-13 22:36:10,36.559,21.172,36.4436,36.5594,21.0681,21.1719,37.5,50,14.363475024993647
2026-03-13 22:36:11,36.6,21.115,36.4234,36.5997,21.0422,21.1154,37.5,50,9.335647449337777
2026-03-13 22:36:11,36.559,21.147,36.504,36.5594,21.0376,21.1475,37.5,50,23.106398232373802
2026-03-13 22:36:12,36.559,21.172,36.4436,36.5594,21.0437,21.1719,37.5,50,18.68000000000052
2026-03-13 22:36:12,36.519,21.12,36.504,36.5191,21.0376,21.12,37.5,50,27.798023781454646
2026-03-13 22:36:12,36.559,21.099,36.4839,36.5594,21.0605,21.0986,37.5,50,14.361193513574364
2026-03-13 22:36:13,36.544,21.134,36.5443,36.5393,21.0666,21.1337,37.5,50,22.09927806586058
2026-03-13 22:36:13,36.499,21.093,36.4637,36.499,21.0834,21.0925,37.5,50,30.731688110054378
2026-03-13 22:36:14,36.539,21.134,36.4637,36.5393,21.059,21.1337,37.5,50,16.787017464873024
2026-03-13 22:36:14,36.519,21.12,36.4637,36.5191,21.0468,21.12,37.5,50,25.609510762705465
2026-03-13 22:36:15,36.539,21.134,36.4637,36.5393,21.0468,21.1337,37.5,50,18.92081836749469
2026-03-13 22:36:15,36.6,21.115,36.504,36.5997,21.062,21.1154,37.5,50,7.188882636688867
2026-03-13 22:36:16,36.539,21.146,36.4637,36.5393,21.0468,21.146,37.5,50,27.665371742314626
2026-03-13 22:36:16,36.58,21.163,36.5443,36.5795,21.1032,21.1627,37.5,50,11.738357322172806
2026-03-13 22:36:17,36.524,21.169,36.5241,36.5191,21.0651,21.1688,37.5,50,28.926065025571347
2026-03-13 22:36:17,36.58,21.102,36.4839,36.5795,21.0605,21.1017,37.5,50,10.112763254162685
2026-03-13 22:36:18,36.504,21.129,36.504,36.499,21.0498,21.1292,37.5,50,33.48829798616989
2026-03-13 22:36:18,36.559,21.099,36.504,36.5594,21.0376,21.0986,37.5,50,12.741539826571067
2026-03-13 22:36:18,36.539,21.073,36.4436,36.5393,21.0437,21.0727,37.5,50,23.239343875243325
2026-03-13 22:36:19,36.519,21.132,36.504,36.5191,21.0498,21.1322,37.5,50,25.63670785499324
2026-03-13 22:36:19,36.539,21.158,36.5241,36.5393,21.0529,21.1582,37.5,50,18.9222782053546
2026-03-13 22:36:20,36.479,21.152,36.4436,36.4788,21.0437,21.1521,37.5,50,34.75835091038057
2026-03-13 22:36:20,36.499,21.141,36.4033,36.499,21.0147,21.1414,37.5,50,23.720295422878756
2026-03-13 22:36:21,36.519,21.096,36.4839,36.5191,21.0361,21.0956,37.5,50,21.321602027900457
2026-03-13 22:36:21,36.524,21.132,36.5241,36.5191,21.0163,21.1322,37.5,50,22.340218322472214
2026-03-13 22:36:22,36.524,21.105,36.5241,36.499,20.9918,21.1048,37.5,50,22.88000000000011
2026-03-13 22:36:22,36.58,21.102,36.4839,36.5795,21.0605,21.1017,37.5,50,10.113192649064086
2026-03-13 22:36:23,36.6,21.152,36.5241,36.5997,21.0529,21.1521,37.5,50,11.600724352853977
2026-03-13 22:36:23,36.58,21.126,36.4033,36.5795,21.0147,21.1261,37.5,50,18.319501586171217
2026-03-13 22:36:24,36.519,21.157,36.4234,36.5191,21.03,21.1566,37.5,50,30.066138533850385
2026-03-13 22:36:24,36.519,21.12,36.504,36.5191,21.0132,21.12,37.5,50,23.480000000000416
2026-03-13 22:36:24,36.459,21.112,36.3832,36.4587,21.0132,21.1124,37.5,50,37.1554752523442
2026-03-13 22:36:25,36.519,21.181,36.4436,36.5191,21.0681,21.181,37.5,50,17.003275428842812
2026-03-13 22:36:25,36.539,21.109,36.504,36.5393,21.0498,21.1093,37.5,50,18.920239244300127
2026-03-13 22:36:26,36.524,21.166,36.5241,36.3781,21.0529,21.1658,37.5,50,24.499712881919738
2026-03-13 22:36:26,36.519,21.157,36.4839,36.5191,21.0483,21.1566,37.5,50,24.019822780500597
2026-03-13 22:36:27,36.484,21.079,36.4839,36.4788,21.0605,21.0788,37.5,50,31.459080050681155
2026-03-13 22:36:27,36.544,21.122,36.5443,36.5393,21.0178,21.1215,37.5,50,14.002366260949024
2026-03-13 22:36:28,36.479,21.103,36.4637,36.4788,21.0346,21.1032,37.5,50,35.29804952290328
2026-03-13 22:36:28,36.519,21.108,36.4637,36.5191,21.059,21.1078,37.5,50,19.165617310042244
2026-03-13 22:36:29,36.479,21.164,36.4637,36.4788,21.0346,21.1643,37.5,50,32.597119085243364
2026-03-13 22:36:29,36.539,21.146,36.504,36.5393,21.0254,21.146,37.5,50,14.60191951277379
2026-03-13 22:36:30,36.559,21.086,36.4436,36.5594,21.0193,21.0864,37.5,50,16.52074533843536
2026-03-13 22:36:30,36.519,21.169,36.4839,36.5191,21.0727,21.1688,37.5,50,27.797515056974138
2026-03-13 22:36:31,36.559,21.123,36.504,36.5594,21.062,21.1231,37.5,50,14.361884388346507
2026-03-13 22:36:31,36.539,21.134,36.4436,36.5393,21.0803,21.1337,37.5,50,23.23882310929199
2026-03-13 22:36:31,36.484,21.128,36.4839,36.4788,21.0483,21.1276,37.5,50,33.61916942426032
2026-03-13 22:36:32,36.559,21.086,36.3832,36.5594,21.0376,21.0864,37.5,50,10.581863018522773
2026-03-13 22:36:32,36.559,21.099,36.4637,36.5594,21.059,21.0986,37.5,50,18.68000000000052
2026-03-13 22:36:33,36.559,21.086,36.4637,36.5594,21.0346,21.0864,37.5,50,18.68000000000052
2026-03-13 22:36:33,36.499,21.093,36.4637,36.499,21.0468,21.0925,37.5,50,32.3591402201653
2026-03-13 22:36:34,36.519,21.108,36.4637,36.5191,21.0468,21.1078,37.5,50,21.321656710121104
2026-03-13 22:36:34,36.519,21.071,36.504,36.5191,21.0132,21.0712,37.5,50,23.480000000000416
2026-03-13 22:36:35,36.539,21.146,36.4637,36.5393,21.0712,21.146,37.5,50,18.923371527337643
2026-03-13 22:36:35,36.519,21.12,36.504,36.5191,21.062,21.12,37.5,50,25.6164813605655
2026-03-13 22:36:36,36.479,21.14,36.4637,36.4788,21.0101,21.1398,37.5,50,32.59560999269036
2026-03-13 22:36:36,36.539,21.109,36.4234,36.5393,21.0422,21.1093,37.5,50,14.605040746972758
2026-03-13 22:36:37,36.499,21.08,36.4637,36.499,21.0468,21.0803,37.5,50,30.19398406363282
2026-03-13 22:36:37,36.499,21.093,36.4637,36.499,21.0346,21.0925,37.5,50,25.87999999999994
2026-03-13 22:36:37,36.519,21.108,36.4436,36.5191,21.0315,21.1078,37.5,50,21.32193367973582
2026-03-13 22:36:38,36.524,21.083,36.5241,36.5191,21.0407,21.0834,37.5,50,22.34066298679735
2026-03-13 22:36:38,36.539,21.158,36.4234,36.5393,21.0056,21.1582,37.5,50,19.461029013684968
2026-03-13 22:36:39,36.459,21.088,36.4234,36.4587,21.0422,21.088,37.5,50,39.304875229051234
2026-03-13 22:36:39,36.559,21.074,36.4839,36.5594,21.0361,21.0742,37.5,50,7.8885274147324385
2026-03-13 22:36:40,36.504,21.117,36.504,36.499,21.0376,21.117,37.5,50,31.218730548836824
2026-03-13 22:36:40,36.544,21.112,36.5443,36.4587,21.0666,21.1124,37.5,50,16.16933193734141
2026-03-13 22:36:41,36.559,21.123,36.4637,36.5594,21.059,21.1231,37.5,50,17.05985194944601
2026-03-13 22:36:41,36.519,21.096,36.4234,36.5191,21.0422,21.0956,37.5,50,27.800878850859455
2026-03-13 22:36:42,36.544,21.132,36.5443,36.5191,21.0666,21.1322,37.5,50,17.779288297002978
2026-03-13 22:36:42,36.58,21.114,36.4637,36.5795,21.0224,21.1139,37.5,50,12.273545228920462
2026-03-13 22:36:43,36.504,21.103,36.504,36.4788,21.062,21.1032,37.5,50,33.47475207861041
2026-03-13 22:36:43,36.539,21.122,36.4637,36.5393,21.0346,21.1215,37.5,50,17.299598878270835
2026-03-13 22:36:43,36.58,21.077,36.4637,36.5795,21.0346,21.0773,37.5,50,11.745557123825252
2026-03-13 22:36:44,36.519,21.071,36.4234,36.5191,21.0544,21.0712,37.5,50,30.052618274442242
2026-03-13 22:36:44,36.539,21.109,36.4637,36.5393,21.0468,21.1093,37.5,50,18.929824510631896
2026-03-13 22:36:45,36.519,21.071,36.4839,36.5191,21.0483,21.0712,37.5,50,25.63839153848099
2026-03-13 22:36:45,36.464,21.05,36.4637,36.4385,21.0101,21.0498,37.5,50,35.968768575041416
2026-03-13 22:36:46,36.499,21.068,36.4234,36.499,21.0544,21.0681,37.5,50,22.118419342537692
2026-03-13 22:36:46,36.444,21.044,36.4436,36.4385,21.0437,21.0376,37.5,50,38.41876954966233
2026-03-13 22:36:47,36.58,21.089,36.5241,36.5795,21.0163,21.0895,37.5,50,1.4730747703879814
2026-03-13 22:36:47,36.6,21.14,36.4637,36.5997,21.0468,21.1398,37.5,50,11.614625884308557
2026-03-13 22:36:48,36.539,21.097,36.4436,36.5393,21.0437,21.0971,37.5,50,27.66336601974686
2026-03-13 22:36:48,36.6,21.091,36.5241,36.5997,21.0407,21.091,37.5,50,7.197606834553073
2026-03-13 22:36:49,36.519,21.108,36.4637,36.5191,21.0468,21.1078,37.5,50,32.22139060170191
2026-03-13 22:36:49,36.499,21.08,36.4839,36.499,21.0361,21.0803,37.5,50,28.038558251972603
2026-03-13 22:36:50,36.519,21.096,36.4637,36.5191,21.0346,21.0956,37.5,50,21.321780259005678
2026-03-13 22:36:50,36.504,21.068,36.504,36.499,21.0254,21.0681,37.5,50,26.895821625530065
2026-03-13 22:36:50,36.539,21.109,36.4839,36.5393,21.0483,21.1093,37.5,50,17.32412279798919
2026-03-13 22:36:51,36.519,21.108,36.4436,36.5191,21.0315,21.1078,37.5,50,25.638835124173482
2026-03-13 22:36:51,36.539,21.097,36.504,36.5393,21.0254,21.0971,37.5,50,18.921129827779215
2026-03-13 22:36:52,36.519,21.071,36.4234,36.5191,21.0422,21.0712,37.5,50,25.638079505022112
2026-03-13 22:36:52,36.479,21.079,36.4234,36.4788,21.0178,21.0788,37.5,50,32.5946977159567
2026-03-13 22:36:53,36.6,21.079,36.4234,36.5997,21.03,21.0788,37.5,50,0.7014790174107581
2026-03-13 22:36:53,36.58,21.065,36.3832,36.5795,21.0376,21.0651,37.5,50,18.315572639523612
2026-03-13 22:36:54,36.6,21.079,36.4637,36.5997,21.0346,21.0788,37.5,50,11.601025487848448
2026-03-13 22:36:54,36.504,21.054,36.504,36.4788,21.0132,21.0544,37.5,50,35.64460689718169
2026-03-13 22:36:55,36.559,21.086,36.4637,36.5594,21.0101,21.0864,37.5,50,12.744918717605612
2026-03-13 22:36:55,36.539,21.073,36.4234,36.5393,21.03,21.0727,37.5,50,23.237993143372798
2026-03-13 22:36:56,36.524,21.059,36.5241,36.5191,21.004,21.059,37.5,50,24.499625504101672
2026-03-13 22:36:56,36.499,21.032,36.4637,36.499,20.9979,21.0315,37.5,50,28.577726205712136
2026-03-13 22:36:56,36.58,21.041,36.504,36.5795,21.001,21.0407,37.5,50,7.414096181843149
2026-03-13 22:36:57,36.6,21.067,36.4839,36.5997,21.0361,21.0666,37.5,50,11.601752129505561
2026-03-13 22:36:57,36.519,21.059,36.504,36.5191,21.0132,21.059,37.5,50,32.22656760121383
2026-03-13 22:36:58,36.559,21.05,36.4839,36.5594,21.0117,21.0498,37.5,50,14.363415810451933
2026-03-13 22:36:58,36.585,21.059,36.5846,36.5191,21.0101,21.059,37.5,50,12.752540312685023
2026-03-13 22:36:59,36.519,21.083,36.4436,36.5191,20.9827,21.0834,37.5,50,30.601584200115823
2026-03-13 22:36:59,36.519,21.096,36.4637,36.5191,21.0101,21.0956,37.5,50,23.480000000000416
2026-03-13 22:37:00,36.62,21.094,36.4637,36.6198,21.0101,21.0941,37.5,50,0.5882156894698767
2026-03-13 22:37:00,36.62,21.118,36.4436,36.6198,21.0315,21.1185,37.5,50,11.360000000000525
2026-03-13 22:37:01,36.519,21.083,36.4637,36.5191,20.9979,21.0834,37.5,50,34.36941460921955
2026-03-13 22:37:01,36.559,21.05,36.4033,36.5594,21.0025,21.0498,37.5,50,14.391934040900898
2026-03-13 22:37:02,36.519,21.108,36.4436,36.5191,20.9705,21.1078,37.5,50,27.78884179399114
2026-03-13 22:37:02,36.464,21.1,36.4637,36.4587,21.0101,21.1002,37.5,50,36.01407452513378
2026-03-13 22:37:03,36.539,21.17,36.5241,36.5393,21.004,21.1704,37.5,50,12.986626486466966
2026-03-13 22:37:03,36.519,21.12,36.4839,36.5191,21.0361,21.12,37.5,50,25.620165307139526
2026-03-13 22:37:03,36.479,21.079,36.4436,36.4788,21.0559,21.0788,37.5,50,32.596411478800064
2026-03-13 22:37:04,36.559,21.074,36.4637,36.5594,20.9857,21.0742,37.5,50,10.043553986661038
2026-03-13 22:37:04,36.559,21.074,36.4234,36.5594,20.9812,21.0742,37.5,50,18.68000000000052
2026-03-13 22:37:05,36.559,21.123,36.4839,36.5594,21.0483,21.1231,37.5,50,18.68000000000052
2026-03-13 22:37:05,36.539,21.061,36.4839,36.5393,21.0361,21.0605,37.5,50,23.23957015034639
2026-03-13 22:37:06,36.58,21.053,36.5241,36.5795,20.9796,21.0529,37.5,50,11.739892623647336
2026-03-13 22:37:06,36.499,21.056,36.4637,36.499,21.0224,21.0559,37.5,50,34.62743894696156
2026-03-13 22:37:07,36.559,21.025,36.504,36.5594,21.0132,21.0254,37.5,50,12.19900667733748
2026-03-13 22:37:07,36.519,21.047,36.4436,36.5191,21.0315,21.0468,37.5,50,27.801455289135138
2026-03-13 22:37:08,36.559,21.062,36.4637,36.5594,21.0224,21.062,37.5,50,14.367314025256476
2026-03-13 22:37:08,36.64,21.059,36.504,36.64,21.001,21.059,37.5,50,0.21336758846008053
2026-03-13 22:37:09,36.459,21.051,36.4436,36.4587,20.9705,21.0513,37.5,50,50
2026-03-13 22:37:09,36.519,21.071,36.4637,36.5191,21.0224,21.0712,37.5,50,17.000595131785218
2026-03-13 22:37:09,36.559,21.086,36.4033,36.5594,20.9903,21.0864,37.5,50,14.360503341269093
2026-03-13 22:37:10,36.58,21.077,36.4637,36.5795,21.0224,21.0773,37.5,50,13.89302959557192
2026-03-13 22:37:10,36.539,21.073,36.5241,36.5393,20.9918,21.0727,37.5,50,25.50768643124768
2026-03-13 22:37:11,36.544,21.12,36.5443,36.5191,20.9934,21.12,37.5,50,19.940032700420858
2026-03-13 22:37:11,36.504,21.08,36.504,36.499,21.0132,21.0803,37.5,50,29.59885228711927
2026-03-13 22:37:12,36.64,21.059,36.4436,36.64,20.9827,21.059,37.5,50,0
2026-03-13 22:37:12,36.58,21.053,36.504,36.5795,20.9888,21.0529,37.5,50,22.639054051890298
2026-03-13 22:37:13,36.499,21.044,36.4436,36.499,21.0437,21.0193,37.5,50,34.62748013445689
2026-03-13 22:37:13,36.539,21.036,36.4839,36.5393,21.0117,21.0361,37.5,50,16.760425274573294
2026-03-13 22:37:14,36.6,21.091,36.504,36.5997,21.0132,21.091,37.5,50,7.174842114632441
2026-03-13 22:37:14,36.58,21.041,36.504,36.5795,21.0376,21.0407,37.5,50,18.319380306050277
2026-03-13 22:37:15,36.499,21.056,36.4839,36.499,20.9995,21.0559,37.5,50,34.62598931874467
2026-03-13 22:37:15,36.519,21.083,36.4839,36.5191,21.0117,21.0834,37.5,50,21.320583191970766
2026-03-13 22:37:15,36.444,21.05,36.4436,36.4385,21.0193,21.0498,37.5,50,40.53548864607224
2026-03-13 22:37:16,36.559,21.074,36.4436,36.5594,21.0071,21.0742,37.5,50,6.261360661633553
2026-03-13 22:37:16,36.539,21.073,36.3832,36.5393,21.001,21.0727,37.5,50,23.23966895160275
2026-03-13 22:37:17,36.484,21.054,36.4839,36.4788,21.0361,21.0544,37.5,50,33.61776256650951
2026-03-13 22:37:17,36.58,21.089,36.4637,36.5795,21.0346,21.0895,37.5,50,5.79264547066361
2026-03-13 22:37:18,36.519,21.047,36.4637,36.5191,20.9979,21.0468,37.5,50,30.065628698976408
2026-03-13 22:37:18,36.499,21.093,36.4436,36.499,21.0193,21.0925,37.5,50,28.039478903401765
2026-03-13 22:37:19,36.519,21.059,36.4839,36.5191,21.0117,21.059,37.5,50,21.320998331527118
2026-03-13 22:37:19,36.58,21.077,36.4839,36.5795,20.9873,21.0773,37.5,50,9.573495128700904
2026-03-13 22:37:20,36.559,21.05,36.4637,36.5594,21.0224,21.0498,37.5,50,20.947641282188783
2026-03-13 22:37:20,36.6,21.079,36.4839,36.5997,21.0117,21.0788,37.5,50,9.331755470920857
2026-03-13 22:37:21,36.539,21.085,36.5241,36.5393,20.9796,21.0849,37.5,50,27.66649114553277
2026-03-13 22:37:21,36.544,21.032,36.5443,36.499,20.9689,21.0315,37.5,50,19.94035049721569
2026-03-13 22:37:22,36.479,21.042,36.4234,36.4788,21.03,21.0422,37.5,50,35.29399936867246
2026-03-13 22:37:22,36.6,21.079,36.4234,36.5997,21.0544,21.0788,37.5,50,0.7161856464851137
2026-03-13 22:37:22,36.539,21.085,36.504,36.5393,21.0132,21.0849,37.5,50,27.649497961830075
2026-03-13 22:37:23,36.484,21.054,36.4839,36.4788,20.9873,21.0544,37.5,50,33.61626300893422
2026-03-13 22:37:23,36.464,21.038,36.4637,36.4385,20.9735,21.0376,37.5,50,32.23815937613874
2026-03-13 22:37:24,36.524,21.051,36.5241,36.4587,21.0285,21.0513,37.5,50,16.41319055351003
2026-03-13 22:37:24,36.499,21.068,36.4436,36.499,20.9705,21.0681,37.5,50,28.55891121975786
2026-03-13 22:37:25,36.539,21.109,36.4234,36.5393,21.0056,21.1093,37.5,50,16.794299520364262
2026-03-13 22:37:25,36.539,21.073,36.4839,36.5393,20.9995,21.0727,37.5,50,21.08000000000004
2026-03-13 22:37:26,36.499,21.056,36.4436,36.499,21.0193,21.0559,37.5,50,30.19730407052466
2026-03-13 22:37:26,36.519,21.047,36.4839,36.5191,21.0239,21.0468,37.5,50,21.32299342401233
2026-03-13 22:37:27,36.58,21.065,36.504,36.5795,21.0132,21.0651,37.5,50,9.577872424678166
2026-03-13 22:37:27,36.539,21.073,36.504,36.5393,21.001,21.0727,37.5,50,25.50038751204193
2026-03-13 22:37:28,36.559,21.099,36.4234,36.5594,21.0056,21.0986,37.5,50,16.522112638363648
2026-03-13 22:37:28,36.499,21.093,36.4033,36.499,20.9781,21.0925,37.5,50,32.337119534765385
2026-03-13 22:37:28,36.539,21.134,36.4839,36.5393,20.9995,21.1337,37.5,50,16.768270317322035
2026-03-13 22:37:29,36.519,21.059,36.4436,36.5191,21.0193,21.059,37.5,50,25.627957263323687
2026-03-13 22:37:29,36.539,21.048,36.4033,36.5393,21.0025,21.0483,37.5,50,18.931899106570466
2026-03-13 22:37:30,36.499,21.068,36.4234,36.499,20.9812,21.0681,37.5,50,30.17455763572919
2026-03-13 22:37:30,36.564,21.071,36.5644,36.5191,21.0086,21.0712,37.5,50,11.067370757485909
2026-03-13 22:37:31,36.524,21.071,36.5241,36.5191,21.0285,21.0712,37.5,50,27.18585189385162
2026-03-13 22:37:31,36.539,21.073,36.4234,36.5393,21.0178,21.0727,37.5,50,19.460453708767567
2026-03-13 22:37:32,36.6,21.091,36.5644,36.5997,21.033,21.091,37.5,50,7.173969836307324
2026-03-13 22:37:32,36.524,21.006,36.5241,36.4788,21.004,21.0056,37.5,50,31.02699578179768
2026-03-13 22:37:33,36.499,21.068,36.4637,36.499,21.0224,21.0681,37.5,50,28.527546820604506
2026-03-13 22:37:33,36.539,21.085,36.4839,36.5393,20.9995,21.0849,37.5,50,16.762783578130584
2026-03-13 22:37:34,36.539,21.085,36.4839,36.5393,20.9873,21.0849,37.5,50,21.08000000000004
2026-03-13 22:37:34,36.519,21.12,36.4436,36.5191,20.9949,21.12,37.5,50,25.63970768356578
2026-03-13 22:37:35,36.539,21.122,36.4637,36.5393,21.0224,21.1215,37.5,50,18.924626829918385
2026-03-13 22:37:35,36.519,21.144,36.4436,36.5191,21.0193,21.1444,37.5,50,25.639446143872043
2026-03-13 22:37:35,36.519,21.096,36.504,36.5191,21.0132,21.0956,37.5,50,23.480000000000416
2026-03-13 22:37:36,36.499,21.056,36.4839,36.499,20.9873,21.0559,37.5,50,28.03691926737845
2026-03-13 22:37:36,36.62,21.033,36.4839,36.6198,20.9873,21.033,37.5,50,0
2026-03-13 22:37:37,36.524,21.053,36.5241,36.5191,21.0529,21.0468,37.5,50,33.13647611263399
2026-03-13 22:37:37,36.519,21.047,36.4839,36.5191,21.0117,21.0468,37.5,50,24.019597690121955
2026-03-13 22:37:38,36.559,21.086,36.4637,36.5594,21.0101,21.0864,37.5,50,14.360913807380731
2026-03-13 22:37:38,36.519,21.083,36.4436,36.5191,21.0071,21.0834,37.5,50,27.797551984984143
2026-03-13 22:37:39,36.519,21.108,36.4436,36.5191,20.9705,21.1078,37.5,50,23.480000000000416
2026-03-13 22:37:39,36.58,21.114,36.4637,36.5795,21.0224,21.1139,37.5,50,9.579634985900228
2026-03-13 22:37:40,36.539,21.085,36.4436,36.5393,20.9827,21.0849,37.5,50,25.507085307861466
2026-03-13 22:37:40,36.464,21.1,36.4637,36.4587,20.9857,21.1002,37.5,50,38.171657776597606
2026-03-13 22:37:41,36.519,21.022,36.4436,36.5191,20.9949,21.0224,37.5,50,17.543771256201993
2026-03-13 22:37:41,36.539,21.073,36.4234,36.5393,20.9934,21.0727,37.5,50,18.92310094667788
2026-03-13 22:37:41,36.499,21.056,36.4436,36.499,21.0315,21.0559,37.5,50,30.199879686510688
2026-03-13 22:37:42,36.58,21.041,36.4436,36.5795,21.0193,21.0407,37.5,50,7.4108418823390405
2026-03-13 22:37:42,36.519,21.071,36.4839,36.5191,20.9995,21.0712,37.5,50,30.06527150180679
2026-03-13 22:37:43,36.499,21.044,36.4839,36.499,21.0361,21.0437,37.5,50,28.039872729757395
2026-03-13 22:37:43,36.539,21.048,36.4234,36.5393,21.0178,21.0483,37.5,50,16.760193175539868
2026-03-13 22:37:44,36.459,21.076,36.4436,36.4587,20.9827,21.0758,37.5,50,39.319899559438625
2026-03-13 22:37:44,36.484,21.038,36.4839,36.4385,20.9751,21.0376,37.5,50,24.97924536767244
2026-03-13 22:37:45,36.539,21.122,36.4033,36.5393,21.0147,21.1215,37.5,50,15.139418803476781
2026-03-13 22:37:45,36.504,21.038,36.504,36.4385,20.9888,21.0376,37.5,50,29.059961486729126
2026-03-13 22:37:46,36.524,21.03,36.5241,36.4788,20.9674,21.03,37.5,50,20.720446718280265
2026-03-13 22:37:46,36.539,21.073,36.4637,36.5393,20.9979,21.0727,37.5,50,19.46646838864531
2026-03-13 22:37:47,36.499,21.044,36.4637,36.499,20.9979,21.0437,37.5,50,30.198979706002493
2026-03-13 22:37:47,36.564,21.033,36.5644,36.4184,21.033,21.0101,37.5,50,11.061473417814831
2026-03-13 22:37:47,36.544,21.01,36.5443,36.5191,20.9934,21.0101,37.5,50,22.63974304448518
2026-03-13 22:37:48,36.539,21.024,36.4436,36.5393,20.9827,21.0239,37.5,50,21.619771968279366
2026-03-13 22:37:48,36.484,21.025,36.4839,36.4385,21.0117,21.0254,37.5,50,33.618212210954006
2026-03-13 22:37:49,36.539,21.048,36.504,36.5393,21.001,21.0483,37.5,50,15.141825179740488
2026-03-13 22:37:49,36.585,21.114,36.5846,36.5795,21.0346,21.1139,37.5,50,10.596693198484713
2026-03-13 22:37:50,36.539,21.109,36.4234,36.5393,21.03,21.1093,37.5,50,26.046265475763413
2026-03-13 22:37:50,36.539,21.073,36.4839,36.5393,20.9873,21.0727,37.5,50,21.08000000000004
2026-03-13 22:37:51,36.539,21.048,36.504,36.5393,20.9766,21.0483,37.5,50,21.08000000000004
2026-03-13 22:37:51,36.519,21.019,36.4436,36.5191,21.0193,21.0101,37.5,50,25.639149926265446
2026-03-13 22:37:52,36.539,20.987,36.4033,36.5393,20.9659,20.9873,37.5,50,18.920835463153338
2026-03-13 22:37:52,36.539,21.024,36.4839,36.5393,20.9751,21.0239,37.5,50,21.08000000000004
2026-03-13 22:37:53,36.499,21.019,36.4234,36.499,20.9689,21.0193,37.5,50,30.19856502997443
2026-03-13 22:37:53,36.544,21.048,36.5443,36.5393,20.9812,21.0483,37.5,50,15.62159423066217
2026-03-13 22:37:54,36.539,21.024,36.5241,36.5393,20.9796,21.0239,37.5,50,21.619961411203832
2026-03-13 22:37:54,36.519,21.047,36.4839,36.5191,20.9628,21.0468,37.5,50,25.64002115386514
2026-03-13 22:37:54,36.6,21.03,36.504,36.5997,21.001,21.03,37.5,50,5.012498969356027
2026-03-13 22:37:55,36.519,21.059,36.4033,36.5191,20.9659,21.059,37.5,50,32.228687761644814
2026-03-13 22:37:55,36.484,21.042,36.4839,36.4788,21.0117,21.0422,37.5,50,31.45993082877663
2026-03-13 22:37:56,36.499,21.068,36.4436,36.499,21.0193,21.0681,37.5,50,24.26010483987372
2026-03-13 22:37:56,36.499,21.007,36.4839,36.499,20.9751,21.0071,37.5,50,25.87999999999994
2026-03-13 22:37:57,36.519,21.047,36.4839,36.5191,21.0117,21.0468,37.5,50,21.319912264667817
2026-03-13 22:37:57,36.479,21.018,36.4436,36.4788,21.0071,21.0178,37.5,50,32.60091508962054
2026-03-13 22:37:58,36.519,21.022,36.4839,36.5191,20.9873,21.0224,37.5,50,19.159802496468735
2026-03-13 22:37:58,36.519,21.047,36.4436,36.5191,20.9827,21.0468,37.5,50,23.480000000000416
2026-03-13 22:37:59,36.539,21.012,36.4839,36.5393,20.9751,21.0117,37.5,50,18.921006884955574
2026-03-13 22:37:59,36.479,21.042,36.4637,36.4788,21.0224,21.0422,37.5,50,34.75754533108948
2026-03-13 22:38:00,36.484,20.998,36.4839,36.4184,20.9751,20.9979,37.5,50,27.140296418936526
2026-03-13 22:38:00,36.539,21.048,36.4234,36.5393,20.9567,21.0483,37.5,50,15.144489823130439
2026-03-13 22:38:00,36.519,21.025,36.504,36.5191,21.0254,20.9979,37.5,50,25.623159538076557
2026-03-13 22:38:01,36.499,21.044,36.4436,36.499,20.9705,21.0437,37.5,50,28.039840961233534
2026-03-13 22:38:01,36.559,21.062,36.4033,36.5594,20.9903,21.062,37.5,50,12.19974362498901
2026-03-13 22:38:02,36.519,21.047,36.4637,36.5191,21.0101,21.0468,37.5,50,27.7994653694042
2026-03-13 22:38:02,36.524,21.096,36.5241,36.5191,20.9918,21.0956,37.5,50,22.339843971134165
2026-03-13 22:38:03,36.559,21.05,36.4839,36.5594,20.9873,21.0498,37.5,50,14.899980184230479
2026-03-13 22:38:03,36.519,21.059,36.4839,36.5191,20.9995,21.059,37.5,50,27.80028345345154
2026-03-13 22:38:04,36.499,21.044,36.4436,36.499,20.9583,21.0437,37.5,50,28.040205520397258
2026-03-13 22:38:04,36.519,21.022,36.4234,36.5191,20.9812,21.0224,37.5,50,21.319663091311646
2026-03-13 22:38:05,36.499,21.044,36.4234,36.499,21.0056,21.0437,37.5,50,28.04020634169924
2026-03-13 22:38:05,36.519,21.047,36.4234,36.5191,20.9934,21.0468,37.5,50,21.32023406662068
2026-03-13 22:38:06,36.539,21.061,36.4234,36.5393,20.9812,21.0605,37.5,50,18.920926685147577
2026-03-13 22:38:06,36.539,21.061,36.4839,36.5393,20.9995,21.0605,37.5,50,21.08000000000004
2026-03-13 22:38:06,36.559,21.025,36.4637,36.5594,20.9735,21.0254,37.5,50,16.52102029529257
2026-03-13 22:38:07,36.519,21.035,36.4839,36.5191,20.9506,21.0346,37.5,50,27.79949284316163
2026-03-13 22:38:07,36.479,21.054,36.4637,36.4788,20.9979,21.0544,37.5,50,32.599543117778055
2026-03-13 22:38:08,36.559,21.025,36.4637,36.5594,21.0101,21.0254,37.5,50,10.041519935038565
2026-03-13 22:38:08,36.499,21.056,36.4637,36.499,21.0101,21.0559,37.5,50,32.35916246924859
2026-03-13 22:38:09,36.464,21.027,36.4637,36.4587,20.9613,21.0269,37.5,50,33.859443617824674
2026-03-13 22:38:09,36.539,21.048,36.4436,36.5393,20.9583,21.0483,37.5,50,12.980344762148649
2026-03-13 22:38:10,36.539,21.024,36.4839,36.5393,20.9628,21.0239,37.5,50,21.08000000000004
2026-03-13 22:38:10,36.539,21.048,36.504,36.5393,20.9644,21.0483,37.5,50,21.08000000000004
2026-03-13 22:38:11,36.524,21.071,36.5241,36.5191,20.9796,21.0712,37.5,50,24.499213383936315
2026-03-13 22:38:11,36.519,21.035,36.4436,36.5191,20.9705,21.0346,37.5,50,24.020062407236004
2026-03-13 22:38:12,36.559,21.05,36.4436,36.5594,20.9461,21.0498,37.5,50,14.35978986083175
2026-03-13 22:38:12,36.439,21.001,36.4234,36.4385,20.9445,21.001,37.5,50,46.03869252183328
2026-03-13 22:38:13,36.539,21.134,36.4637,36.5393,20.9735,21.1337,37.5,50,10.277500130416026
2026-03-13 22:38:13,36.504,21.03,36.504,36.4788,20.9644,21.03,37.5,50,29.0608565833068
2026-03-13 22:38:13,36.539,21.061,36.5241,36.5393,21.004,21.0605,37.5,50,17.29979359105282
2026-03-13 22:38:14,36.539,21.048,36.504,36.5393,20.9522,21.0483,37.5,50,21.08000000000004
2026-03-13 22:38:14,36.58,21.041,36.5443,36.5795,20.9689,21.0407,37.5,50,11.731479105328084
2026-03-13 22:38:15,36.539,21.048,36.504,36.5393,20.9766,21.0483,37.5,50,25.508453469384882
2026-03-13 22:38:15,36.499,21.044,36.3832,36.499,20.9644,21.0437,37.5,50,30.199626494683805
2026-03-13 22:38:16,36.539,21.024,36.4839,36.5393,20.9628,21.0239,37.5,50,16.76101881103775
2026-03-13 22:38:16,36.539,21.036,36.4839,36.5393,20.9995,21.0361,37.5,50,21.08000000000004
2026-03-13 22:38:17,36.499,20.983,36.4839,36.499,20.9506,20.9827,37.5,50,30.197882743468327
2026-03-13 22:38:17,36.559,21.05,36.4637,36.5594,20.9613,21.0498,37.5,50,12.205127321141987
2026-03-13 22:38:18,36.504,21.019,36.504,36.499,20.9766,21.0193,37.5,50,31.21697141456889
2026-03-13 22:38:18,36.499,21.056,36.4839,36.499,20.9628,21.0559,37.5,50,26.419702393808272
2026-03-13 22:38:19,36.539,21.036,36.4637,36.5393,20.9369,21.0361,37.5,50,16.762207883654526
2026-03-13 22:38:19,36.504,21.013,36.504,36.4385,20.9644,21.0132,37.5,50,29.057744530267986
2026-03-13 22:38:19,36.519,21.01,36.504,36.5191,20.9644,21.0101,37.5,50,21.860698447120857
2026-03-13 22:38:20,36.6,21.042,36.4637,36.5997,20.9735,21.0422,37.5,50,5.016444726169098
2026-03-13 22:38:20,36.539,20.999,36.4436,36.5393,20.9216,20.9995,37.5,50,27.665477588227766
2026-03-13 22:38:21,36.539,20.999,36.4839,36.5393,20.914,20.9995,37.5,50,21.08000000000004
2026-03-13 22:38:21,36.479,21.042,36.4637,36.4788,20.9369,21.0422,37.5,50,34.758845665105135
2026-03-13 22:38:22,36.519,20.986,36.504,36.5191,20.9522,20.9857,37.5,50,19.160945342591454
2026-03-13 22:38:22,36.519,21.022,36.4839,36.5191,20.9384,21.0224,37.5,50,23.480000000000416
2026-03-13 22:38:23,36.559,21.074,36.504,36.5594,20.9522,21.0742,37.5,50,14.36075561137721
2026-03-13 22:38:23,36.539,21.012,36.504,36.5393,20.9033,21.0117,37.5,50,23.23951185512897
2026-03-13 22:38:24,36.539,20.999,36.4839,36.5393,20.9628,20.9995,37.5,50,21.08000000000004
2026-03-13 22:38:24,36.499,21.007,36.4637,36.499,20.9369,21.0071,37.5,50,30.198951427351773
2026-03-13 22:38:25,36.464,21.015,36.4637,36.4587,20.9491,21.0147,37.5,50,33.85838959957214
2026-03-13 22:38:25,36.464,20.99,36.4637,36.4587,20.9247,20.9903,37.5,50,30.080000000000382
2026-03-13 22:38:25,36.539,20.999,36.504,36.5393,20.9766,20.9995,37.5,50,12.979206549313696
2026-03-13 22:38:26,36.559,21.013,36.504,36.5594,20.9644,21.0132,37.5,50,16.520032546908944
2026-03-13 22:38:26,36.539,21.012,36.4436,36.5393,20.9216,21.0117,37.5,50,23.22936214593899
2026-03-13 22:38:27,36.559,21.025,36.5443,36.5594,20.9689,21.0254,37.5,50,16.520406185561693
2026-03-13 22:38:27,36.484,21.039,36.4839,36.4587,20.914,21.0391,37.5,50,35.761342335353504
2026-03-13 22:38:28,36.544,21.032,36.5443,36.499,20.9934,21.0315,37.5,50,13.99900111890094
2026-03-13 22:38:28,36.519,21.047,36.4839,36.5191,20.9628,21.0468,37.5,50,26.179993240513753
2026-03-13 22:38:29,36.504,21.032,36.504,36.499,20.9277,21.0315,37.5,50,26.899941922231942
2026-03-13 22:38:29,36.539,21.048,36.4637,36.5393,20.9491,21.0483,37.5,50,17.299951329303934
2026-03-13 22:38:30,36.539,21.073,36.3832,36.5393,20.9522,21.0727,37.5,50,21.08000000000004
2026-03-13 22:38:30,36.544,21.01,36.5443,36.5191,20.9567,21.0101,37.5,50,19.940255389619754
2026-03-13 22:38:31,36.559,21.038,36.4839,36.5594,20.9628,21.0376,37.5,50,17.06057697710431
2026-03-13 22:38:31,36.539,21.012,36.4637,36.5393,20.9491,21.0117,37.5,50,23.238822358949495
2026-03-13 22:38:31,36.539,21.024,36.4637,36.5393,20.9125,21.0239,37.5,50,21.08000000000004
2026-03-13 22:38:32,36.504,20.981,36.504,36.4788,20.9644,20.9812,37.5,50,29.059457069502905
2026-03-13 22:38:32,36.499,21.019,36.4637,36.499,20.9491,21.0193,37.5,50,26.419691318455033
2026-03-13 22:38:33,36.58,21.016,36.4839,36.5795,20.9506,21.0163,37.5,50,7.414357772668641
2026-03-13 22:38:33,36.559,21.025,36.4637,36.5594,20.9491,21.0254,37.5,50,20.947013706306837
2026-03-13 22:38:34,36.539,20.999,36.5241,36.5393,20.9552,20.9995,37.5,50,23.239263408227597
2026-03-13 22:38:34,36.464,21.013,36.4637,36.4385,20.9491,21.0132,37.5,50,38.17263741753172
2026-03-13 22:38:35,36.559,21.013,36.5241,36.5594,20.9308,21.0132,37.5,50,8.423841892831097
2026-03-13 22:38:35,36.539,21.012,36.4637,36.5393,20.9369,21.0117,37.5,50,23.238732531279897
2026-03-13 22:38:36,36.464,20.978,36.4637,36.4587,20.9369,20.9781,37.5,50,38.177971776157776
2026-03-13 22:38:36,36.559,21.025,36.4637,36.5594,20.9369,21.0254,37.5,50,8.429594218265995
2026-03-13 22:38:37,36.544,20.999,36.5443,36.5393,20.9689,20.9995,37.5,50,22.099262529422063
2026-03-13 22:38:37,36.539,21.012,36.4234,36.5393,20.9445,21.0117,37.5,50,21.619495742004588
2026-03-13 22:38:38,36.519,20.998,36.4637,36.5191,20.9369,20.9979,37.5,50,25.639474072183255
2026-03-13 22:38:38,36.479,21.006,36.4637,36.4788,20.9491,21.0056,37.5,50,32.59664963859976
2026-03-13 22:38:38,36.539,21.024,36.4637,36.5393,20.9247,21.0239,37.5,50,14.60250110275669
2026-03-13 22:38:39,36.539,21.061,36.4436,36.5393,20.9339,21.0605,37.5,50,21.08000000000004
2026-03-13 22:38:39,36.559,20.989,36.4839,36.5594,20.9018,20.9888,37.5,50,16.52042419718297
2026-03-13 22:38:40,36.58,20.98,36.4839,36.5795,20.914,20.9796,37.5,50,13.892899689871632
2026-03-13 22:38:40,36.539,21.024,36.4839,36.5393,20.9506,21.0239,37.5,50,25.50737606264223
2026-03-13 22:38:41,36.524,20.983,36.5241,36.499,20.943,20.9827,37.5,50,24.492129833387782
2026-03-13 22:38:41,36.519,20.986,36.4637,36.5191,20.9491,20.9857,37.5,50,24.019896023757948
2026-03-13 22:38:42,36.519,21.022,36.4637,36.5191,20.9491,21.0224,37.5,50,23.480000000000416
2026-03-13 22:38:42,36.524,21.035,36.5241,36.5191,20.9064,21.0346,37.5,50,22.34009841576558
2026-03-13 22:38:43,36.504,21.019,36.504,36.499,20.9522,21.0193,37.5,50,27.430701772268314
2026-03-13 22:38:43,36.484,21.03,36.4839,36.4788,20.9262,21.03,37.5,50,29.839991032580716
2026-03-13 22:38:44,36.539,20.987,36.4839,36.5393,20.9262,20.9873,37.5,50,15.13897192790478
2026-03-13 22:38:44,36.499,21.019,36.4436,36.499,20.9216,21.0193,37.5,50,30.18032710438127
2026-03-13 22:38:44,36.539,21.024,36.4234,36.5393,20.9323,21.0239,37.5,50,16.76040780060613
2026-03-13 22:38:45,36.539,21.061,36.4436,36.5393,20.9216,21.0605,37.5,50,21.08000000000004
2026-03-13 22:38:45,36.519,21.035,36.504,36.5191,20.9033,21.0346,37.5,50,25.64005505531193
2026-03-13 22:38:46,36.58,21.004,36.5241,36.5795,20.943,21.004,37.5,50,9.573096644056626
2026-03-13 22:38:46,36.539,21.024,36.4637,36.5393,20.9735,21.0239,37.5,50,25.507551547472747
2026-03-13 22:38:47,36.58,21.114,36.4234,36.5795,20.9323,21.1139,37.5,50,11.744635657253598
2026-03-13 22:38:47,36.58,20.98,36.4637,36.5795,20.9247,20.9796,37.5,50,16.160000000000423
2026-03-13 22:38:48,36.519,20.986,36.4234,36.5191,20.9079,20.9857,37.5,50,30.066796624929086
2026-03-13 22:38:48,36.499,20.995,36.4436,36.499,20.8972,20.9949,37.5,50,28.03964831284752
2026-03-13 22:38:49,36.585,21.001,36.5846,36.5594,20.9125,21.001,37.5,50,6.275711406252569
2026-03-13 22:38:49,36.539,21.024,36.4839,36.5393,20.9262,21.0239,37.5,50,26.044406725477387
2026-03-13 22:38:50,36.544,20.975,36.5443,36.5393,20.9201,20.9751,37.5,50,19.940176898951695
2026-03-13 22:38:50,36.504,21.019,36.504,36.499,20.9155,21.0193,37.5,50,29.59943066621244
2026-03-13 22:38:50,36.519,20.974,36.4436,36.5191,20.9339,20.9735,37.5,50,21.860332362925888
2026-03-13 22:38:51,36.479,21.03,36.4436,36.4788,20.9461,21.03,37.5,50,32.59853766126859
2026-03-13 22:38:51,36.559,21.001,36.5241,36.5594,20.943,21.001,37.5,50,10.041096688042487
2026-03-13 22:38:52,36.504,20.978,36.504,36.4587,20.9155,20.9781,37.5,50,31.219367027875013
2026-03-13 22:38:52,36.504,20.983,36.504,36.499,20.94,20.9827,37.5,50,25.280000000000484
2026-03-13 22:38:53,36.539,20.975,36.5241,36.5393,20.9674,20.9751,37.5,50,17.29972374860089
2026-03-13 22:38:53,36.504,20.981,36.504,36.4788,20.9522,20.9812,37.5,50,29.059776428039793
2026-03-13 22:38:54,36.559,20.989,36.5241,36.5594,20.9064,20.9888,37.5,50,12.739377571046745
2026-03-13 22:38:54,36.564,21.012,36.5644,36.5393,20.9232,21.0117,37.5,50,17.53991348829456
2026-03-13 22:38:55,36.539,20.963,36.504,36.5393,20.9522,20.9628,37.5,50,23.776714306030932
2026-03-13 22:38:55,36.539,20.999,36.504,36.5393,20.9522,20.9995,37.5,50,21.08000000000004
2026-03-13 22:38:56,36.499,21.007,36.4436,36.499,20.9339,21.0071,37.5,50,30.19843008276329
2026-03-13 22:38:56,36.58,20.967,36.504,36.5795,20.8789,20.9674,37.5,50,7.417196323136396
2026-03-13 22:38:57,36.484,20.981,36.4839,36.4788,20.8896,20.9812,37.5,50,38.04420252468866
2026-03-13 22:38:57,36.519,21.01,36.504,36.5191,20.94,21.0101,37.5,50,19.700857060944173
2026-03-13 22:38:57,36.539,20.999,36.504,36.5393,20.9033,20.9995,37.5,50,18.9207736573625
2026-03-13 22:38:58,36.564,20.986,36.5644,36.5191,20.9232,20.9857,37.5,50,15.380679286432944
2026-03-13 22:38:58,36.539,21.024,36.4839,36.5393,20.914,21.0239,37.5,50,23.77967190217905
2026-03-13 22:38:59,36.58,21.004,36.4839,36.5795,20.8896,21.004,37.5,50,11.732795287472399
2026-03-13 22:38:59,36.6,20.993,36.4839,36.5997,20.914,20.9934,37.5,50,11.604823206180939
2026-03-13 22:39:00,36.519,20.986,36.4436,36.5191,20.9094,20.9857,37.5,50,32.225295106808126
2026-03-13 22:39:00,36.519,20.974,36.504,36.5191,20.9277,20.9735,37.5,50,23.480000000000416
2026-03-13 22:39:01,36.559,21.025,36.5241,36.5594,20.9186,21.0254,37.5,50,14.36216648574564
2026-03-13 22:39:01,36.559,21.05,36.4637,36.5594,20.9613,21.0498,37.5,50,18.68000000000052
2026-03-13 22:39:02,36.544,21.073,36.5443,36.5393,20.9079,21.0727,37.5,50,22.08627082304007
2026-03-13 22:39:02,36.539,21.012,36.4033,36.5393,20.9049,21.0117,37.5,50,21.619827573631163
2026-03-13 22:39:03,36.519,20.986,36.4234,36.5191,20.9079,20.9857,37.5,50,25.639197544251186
2026-03-13 22:39:03,36.484,21.006,36.4839,36.4788,20.914,21.0056,37.5,50,31.459756581861946
2026-03-13 22:39:03,36.559,20.964,36.4637,36.5594,20.9247,20.9644,37.5,50,10.580858158505016
2026-03-13 22:39:04,36.559,20.977,36.4839,36.5594,20.9262,20.9766,37.5,50,18.68000000000052
2026-03-13 22:39:04,36.504,20.993,36.504,36.4788,20.9155,20.9934,37.5,50,31.220668281934753
2026-03-13 22:39:05,36.539,21.012,36.4637,36.5393,20.9125,21.0117,37.5,50,17.300669550414355
2026-03-13 22:39:05,36.564,20.986,36.5644,36.5191,20.9476,20.9857,37.5,50,15.379646604752185
2026-03-13 22:39:06,36.559,20.977,36.4839,36.5594,20.9018,20.9766,37.5,50,19.220034219636364
2026-03-13 22:39:06,36.559,21.013,36.504,36.5594,20.94,21.0132,37.5,50,18.68000000000052
2026-03-13 22:39:07,36.504,20.97,36.504,36.499,20.9277,20.9705,37.5,50,31.218546196383063
2026-03-13 22:39:07,36.484,21.006,36.4839,36.4788,20.9018,21.0056,37.5,50,29.839837999018492
2026-03-13 22:39:08,36.519,20.998,36.504,36.5191,20.9155,20.9979,37.5,50,19.701071220500697
2026-03-13 22:39:08,36.544,20.995,36.5443,36.499,20.9201,20.9949,37.5,50,17.77998171677332
2026-03-13 22:39:09,36.504,20.993,36.504,36.4788,20.9155,20.9934,37.5,50,29.600024764801727
2026-03-13 22:39:09,36.464,20.972,36.4637,36.3983,20.9125,20.972,37.5,50,34.39853654228412
2026-03-13 22:39:09,36.519,20.998,36.4637,36.5191,20.8881,20.9979,37.5,50,17.541583183348404
2026-03-13 22:39:10,36.559,20.977,36.4839,36.5594,20.9262,20.9766,37.5,50,14.361645555600154
2026-03-13 22:39:10,36.499,20.983,36.4637,36.499,20.9003,20.9827,37.5,50,32.35956567989508
2026-03-13 22:39:11,36.519,20.986,36.504,36.5191,20.94,20.9857,37.5,50,21.320278719807668
2026-03-13 22:39:11,36.544,21.024,36.5443,36.5393,20.9201,21.0239,37.5,50,17.780889524463273
2026-03-13 22:39:12,36.539,20.999,36.4637,36.5393,20.9125,20.9995,37.5,50,21.619729623912615
2026-03-13 22:39:12,36.559,20.989,36.504,36.5594,20.9522,20.9888,37.5,50,16.520840824430973
2026-03-13 22:39:13,36.484,20.969,36.4839,36.4788,20.914,20.9689,37.5,50,35.77820364610098
2026-03-13 22:39:13,36.58,20.967,36.5241,36.5795,20.9064,20.9674,37.5,50,5.794542517358982
2026-03-13 22:39:14,36.499,20.983,36.4637,36.499,20.9247,20.9827,37.5,50,34.61690927580041
2026-03-13 22:39:14,36.519,20.998,36.4637,36.5191,20.8881,20.9979,37.5,50,21.321174537144167
2026-03-13 22:39:15,36.539,20.999,36.504,36.5393,20.9033,20.9995,37.5,50,18.921055160455815
2026-03-13 22:39:15,36.559,20.989,36.4637,36.5594,20.9125,20.9888,37.5,50,16.522315944313412
2026-03-13 22:39:16,36.499,21.007,36.4637,36.499,20.8759,21.0071,37.5,50,32.355427576260645
2026-03-13 22:39:16,36.499,20.958,36.4436,36.499,20.9094,20.9583,37.5,50,25.87999999999994
2026-03-13 22:39:16,36.524,20.989,36.5241,36.4385,20.9064,20.9888,37.5,50,20.181491153460005
2026-03-13 22:39:17,36.459,21.003,36.4234,36.4587,20.8957,21.0025,37.5,50,37.698389824722135
2026-03-13 22:39:17,36.559,21.001,36.4839,36.5594,20.9262,21.001,37.5,50,7.882115296113556
2026-03-13 22:39:18,36.504,20.978,36.504,36.4587,20.9033,20.9781,37.5,50,31.215536068039768
2026-03-13 22:39:18,36.62,20.984,36.504,36.6198,20.9277,20.9842,37.5,50,0
2026-03-13 22:39:19,36.539,21.024,36.5241,36.5393,20.9064,21.0239,37.5,50,29.82608571903166
2026-03-13 22:39:19,36.519,20.986,36.504,36.5191,20.9155,20.9857,37.5,50,25.63897324897501
2026-03-13 22:39:20,36.524,21.01,36.5241,36.5191,20.9186,21.0101,37.5,50,22.340590216316468
2026-03-13 22:39:20,36.539,20.975,36.4839,36.5393,20.914,20.9751,37.5,50,19.470826312790848
2026-03-13 22:39:21,36.6,21.103,36.504,36.5997,20.9522,21.1032,37.5,50,7.194065079584536
2026-03-13 22:39:21,36.479,21.03,36.4436,36.4788,20.8728,21.03,37.5,50,41.331012366925094
2026-03-13 22:39:22,36.6,21.006,36.4637,36.5997,20.9247,21.0056,37.5,50,0.694308297985323
2026-03-13 22:39:22,36.559,21.013,36.4436,36.5594,20.9339,21.0132,37.5,50,23.107925704012278
2026-03-13 22:39:22,36.484,21.112,36.4839,36.4587,20.8896,21.1124,37.5,50,35.78081703998426
2026-03-13 22:39:23,36.519,20.986,36.504,36.5191,20.9277,20.9857,37.5,50,19.699330547787955
2026-03-13 22:39:23,36.519,20.974,36.504,36.5191,20.8911,20.9735,37.5,50,23.480000000000416
2026-03-13 22:39:24,36.519,20.986,36.4234,36.5191,20.9445,20.9857,37.5,50,23.480000000000416
2026-03-13 22:39:24,36.504,21.054,36.504,36.4788,20.9033,21.0544,37.5,50,26.899724358807724
2026-03-13 22:39:25,36.484,20.981,36.4839,36.4788,20.9018,20.9812,37.5,50,29.839143600046086
2026-03-13 22:39:25,36.499,20.97,36.4637,36.499,20.9613,20.9705,37.5,50,24.265314668563825
2026-03-13 22:39:26,36.499,20.995,36.4234,36.499,20.9323,20.9949,37.5,50,25.87999999999994
2026-03-13 22:39:26,36.539,20.987,36.504,36.5393,20.9522,20.9873,37.5,50,16.76376720763718
2026-03-13 22:39:27,36.58,20.98,36.4234,36.5795,20.8957,20.9796,37.5,50,11.734177898902395
2026-03-13 22:39:27,36.519,20.986,36.4234,36.5191,20.9079,20.9857,37.5,50,30.0643178340269
2026-03-13 22:39:28,36.499,20.983,36.4436,36.499,20.8972,20.9827,37.5,50,28.033225637944085
2026-03-13 22:39:28,36.58,21.004,36.504,36.5795,20.9277,21.004,37.5,50,7.414404570680004
2026-03-13 22:39:28,36.564,21.061,36.5644,36.5393,20.911,21.0605,37.5,50,19.807747004624446
2026-03-13 22:39:29,36.539,20.999,36.5241,36.5393,20.9308,20.9995,37.5,50,23.778388956015657
2026-03-13 22:39:29,36.539,20.951,36.4234,36.5393,20.9079,20.9506,37.5,50,21.08000000000004
2026-03-13 22:39:30,36.559,20.989,36.504,36.5594,20.9033,20.9888,37.5,50,16.527223714366272
2026-03-13 22:39:30,36.539,20.975,36.504,36.5393,20.9155,20.9751,37.5,50,23.225428727287145
2026-03-13 22:39:31,36.559,21.013,36.4637,36.5594,20.9125,21.0132,37.5,50,16.54128868944119
2026-03-13 22:39:31,36.539,20.951,36.4839,36.5393,20.9018,20.9506,37.5,50,23.238185920422175
2026-03-13 22:39:32,36.559,21.001,36.4637,36.5594,20.9125,21.001,37.5,50,16.523152380326167
2026-03-13 22:39:32,36.559,21.001,36.4839,36.5594,20.914,21.001,37.5,50,18.68000000000052
2026-03-13 22:39:33,36.539,20.963,36.5241,36.5393,20.9186,20.9628,37.5,50,23.239639861565454
2026-03-13 22:39:33,36.58,21.004,36.4033,36.5795,20.9171,21.004,37.5,50,11.732589132186499
2026-03-13 22:39:34,36.524,20.949,36.5241,36.5191,20.943,20.9491,37.5,50,28.927553045673832
2026-03-13 22:39:34,36.559,20.964,36.5241,36.5594,20.9186,20.9644,37.5,50,14.919527842510076
2026-03-13 22:39:35,36.559,21.001,36.5241,36.5594,20.9186,21.001,37.5,50,18.68000000000052
2026-03-13 22:39:35,36.519,20.974,36.4637,36.5191,20.9125,20.9735,37.5,50,27.79894742621412
2026-03-13 22:39:35,36.539,20.963,36.5241,36.5393,20.9064,20.9628,37.5,50,18.920233413577442
2026-03-13 22:39:36,36.499,20.958,36.4839,36.499,20.914,20.9583,37.5,50,30.196768299761935
2026-03-13 22:39:36,36.504,20.995,36.504,36.499,20.8911,20.9949,37.5,50,24.74014704186753
2026-03-13 22:39:37,36.504,20.969,36.504,36.4788,20.8789,20.9689,37.5,50,25.280000000000484
2026-03-13 22:39:37,36.6,20.993,36.4234,36.5997,20.9079,20.9934,37.5,50,3.3943898569335342
2026-03-13 22:39:38,36.559,21.025,36.4839,36.5594,20.8774,21.0254,37.5,50,23.05025305777897
2026-03-13 22:39:38,36.539,21.012,36.4839,36.5393,20.9262,21.0117,37.5,50,23.239709166825136
2026-03-13 22:39:39,36.519,21.01,36.504,36.5191,20.9033,21.0101,37.5,50,25.638546002549067
2026-03-13 22:39:39,36.6,20.993,36.5443,36.5997,20.9079,20.9934,37.5,50,5.015642534154619
2026-03-13 22:39:40,36.62,21.009,36.4839,36.6198,20.9262,21.0086,37.5,50,9.200897050966995
2026-03-13 22:39:40,36.504,20.958,36.504,36.499,20.8667,20.9583,37.5,50,37.80611065065821
2026-03-13 22:39:41,36.58,20.931,36.4839,36.5795,20.8896,20.9308,37.5,50,7.951615150861922
2026-03-13 22:39:41,36.559,21.001,36.4436,36.5594,20.885,21.001,37.5,50,20.94746747945787
2026-03-13 22:39:41,36.564,20.938,36.5644,36.5393,20.8988,20.9384,37.5,50,17.542132176426144
2026-03-13 22:39:42,36.559,20.952,36.4637,36.5594,20.9003,20.9522,37.5,50,19.219936739500405
2026-03-13 22:39:42,36.559,20.977,36.504,36.5594,20.9033,20.9766,37.5,50,18.68000000000052
2026-03-13 22:39:43,36.519,21.01,36.4637,36.5191,20.9125,21.0101,37.5,50,27.799701300602536
2026-03-13 22:39:43,36.559,20.977,36.4839,36.5594,20.8896,20.9766,37.5,50,14.361131279979752
2026-03-13 22:39:44,36.499,20.983,36.4637,36.499,20.9125,20.9827,37.5,50,32.357712288631305
2026-03-13 22:39:44,36.539,20.963,36.504,36.5393,20.9033,20.9628,37.5,50,16.76026735067242
2026-03-13 22:39:45,36.559,20.977,36.504,36.5594,20.9277,20.9766,37.5,50,16.519878963062176
2026-03-13 22:39:45,36.564,21.012,36.5644,36.5393,20.9232,21.0117,37.5,50,17.540007513887343
2026-03-13 22:39:46,36.499,20.958,36.4234,36.499,20.8835,20.9583,37.5,50,32.90039177773623
2026-03-13 22:39:46,36.539,20.987,36.504,36.5393,20.8911,20.9873,37.5,50,16.759753493301485
2026-03-13 22:39:47,36.504,20.977,36.504,36.4385,20.8911,20.9766,37.5,50,29.05999494569462
2026-03-13 22:39:47,36.519,20.986,36.4637,36.5191,20.9125,20.9857,37.5,50,21.859995990036655
2026-03-13 22:39:47,36.519,20.961,36.4839,36.5191,20.8774,20.9613,37.5,50,23.480000000000416
2026-03-13 22:39:48,36.479,20.957,36.4033,36.4788,20.8927,20.9567,37.5,50,32.59958416676493
2026-03-13 22:39:48,36.585,20.957,36.5846,36.4788,20.9125,20.9567,37.5,50,4.1130218305337785
2026-03-13 22:39:49,36.499,20.983,36.4637,36.499,20.9003,20.9827,37.5,50,35.16301616472974
2026-03-13 22:39:49,36.479,20.969,36.4436,36.4788,20.9339,20.9689,37.5,50,30.439492595082186
2026-03-13 22:39:50,36.559,20.952,36.504,36.5594,20.9277,20.9522,37.5,50,10.043328836313087
2026-03-13 22:39:50,36.464,20.978,36.4637,36.4587,20.9125,20.9781,37.5,50,40.33794359333173
2026-03-13 22:39:51,36.539,21.024,36.4637,36.5393,20.9125,21.0239,37.5,50,12.981885105746548
2026-03-13 22:39:51,36.519,21.022,36.4839,36.5191,20.914,21.0224,37.5,50,25.63887349065916
2026-03-13 22:39:52,36.519,20.998,36.4436,36.5191,20.8972,20.9979,37.5,50,23.480000000000416
2026-03-13 22:39:52,36.519,20.986,36.4436,36.5191,20.8972,20.9857,37.5,50,23.480000000000416
2026-03-13 22:39:53,36.479,20.945,36.4436,36.4788,20.8972,20.9445,37.5,50,32.59748850312048
2026-03-13 22:39:53,36.62,20.984,36.5241,36.6198,20.9064,20.9842,37.5,50,0
2026-03-13 22:39:54,36.484,20.957,36.4839,36.4788,20.914,20.9567,37.5,50,42.36175591615988
2026-03-13 22:39:54,36.544,20.961,36.5443,36.5191,20.9079,20.9613,37.5,50,14.00190253068222
2026-03-13 22:39:54,36.499,20.958,36.4839,36.499,20.853,20.9583,37.5,50,30.7379367328352
2026-03-13 22:39:55,36.504,20.981,36.504,36.4788,20.8911,20.9812,37.5,50,24.740203088354466
2026-03-13 22:39:55,36.524,20.977,36.5241,36.4385,20.9308,20.9766,37.5,50,20.72065408712469
2026-03-13 22:39:56,36.564,21.007,36.5644,36.499,20.8865,21.0071,37.5,50,13.760363130792737
2026-03-13 22:39:56,36.539,20.987,36.504,36.5393,20.9033,20.9873,37.5,50,23.778327672138566
2026-03-13 22:39:57,36.479,20.969,36.4033,36.4788,20.8682,20.9689,37.5,50,34.75201214268549
2026-03-13 22:39:57,36.559,20.952,36.504,36.5594,20.9277,20.9522,37.5,50,10.040887455949012
2026-03-13 22:39:58,36.519,20.974,36.4436,36.5191,20.9094,20.9735,37.5,50,27.799746849703777
2026-03-13 22:39:58,36.559,20.952,36.4637,36.5594,20.8759,20.9522,37.5,50,14.360586013514194
2026-03-13 22:39:59,36.524,20.94,36.5241,36.4385,20.9064,20.94,37.5,50,26.65821466269346
2026-03-13 22:39:59,36.519,20.986,36.4436,36.5191,20.885,20.9857,37.5,50,24.019893806128632
2026-03-13 22:40:00,36.559,20.989,36.4637,36.5594,20.9003,20.9888,37.5,50,14.360738475891651
2026-03-13 22:40:00,36.58,21.004,36.504,36.5795,20.8667,21.004,37.5,50,13.892687163571386
2026-03-13 22:40:00,36.499,21.007,36.4839,36.499,20.8652,21.0071,37.5,50,34.62028359936948
2026-03-13 22:40:01,36.539,20.999,36.4637,36.5393,20.9003,20.9995,37.5,50,16.76675341718282
2026-03-13 22:40:01,36.58,21.004,36.4436,36.5795,20.8728,21.004,37.5,50,11.734477630823982
2026-03-13 22:40:02,36.544,21.03,36.5443,36.4788,20.8835,21.03,37.5,50,24.36486867929858
2026-03-13 22:40:02,36.504,20.954,36.504,36.4587,20.8911,20.9537,37.5,50,29.599285721103733
2026-03-13 22:40:03,36.499,20.995,36.4234,36.499,20.9079,20.9949,37.5,50,26.419963021776663
2026-03-13 22:40:03,36.559,20.94,36.4234,36.5594,20.8835,20.94,37.5,50,12.200566807342144
2026-03-13 22:40:04,36.519,20.937,36.4436,36.5191,20.8972,20.9369,37.5,50,27.79945942691043
2026-03-13 22:40:04,36.58,21.004,36.5443,36.5795,20.8957,21.004,37.5,50,9.571026092201762
2026-03-13 22:40:05,36.58,21.004,36.504,36.5795,20.9155,21.004,37.5,50,16.160000000000423
2026-03-13 22:40:05,36.58,20.955,36.4436,36.5795,20.8972,20.9552,37.5,50,16.160000000000423
2026-03-13 22:40:06,36.559,20.989,36.4839,36.5594,20.8774,20.9888,37.5,50,20.948070741852714
2026-03-13 22:40:06,36.559,21.05,36.504,36.5594,20.8789,21.0498,37.5,50,18.68000000000052
2026-03-13 22:40:06,36.58,21.016,36.4637,36.5795,20.8881,21.0163,37.5,50,13.891860912449328
2026-03-13 22:40:07,36.504,20.977,36.504,36.4385,20.8667,20.9766,37.5,50,33.47700341499374
2026-03-13 22:40:07,36.524,20.993,36.5241,36.4788,20.8576,20.9934,37.5,50,20.719931875599084
2026-03-13 22:40:08,36.504,20.946,36.504,36.499,20.9155,20.9461,37.5,50,27.439738659874124
2026-03-13 22:40:08,36.539,20.999,36.4436,36.5393,20.9094,20.9995,37.5,50,17.300356654099556
2026-03-13 22:40:09,36.519,20.998,36.4637,36.5191,20.9369,20.9979,37.5,50,25.637665144804792
2026-03-13 22:40:09,36.58,20.98,36.4436,36.5795,20.8972,20.9796,37.5,50,9.574867280049938
2026-03-13 22:40:10,36.58,20.955,36.5241,36.5795,20.9064,20.9552,37.5,50,16.160000000000423
2026-03-13 22:40:10,36.504,20.941,36.504,36.4587,20.9277,20.9415,37.5,50,33.48499527756158
2026-03-13 22:40:11,36.479,20.969,36.4033,36.4788,20.8927,20.9689,37.5,50,30.97968886345057
2026-03-13 22:40:17,36.559,21.074,36.5241,36.5594,20.9186,21.0742,37.5,50,50
2026-03-13 22:40:18,36.504,21.025,36.504,36.4385,20.9033,21.0254,37.5,50,50
2026-03-13 22:40:18,36.459,21.027,36.4436,36.4587,20.9094,21.0269,37.5,50,50
2026-03-13 22:40:19,36.499,21.019,36.3832,36.499,20.9033,21.0193,37.5,50,50
2026-03-13 22:40:19,36.519,21.059,36.4234,36.5191,20.9079,21.059,37.5,50,50
2026-03-13 22:40:20,36.459,21.003,36.4234,36.4587,20.9079,21.0025,37.5,50,50
2026-03-13 22:40:20,36.539,20.999,36.504,36.5393,20.9277,20.9995,37.5,50,50
2026-03-13 22:40:21,36.499,20.983,36.4637,36.499,20.9369,20.9827,37.5,50,50
2026-03-13 22:40:21,36.539,21.036,36.4234,36.5393,20.9201,21.0361,37.5,50,50
2026-03-13 22:40:21,36.484,20.993,36.4839,36.4788,20.9384,20.9934,37.5,50,50
2026-03-13 22:40:22,36.519,21.01,36.4436,36.5191,20.9461,21.0101,37.5,50,50
2026-03-13 22:40:22,36.519,20.961,36.363,36.5191,20.9247,20.9613,37.5,50,50
2026-03-13 22:40:23,36.539,20.999,36.4436,36.5393,20.9461,20.9995,37.5,50,50
2026-03-13 22:40:23,36.499,20.958,36.4436,36.499,20.8972,20.9583,37.5,50,50
2026-03-13 22:40:24,36.459,20.966,36.4234,36.4587,20.9079,20.9659,37.5,50,50
2026-03-13 22:40:24,36.499,20.97,36.4436,36.499,20.8972,20.9705,37.5,50,50
2026-03-13 22:40:25,36.519,20.986,36.4234,36.5191,20.9079,20.9857,37.5,50,50
2026-03-13 22:40:25,36.439,20.989,36.4033,36.4385,20.9293,20.9888,37.5,50,50
2026-03-13 22:40:26,36.504,20.966,36.504,36.4587,20.9155,20.9659,37.5,50,50
2026-03-13 22:40:26,36.459,20.99,36.4436,36.4587,20.9094,20.9903,37.5,50,50
2026-03-13 22:40:27,36.539,20.975,36.4637,36.5393,20.9125,20.9751,37.5,50,50
2026-03-13 22:40:27,36.484,20.957,36.4839,36.4788,20.914,20.9567,37.5,50,50
2026-03-13 22:40:27,36.559,20.989,36.4637,36.5594,20.9247,20.9888,37.5,50,50
2026-03-13 22:40:28,36.499,20.97,36.4637,36.499,20.8881,20.9705,37.5,50,50
2026-03-13 22:40:28,36.519,20.986,36.4436,36.5191,20.8972,20.9857,37.5,50,50
2026-03-13 22:40:29,36.499,20.958,36.4436,36.499,20.8728,20.9583,37.5,50,50
2026-03-13 22:40:29,36.524,21.01,36.5241,36.5191,20.943,21.0101,37.5,50,50
2026-03-13 22:40:30,36.499,21.019,36.4839,36.499,20.9018,21.0193,37.5,50,50
2026-03-13 22:40:30,36.499,21.007,36.4234,36.499,20.8835,21.0071,37.5,50,50
2026-03-13 22:40:31,36.519,20.998,36.4839,36.5191,20.8896,20.9979,37.5,50,50
2026-03-13 22:40:31,36.519,20.986,36.4234,36.5191,20.8835,20.9857,37.5,50,50
2026-03-13 22:40:32,36.524,20.983,36.5241,36.499,20.9186,20.9827,37.5,50,50
2026-03-13 22:40:32,36.564,20.998,36.5644,36.5191,20.8988,20.9979,37.5,50,50
2026-03-13 22:40:33,36.519,20.998,36.504,36.5191,20.8789,20.9979,37.5,50,50
2026-03-13 22:40:33,36.539,20.963,36.4637,36.5393,20.9247,20.9628,37.5,50,50
2026-03-13 22:40:33,36.539,20.963,36.4637,36.5393,20.8881,20.9628,37.5,50,50
2026-03-13 22:40:34,36.524,20.993,36.5241,36.4788,20.8942,20.9934,37.5,50,50
2026-03-13 22:40:34,36.58,20.931,36.504,36.5795,20.8667,20.9308,37.5,50,50
2026-03-13 22:40:35,36.58,20.967,36.4436,36.5795,20.8606,20.9674,37.5,50,50
2026-03-13 22:40:35,36.585,20.977,36.5846,36.5594,20.8637,20.9766,37.5,50,50
2026-03-13 22:40:36,36.539,20.963,36.504,36.5393,20.8545,20.9628,37.5,50,50
2026-03-13 22:40:36,36.564,20.999,36.5644,36.5393,20.8743,20.9995,37.5,50,50
2026-03-13 22:40:37,36.559,20.964,36.5443,36.5594,20.8591,20.9644,37.5,50,50
2026-03-13 22:40:37,36.464,20.949,36.4637,36.4184,20.827,20.9491,37.5,50,50
2026-03-13 22:40:38,36.6,21.03,36.5241,36.5997,20.8331,21.03,37.5,50,50
2026-03-13 22:40:38,36.479,20.957,36.4637,36.4788,20.827,20.9567,37.5,50,50
2026-03-13 22:40:39,36.585,20.937,36.5846,36.4184,20.8148,20.9369,37.5,50,50
2026-03-13 22:40:39,36.6,20.945,36.504,36.5997,20.8179,20.9445,37.5,50,50
2026-03-13 22:40:39,36.564,20.932,36.5644,36.4788,20.8377,20.9323,37.5,50,50
2026-03-13 22:40:40,36.625,20.946,36.6249,36.499,20.8194,20.9461,37.5,50,50
2026-03-13 22:40:40,36.559,20.952,36.4839,36.5594,20.7797,20.9522,37.5,50,50
2026-03-13 22:40:41,36.544,20.97,36.5443,36.499,20.8103,20.9705,37.5,50,50
2026-03-13 22:40:41,36.519,20.961,36.504,36.5191,20.8301,20.9613,37.5,50,50
2026-03-13 22:40:42,36.6,20.957,36.5241,36.5997,20.7843,20.9567,37.5,50,50
2026-03-13 22:40:42,36.62,20.923,36.5443,36.6198,20.798,20.9232,37.5,50,50
2026-03-13 22:40:43,36.62,20.948,36.5443,36.6198,20.7736,20.9476,37.5,50,50
2026-03-13 22:40:43,36.6,20.932,36.4839,36.5997,20.7797,20.9323,37.5,50,50
2026-03-13 22:40:44,36.605,20.925,36.6047,36.5191,20.8057,20.9247,37.5,50,50
2026-03-13 22:40:44,36.6,20.908,36.5443,36.5997,20.7614,20.9079,37.5,50,50
2026-03-13 22:40:45,36.605,20.938,36.6047,36.5393,20.7813,20.9384,37.5,50,50
2026-03-13 22:40:45,36.62,20.887,36.5846,36.6198,20.7538,20.8865,37.5,50,50
2026-03-13 22:40:46,36.564,20.891,36.5644,36.5594,20.7767,20.8911,37.5,50,50
2026-03-13 22:40:46,36.625,20.916,36.6249,36.5594,20.734,20.9155,37.5,50,50
2026-03-13 22:40:46,36.6,20.945,36.5644,36.5997,20.7645,20.9445,37.5,50,50
2026-03-13 22:40:47,36.64,20.925,36.5846,36.64,20.7294,20.9247,37.5,50,50
2026-03-13 22:40:47,36.645,20.972,36.645,36.6198,20.7126,20.972,37.5,50,50
2026-03-13 22:40:48,36.665,20.883,36.6651,36.5997,20.7019,20.8835,37.5,50,50
2026-03-13 22:40:48,36.726,20.935,36.7256,36.6198,20.7324,20.9354,37.5,50,50
2026-03-13 22:40:49,36.665,20.891,36.6651,36.6601,20.7141,20.8911,37.5,50,50
2026-03-13 22:40:49,36.685,20.874,36.6853,36.6198,20.7156,20.8743,37.5,50,50
2026-03-13 22:40:50,36.645,20.908,36.645,36.5997,20.6882,20.9079,37.5,50,50
2026-03-13 22:40:50,36.605,20.842,36.6047,36.5594,20.6836,20.8423,37.5,50,50
2026-03-13 22:40:51,36.64,20.851,36.6047,36.64,20.6714,20.8515,37.5,50,50
2026-03-13 22:40:51,36.705,20.874,36.7054,36.6198,20.7065,20.8743,37.5,50,50
2026-03-13 22:40:52,36.746,20.864,36.7457,36.64,20.6744,20.8637,37.5,50,50
2026-03-13 22:40:52,36.665,20.835,36.6651,36.5997,20.6653,20.8347,37.5,50,50
2026-03-13 22:40:52,36.685,20.88,36.6853,36.6802,20.679,20.8804,37.5,50,50
2026-03-13 22:40:53,36.685,20.858,36.6853,36.5795,20.6912,20.8576,37.5,50,50
2026-03-13 22:40:53,36.766,20.855,36.7659,36.6601,20.6638,20.8545,37.5,50,50
2026-03-13 22:40:54,36.726,20.827,36.7256,36.64,20.647,20.827,37.5,50,50
2026-03-13 22:40:54,36.685,20.891,36.6853,36.6601,20.6424,20.8911,37.5,50,50
2026-03-13 22:40:55,36.761,20.853,36.7256,36.7608,20.6226,20.853,37.5,50,50
2026-03-13 22:40:55,36.726,20.838,36.7256,36.6198,20.6348,20.8377,37.5,50,50
2026-03-13 22:40:56,36.786,20.856,36.786,36.6802,20.618,20.856,37.5,50,50
2026-03-13 22:40:56,36.685,20.819,36.6853,36.6802,20.618,20.8194,37.5,50,50
2026-03-13 22:40:57,36.786,20.807,36.786,36.6802,20.618,20.8072,37.5,50,50
2026-03-13 22:40:57,36.726,20.798,36.7256,36.7004,20.5859,20.798,37.5,50,50
2026-03-13 22:40:58,36.846,20.81,36.8464,36.7004,20.5997,20.8103,37.5,50,50
2026-03-13 22:40:58,36.726,20.801,36.7256,36.6198,20.5737,20.8011,37.5,50,50
2026-03-13 22:40:58,36.766,20.793,36.7659,36.6601,20.5539,20.7935,37.5,50,50
2026-03-13 22:40:59,36.786,20.804,36.786,36.7608,20.557,20.8042,37.5,50,50
2026-03-13 22:40:59,36.766,20.847,36.7659,36.7004,20.5417,20.8469,37.5,50,50
2026-03-13 22:41:00,36.766,20.777,36.7659,36.7407,20.5539,20.7767,37.5,50,50
2026-03-13 22:41:00,36.826,20.769,36.8263,36.6601,20.5722,20.7691,37.5,50,50
2026-03-13 22:41:01,36.746,20.746,36.7457,36.6802,20.5768,20.7462,37.5,50,50
2026-03-13 22:41:01,36.826,20.787,36.8263,36.7205,20.5966,20.7874,37.5,50,50
2026-03-13 22:41:02,36.867,20.714,36.8666,36.7205,20.528,20.7141,37.5,50,50
2026-03-13 22:41:02,36.867,20.743,36.8666,36.7608,20.5402,20.7431,37.5,50,50
2026-03-13 22:41:03,36.846,20.734,36.8464,36.6802,20.5386,20.734,37.5,50,50
2026-03-13 22:41:03,36.867,20.816,36.8666,36.7608,20.5035,20.8164,37.5,50,50
2026-03-13 22:41:04,36.846,20.804,36.8464,36.7608,20.5386,20.8042,37.5,50,50
2026-03-13 22:41:04,36.766,20.755,36.7659,36.7608,20.5173,20.7553,37.5,50,50
2026-03-13 22:41:04,36.846,20.789,36.8464,36.7407,20.4898,20.7889,37.5,50,50
2026-03-13 22:41:05,36.867,20.769,36.8666,36.6601,20.5035,20.7691,37.5,50,50
2026-03-13 22:41:05,36.846,20.787,36.8464,36.7205,20.4654,20.7874,37.5,50,50
2026-03-13 22:41:06,36.907,20.768,36.9068,36.7608,20.4471,20.7675,37.5,50,50
2026-03-13 22:41:06,36.846,20.74,36.8464,36.7407,20.4532,20.7401,37.5,50,50
2026-03-13 22:41:07,36.846,20.764,36.8464,36.7407,20.4166,20.7645,37.5,50,50
2026-03-13 22:41:07,36.887,20.792,36.8867,36.7608,20.4578,20.7919,37.5,50,50
2026-03-13 22:41:08,36.826,20.761,36.8263,36.7004,20.4501,20.7614,37.5,50,50
2026-03-13 22:41:08,36.927,20.793,36.927,36.781,20.4379,20.7935,37.5,50,50
2026-03-13 22:41:09,36.887,20.76,36.8867,36.8011,20.4211,20.7599,37.5,50,50
2026-03-13 22:41:09,36.887,20.699,36.8867,36.8011,20.4211,20.6989,37.5,50,50
2026-03-13 22:41:10,36.927,20.694,36.927,36.7608,20.4257,20.6943,37.5,50,50
2026-03-13 22:41:10,36.967,20.716,36.9673,36.7407,20.4425,20.7156,37.5,50,50
2026-03-13 22:41:11,36.867,20.716,36.8666,36.7407,20.3937,20.7156,37.5,50,50
2026-03-13 22:41:11,36.907,20.72,36.9068,36.781,20.3983,20.7202,37.5,50,50
2026-03-13 22:41:11,36.947,20.748,36.9471,36.8011,20.4028,20.7477,37.5,50,50
2026-03-13 22:41:12,36.907,20.732,36.9068,36.781,20.3861,20.7324,37.5,50,50
2026-03-13 22:41:12,36.887,20.7,36.8867,36.8212,20.3723,20.7004,37.5,50,50
2026-03-13 22:41:13,36.987,20.652,36.9874,36.8212,20.3952,20.6516,37.5,50,50
2026-03-13 22:41:13,36.927,20.674,36.927,36.8011,20.3647,20.6744,37.5,50,50
2026-03-13 22:41:14,36.967,20.645,36.9673,36.7608,20.3571,20.6455,37.5,50,50
2026-03-13 22:41:14,36.987,20.659,36.9874,36.781,20.3342,20.6592,37.5,50,50
2026-03-13 22:41:15,37.008,20.633,37.0076,36.7608,20.3113,20.6332,37.5,50,50
2026-03-13 22:41:15,37.008,20.656,37.0076,36.8615,20.3235,20.6561,37.5,50,50
2026-03-13 22:41:16,36.947,20.639,36.9471,36.8212,20.3052,20.6394,37.5,50,50
2026-03-13 22:41:16,36.947,20.633,36.9471,36.8817,20.3296,20.6332,37.5,50,50
2026-03-13 22:41:17,37.008,20.711,37.0076,36.922,20.3113,20.7111,37.5,50,50
2026-03-13 22:41:17,37.028,20.649,37.0277,36.9018,20.3265,20.6485,37.5,50,50
2026-03-13 22:41:17,36.947,20.621,36.9471,36.8817,20.2686,20.621,37.5,50,50
2026-03-13 22:41:18,37.008,20.626,37.0076,36.8011,20.2625,20.6256,37.5,50,50
2026-03-13 22:41:18,36.967,20.629,36.9673,36.9421,20.2594,20.6287,37.5,50,50
2026-03-13 22:41:19,37.048,20.595,37.0478,36.8615,20.3037,20.5951,37.5,50,50
2026-03-13 22:41:19,37.008,20.575,37.0076,36.9018,20.2869,20.5753,37.5,50,50
2026-03-13 22:41:20,37.028,20.594,37.0277,36.8414,20.2533,20.5936,37.5,50,50
2026-03-13 22:41:20,37.008,20.589,37.0076,36.922,20.2502,20.589,37.5,50,50
2026-03-13 22:41:21,37.028,20.548,37.0277,36.8817,20.2777,20.5478,37.5,50,50
2026-03-13 22:41:21,37.048,20.583,37.0478,36.8615,20.2548,20.5829,37.5,50,50
2026-03-13 22:41:22,37.028,20.572,37.0277,36.9824,20.2411,20.5722,37.5,50,50
2026-03-13 22:41:22,37.048,20.592,37.0478,36.9421,20.2548,20.5921,37.5,50,50
2026-03-13 22:41:23,37.068,20.581,37.068,36.9622,20.2457,20.5814,37.5,50,50
2026-03-13 22:41:23,37.108,20.565,37.1083,36.922,20.2258,20.5646,37.5,50,50
2026-03-13 22:41:23,37.108,20.552,37.1083,36.922,20.2258,20.5524,37.5,50,50
2026-03-13 22:41:24,37.149,20.548,37.1485,36.9824,20.2289,20.5478,37.5,50,50
2026-03-13 22:41:24,37.108,20.507,37.1083,36.9421,20.2136,20.5066,37.5,50,50
2026-03-13 22:41:25,37.108,20.507,37.1083,36.9421,20.2258,20.5066,37.5,50,50
2026-03-13 22:41:25,37.169,20.491,37.1687,36.922,20.2319,20.4913,37.5,50,50
2026-03-13 22:41:26,37.149,20.545,37.1485,36.9622,20.2167,20.5447,37.5,50,50
2026-03-13 22:41:26,37.108,20.499,37.1083,36.9824,20.1892,20.499,37.5,50,50
2026-03-13 22:41:27,37.149,20.475,37.1485,36.9824,20.1923,20.4746,37.5,50,50
2026-03-13 22:41:27,37.189,20.513,37.1888,37.0025,20.1602,20.5127,37.5,50,50
2026-03-13 22:41:28,37.149,20.507,37.1485,36.9421,20.1434,20.5066,37.5,50,50
2026-03-13 22:41:28,37.128,20.557,37.1284,36.9622,20.1175,20.557,37.5,50,50
2026-03-13 22:41:29,37.149,20.531,37.1485,36.9421,20.1556,20.531,37.5,50,50
2026-03-13 22:41:29,37.189,20.494,37.1888,37.0629,20.148,20.4944,37.5,50,50
2026-03-13 22:41:30,37.189,20.476,37.1888,37.0025,20.087,20.4761,37.5,50,50
2026-03-13 22:41:30,37.108,20.433,37.1083,36.9421,20.0427,20.4334,37.5,50,50
2026-03-13 22:41:30,37.189,20.505,37.1888,37.0428,20.087,20.5051,37.5,50,50
2026-03-13 22:41:31,37.108,20.427,37.1083,37.0025,20.1282,20.4273,37.5,50,50
2026-03-13 22:41:31,37.149,20.462,37.1485,36.9824,20.1312,20.4623,37.5,50,50
2026-03-13 22:41:32,37.108,20.427,37.1083,37.0025,20.1526,20.4273,37.5,50,50
2026-03-13 22:41:32,37.209,20.473,37.209,37.0831,20.1266,20.473,37.5,50,50
2026-03-13 22:41:33,37.169,20.458,37.1687,37.0629,20.1465,20.4578,37.5,50,50
2026-03-13 22:41:33,37.209,20.479,37.209,37.0227,20.1511,20.4791,37.5,50,50
2026-03-13 22:41:34,37.189,20.476,37.1888,37.0025,20.1358,20.4761,37.5,50,50
2026-03-13 22:41:34,37.229,20.444,37.2291,37.0428,20.1282,20.444,37.5,50,50
2026-03-13 22:41:35,37.209,20.421,37.209,37.0629,20.1633,20.4211,37.5,50,50
2026-03-13 22:41:35,37.189,20.426,37.1888,37.1032,20.087,20.4257,37.5,50,50
2026-03-13 22:41:36,37.149,20.407,37.1485,37.0428,20.0946,20.4074,37.5,50,50
2026-03-13 22:41:36,37.189,20.397,37.1888,37.0629,20.0992,20.3967,37.5,50,50
2026-03-13 22:41:36,37.229,20.401,37.2291,37.1032,20.116,20.4013,37.5,50,50
2026-03-13 22:41:37,37.249,20.372,37.2493,37.0629,20.1068,20.3723,37.5,50,50
2026-03-13 22:41:37,37.31,20.401,37.3097,37.1032,20.0519,20.4013,37.5,50,50
2026-03-13 22:41:38,37.189,20.443,37.1888,37.1435,20.0137,20.4425,37.5,50,50
2026-03-13 22:41:38,37.29,20.404,37.2895,37.1234,20.0381,20.4044,37.5,50,50
2026-03-13 22:41:39,37.229,20.371,37.2291,37.0428,20.0427,20.3708,37.5,50,50
2026-03-13 22:41:39,37.249,20.401,37.2493,37.1032,20.0458,20.4013,37.5,50,50
2026-03-13 22:41:40,37.189,20.333,37.1888,37.0227,20.0626,20.3326,37.5,50,50
2026-03-13 22:41:40,37.29,20.339,37.2895,37.0831,20.0381,20.3388,37.5,50,50
2026-03-13 22:41:41,37.31,20.325,37.3097,37.1838,20.0153,20.325,37.5,50,50
2026-03-13 22:41:41,37.249,20.343,37.2493,37.1234,20.0336,20.3433,37.5,50,50
2026-03-13 22:41:42,37.29,20.362,37.2895,37.1838,20.0015,20.3616,37.5,50,50
2026-03-13 22:41:42,37.269,20.336,37.2694,37.1637,19.9985,20.3357,37.5,50,50
2026-03-13 22:41:42,37.189,20.302,37.1888,37.0831,19.9771,20.3021,37.5,50,50
2026-03-13 22:41:43,37.33,20.308,37.3298,37.1435,20.029,20.3082,37.5,50,50
2026-03-13 22:41:43,37.29,20.304,37.2895,37.1032,20.0137,20.3037,37.5,50,50
2026-03-13 22:41:44,37.39,20.284,37.3902,37.1435,19.9512,20.2838,37.5,50,50
2026-03-13 22:41:44,37.269,20.313,37.2694,37.1838,19.9374,20.3128,37.5,50,50
2026-03-13 22:41:45,37.37,20.275,37.3701,37.1637,19.9725,20.2747,37.5,50,50
2026-03-13 22:41:45,37.33,20.275,37.3298,37.1637,19.9313,20.2747,37.5,50,50
2026-03-13 22:41:46,37.31,20.259,37.3097,37.1435,19.9176,20.2594,37.5,50,50
2026-03-13 22:41:46,37.29,20.272,37.2895,37.1435,19.9283,20.2716,37.5,50,50
2026-03-13 22:41:47,37.37,20.305,37.3701,37.2241,19.9115,20.3052,37.5,50,50
2026-03-13 22:41:47,37.35,20.262,37.35,37.1637,19.8856,20.2625,37.5,50,50
2026-03-13 22:41:48,37.33,20.269,37.3298,37.2241,19.9069,20.2686,37.5,50,50
2026-03-13 22:41:48,37.39,20.302,37.3902,37.2039,19.8901,20.3021,37.5,50,50
2026-03-13 22:41:48,37.39,20.27,37.3902,37.2442,19.9145,20.2701,37.5,50,50
2026-03-13 22:41:49,37.39,20.252,37.3902,37.1838,19.8901,20.2518,37.5,50,50
2026-03-13 22:41:49,37.33,20.294,37.3298,37.2442,19.9069,20.2945,37.5,50,50
2026-03-13 22:41:50,37.471,20.258,37.4708,37.2442,19.91,20.2579,37.5,50,38.27549963179703
2026-03-13 22:41:50,37.39,20.258,37.3902,37.2442,19.8901,20.2579,37.5,50,50
2026-03-13 22:41:51,37.39,20.241,37.3902,37.2039,19.8413,20.2411,37.5,50,50
2026-03-13 22:41:51,37.451,20.209,37.4507,37.2442,19.8962,20.209,37.5,50,49.29977239691842
2026-03-13 22:41:52,37.41,20.175,37.4104,37.2644,19.8428,20.1755,37.5,50,50
2026-03-13 22:41:52,37.451,20.253,37.4507,37.3046,19.8474,20.2533,37.5,50,50
2026-03-13 22:41:53,37.41,20.192,37.4104,37.3046,19.8306,20.1923,37.5,50,50
2026-03-13 22:41:53,37.37,20.195,37.3701,37.2241,19.8627,20.1953,37.5,50,50
2026-03-13 22:41:54,37.41,20.246,37.4104,37.3449,19.8428,20.2457,37.5,50,50
2026-03-13 22:41:54,37.471,20.212,37.4708,37.2644,19.8367,20.2121,37.5,50,46.89358613017706
2026-03-13 22:41:55,37.39,20.177,37.3902,37.2845,19.8535,20.177,37.5,50,50
2026-03-13 22:41:55,37.41,20.204,37.4104,37.3046,19.855,20.2045,37.5,50,50
2026-03-13 22:41:55,37.451,20.243,37.4507,37.3248,19.8596,20.2426,37.5,50,50
2026-03-13 22:41:56,37.471,20.211,37.4708,37.3651,19.8001,20.2106,37.5,50,50
2026-03-13 22:41:56,37.491,20.185,37.491,37.3449,19.8642,20.1846,37.5,50,48.9203085855203
2026-03-13 22:41:57,37.471,20.148,37.4708,37.2442,19.8123,20.148,37.5,50,50
2026-03-13 22:41:57,37.431,20.172,37.4305,37.3449,19.8337,20.1724,37.5,50,50
2026-03-13 22:41:58,37.41,20.136,37.4104,37.3449,19.794,20.1358,37.5,50,50
2026-03-13 22:41:58,37.551,20.114,37.5514,37.2644,19.7482,20.1144,37.5,50,28.46559309647722
2026-03-13 22:41:59,37.511,20.119,37.5111,37.3046,19.7803,20.119,37.5,50,50
2026-03-13 22:41:59,37.471,20.099,37.4708,37.2442,19.7757,20.0992,37.5,50,50
2026-03-13 22:42:00,37.471,20.162,37.4708,37.3651,19.7635,20.1617,37.5,50,50
2026-03-13 22:42:00,37.491,20.157,37.491,37.3248,19.791,20.1572,37.5,50,48.9210377513202
2026-03-13 22:42:01,37.491,20.15,37.491,37.3651,19.7543,20.1495,37.5,50,50
2026-03-13 22:42:01,37.491,20.168,37.491,37.3046,19.7421,20.1678,37.5,50,50
2026-03-13 22:42:01,37.471,20.136,37.4708,37.3449,19.7757,20.1358,37.5,50,50
2026-03-13 22:42:02,37.551,20.125,37.5514,37.3651,19.7604,20.1251,37.5,50,35.053321183351926
2026-03-13 22:42:02,37.511,20.125,37.5111,37.3651,19.7436,20.1251,37.5,50,50
2026-03-13 22:42:03,37.551,20.127,37.5514,37.2644,19.6872,20.1266,37.5,50,39.14237613478258
2026-03-13 22:42:03,37.531,20.114,37.5312,37.3852,19.6979,20.1144,37.5,50,47.906112686681745
2026-03-13 22:42:04,37.471,20.117,37.4708,37.4054,19.7024,20.1175,37.5,50,50
2026-03-13 22:42:04,37.511,20.102,37.5111,37.3852,19.707,20.1022,37.5,50,43.89395823249665
2026-03-13 22:42:05,37.511,20.095,37.5111,37.4255,19.707,20.0946,37.5,50,48.172470121527596
2026-03-13 22:42:05,37.572,20.11,37.5715,37.4456,19.7391,20.1099,37.5,50,33.998547252075355
2026-03-13 22:42:06,37.531,20.11,37.5312,37.4456,19.7345,20.1099,37.5,50,49.81844998898181
2026-03-13 22:42:06,37.511,20.099,37.5111,37.4658,19.7192,20.0992,37.5,50,49.90995109908736
2026-03-13 22:42:07,37.572,20.081,37.5715,37.4054,19.7269,20.0809,37.5,50,33.57745407484188
2026-03-13 22:42:07,37.592,20.058,37.5917,37.4255,19.7162,20.058,37.5,50,35.26302092521687
2026-03-13 22:42:07,37.572,20.056,37.5715,37.4054,19.7024,20.0565,37.5,50,41.716028442031146
2026-03-13 22:42:08,37.612,20.07,37.6118,37.4255,19.707,20.0702,37.5,50,30.022012688436735
2026-03-13 22:42:08,37.592,20.061,37.5917,37.4456,19.704,20.061,37.5,50,38.56048540583746
2026-03-13 22:42:09,37.511,20.005,37.5111,37.4859,19.6582,20.0046,37.5,50,50
2026-03-13 22:42:09,37.592,20.044,37.5917,37.4054,19.6796,20.0443,37.5,50,27.274190206736115
2026-03-13 22:42:10,37.592,20.032,37.5917,37.4054,19.7162,20.032,37.5,50,35.67793917644005
2026-03-13 22:42:10,37.592,20.024,37.5917,37.4456,19.6796,20.0244,37.5,50,35.33713566076015
2026-03-13 22:42:11,37.612,20.056,37.6118,37.5262,19.6948,20.0565,37.5,50,30.3627843958976
2026-03-13 22:42:11,37.572,20.046,37.5715,37.4255,19.7024,20.0458,37.5,50,41.37442314010501
2026-03-13 22:42:12,37.612,20.063,37.6118,37.4658,19.707,20.0626,37.5,50,27.521499706706955
2026-03-13 22:42:12,37.632,19.997,37.632,37.4255,19.6719,19.9969,37.5,50,26.792332022191463
2026-03-13 22:42:13,37.612,20.018,37.6118,37.5061,19.646,20.0183,37.5,50,33.09617692349924
2026-03-13 22:42:13,37.592,20.031,37.5917,37.5061,19.6796,20.0305,37.5,50,35.14974328524214
2026-03-13 22:42:14,37.652,19.994,37.6521,37.5061,19.6368,19.9939,37.5,50,18.754945162258345
2026-03-13 22:42:14,37.632,19.96,37.632,37.4255,19.6597,19.9603,37.5,50,29.300832592076056
2026-03-13 22:42:14,37.632,20.011,37.632,37.5463,19.5987,20.0107,37.5,50,26.653496788664135
2026-03-13 22:42:15,37.632,20.041,37.632,37.3852,19.6109,20.0412,37.5,50,26.164270326104337
2026-03-13 22:42:15,37.592,20.037,37.5917,37.5665,19.6307,20.0366,37.5,50,34.94225276415571
2026-03-13 22:42:16,37.692,20.031,37.6924,37.5061,19.6536,20.0305,37.5,50,7.119066558925628
2026-03-13 22:42:16,37.672,19.992,37.6722,37.4859,19.6155,19.9924,37.5,50,21.834140681263477
2026-03-13 22:42:17,37.612,20.02,37.6118,37.5262,19.6338,20.0198,37.5,50,32.93738787482434
2026-03-13 22:42:17,37.592,19.942,37.5917,37.5866,19.6185,19.942,37.5,50,30.678480407347067
2026-03-13 22:42:18,37.632,19.969,37.632,37.5061,19.6231,19.9695,37.5,50,18.911781515290574
2026-03-13 22:42:18,37.692,19.969,37.6924,37.5061,19.6414,19.9695,37.5,50,8.83966702236275
2026-03-13 22:42:19,37.632,19.954,37.632,37.5866,19.5987,19.9542,37.5,50,28.506010669202883
2026-03-13 22:42:19,37.692,19.971,37.6924,37.5262,19.6414,19.971,37.5,50,7.640035922129606
2026-03-13 22:42:20,37.713,20.005,37.7125,37.4859,19.6201,20.0046,37.5,50,8.542523469358295
2026-03-13 22:42:20,37.632,19.969,37.632,37.5061,19.5865,19.9695,37.5,50,28.78398176702005
2026-03-13 22:42:20,37.632,19.968,37.632,37.6068,19.6109,19.968,37.5,50,19.54998307870415
2026-03-13 22:42:21,37.672,20.032,37.6722,37.5262,19.6033,20.032,37.5,50,9.79418056138301
2026-03-13 22:42:21,37.672,19.944,37.6722,37.4859,19.5911,19.9435,37.5,50,13.475187240240238
2026-03-13 22:42:22,37.753,19.966,37.7528,37.5866,19.588,19.9664,37.5,50,0
2026-03-13 22:42:22,37.632,19.942,37.632,37.5866,19.5743,19.942,37.5,50,29.91451768277164
2026-03-13 22:42:23,37.733,19.934,37.7327,37.5262,19.5972,19.9344,37.5,50,0
2026-03-13 22:42:23,37.632,19.931,37.632,37.4859,19.5865,19.9313,37.5,50,26.39905634985187
2026-03-13 22:42:24,37.713,19.971,37.7125,37.6269,19.559,19.971,37.5,50,0
2026-03-13 22:42:24,37.692,19.942,37.6924,37.5866,19.5926,19.942,37.5,50,9.063276920200137
2026-03-13 22:42:25,37.672,19.927,37.6722,37.5665,19.5666,19.9268,37.5,50,10.718145851916944
2026-03-13 22:42:25,37.753,19.886,37.7528,37.5262,19.6124,19.8856,37.5,50,0
2026-03-13 22:42:26,37.773,19.93,37.7729,37.5866,19.6384,19.9298,37.5,50,0
2026-03-13 22:42:26,37.652,19.927,37.6521,37.5665,19.5636,19.9268,37.5,50,21.512832075184768
2026-03-13 22:42:26,37.692,19.913,37.6924,37.5463,19.5926,19.913,37.5,50,0
2026-03-13 22:42:27,37.733,19.927,37.7327,37.5665,19.5727,19.9268,37.5,50,0
2026-03-13 22:42:27,37.713,19.902,37.7125,37.5665,19.5834,19.9023,37.5,50,0.9238539359594129
2026-03-13 22:42:28,37.672,19.881,37.6722,37.5866,19.5789,19.881,37.5,50,7.4744135400674265
2026-03-13 22:42:28,37.632,19.934,37.632,37.6269,19.5865,19.9344,37.5,50,11.678326205930599
2026-03-13 22:42:29,37.713,19.89,37.7125,37.5665,19.6078,19.8901,37.5,50,0
2026-03-13 22:42:29,37.652,19.93,37.6521,37.5866,19.5758,19.9298,37.5,50,10.191630947526058
2026-03-13 22:42:30,37.672,19.91,37.6722,37.6269,19.5789,19.91,37.5,50,0
2026-03-13 22:42:30,37.773,19.907,37.7729,37.6068,19.6017,19.9069,37.5,50,0
2026-03-13 22:42:31,37.692,19.908,37.6924,37.5061,19.5926,19.9084,37.5,50,5.19325963252102
2026-03-13 22:42:31,37.672,19.962,37.6722,37.5463,19.5422,19.9619,37.5,50,0.36866505666724825
2026-03-13 22:42:32,37.652,19.881,37.6521,37.5866,19.5636,19.881,37.5,50,2.2054941952609166
2026-03-13 22:42:32,37.692,19.889,37.6924,37.5463,19.6048,19.8886,37.5,50,0
2026-03-13 22:42:32,37.672,19.895,37.6722,37.6068,19.5789,19.8947,37.5,50,0
2026-03-13 22:42:33,37.672,19.937,37.6722,37.5463,19.5911,19.9374,37.5,50,0
2026-03-13 22:42:33,37.652,19.869,37.6521,37.5866,19.5758,19.8688,37.5,50,0
2026-03-13 22:42:34,37.692,19.87,37.6924,37.4859,19.5926,19.8703,37.5,50,0
2026-03-13 22:42:34,37.713,19.858,37.7125,37.6068,19.5956,19.8581,37.5,50,0
2026-03-13 22:42:35,37.672,19.858,37.6722,37.6068,19.5911,19.8581,37.5,50,0
2026-03-13 22:42:35,37.733,19.89,37.7327,37.5665,19.6216,19.8901,37.5,50,0
2026-03-13 22:42:36,37.692,19.876,37.6924,37.5463,19.6292,19.8764,37.5,50,0
2026-03-13 22:42:36,37.652,19.878,37.6521,37.5665,19.6124,19.8779,37.5,50,0
2026-03-13 22:42:37,37.632,19.858,37.632,37.6068,19.6231,19.8581,37.5,50,0
2026-03-13 22:42:37,37.713,19.902,37.7125,37.5665,19.6201,19.9023,37.5,50,0
2026-03-13 22:42:38,37.733,19.936,37.7327,37.4255,19.6094,19.9359,37.5,50,0
2026-03-13 22:42:38,37.612,19.951,37.6118,37.5665,19.6094,19.9512,37.5,50,8.508299082728408
2026-03-13 22:42:39,37.672,19.898,37.6722,37.5262,19.6399,19.8978,37.5,50,0
2026-03-13 22:42:39,37.692,19.927,37.6924,37.5665,19.6536,19.9268,37.5,50,0
2026-03-13 22:42:39,37.632,19.905,37.632,37.5866,19.6597,19.9054,37.5,50,0
2026-03-13 22:42:40,37.692,19.951,37.6924,37.5665,19.6292,19.9512,37.5,50,0
2026-03-13 22:42:40,37.672,19.884,37.6722,37.5061,19.6521,19.884,37.5,50,0
2026-03-13 22:42:41,37.612,19.898,37.6118,37.5262,19.6216,19.8978,37.5,50,0
2026-03-13 22:42:41,37.652,19.908,37.6521,37.5061,19.6246,19.9084,37.5,50,0
2026-03-13 22:42:42,37.612,19.947,37.6118,37.5262,19.6826,19.9466,37.5,50,0
2026-03-13 22:42:42,37.531,19.947,37.5312,37.5262,19.6979,19.9466,37.5,50,9.241082579390953
2026-03-13 22:42:43,37.612,19.919,37.6118,37.6068,19.6582,19.9191,37.5,50,0
2026-03-13 22:42:43,37.672,19.898,37.6722,37.5262,19.6765,19.8978,37.5,50,0
2026-03-13 22:42:44,37.627,19.898,37.6118,37.6269,19.6826,19.8978,37.5,50,0
2026-03-13 22:42:44,37.587,19.942,37.5715,37.5866,19.6536,19.942,37.5,50,0
2026-03-13 22:42:45,37.572,19.933,37.5715,37.5061,19.6902,19.9329,37.5,50,0
2026-03-13 22:42:45,37.566,19.939,37.5514,37.5665,19.6628,19.939,37.5,50,0
2026-03-13 22:42:45,37.612,19.945,37.6118,37.5061,19.7192,19.9451,37.5,50,0
2026-03-13 22:42:46,37.592,19.976,37.5917,37.5665,19.704,19.9756,37.5,50,0
2026-03-13 22:42:46,37.551,19.898,37.5514,37.5262,19.7116,19.8978,37.5,50,0
2026-03-13 22:42:47,37.572,19.886,37.5715,37.5262,19.7147,19.8856,37.5,50,0
2026-03-13 22:42:47,37.551,19.937,37.5514,37.5463,19.6872,19.9374,37.5,50,0
2026-03-13 22:42:48,37.572,19.947,37.5715,37.5262,19.7513,19.9466,37.5,50,0
2026-03-13 22:42:48,37.551,19.959,37.5514,37.5262,19.7604,19.9588,37.5,50,0
2026-03-13 22:42:49,37.612,19.933,37.6118,37.5061,19.7192,19.9329,37.5,50,0
2026-03-13 22:42:49,37.551,19.959,37.5514,37.5262,19.7116,19.9588,37.5,50,0.4649808215861242
2026-03-13 22:42:50,37.572,19.933,37.5715,37.5061,19.7391,19.9329,37.5,50,0
2026-03-13 22:42:50,37.572,19.965,37.5715,37.4658,19.7635,19.9649,37.5,50,0
2026-03-13 22:42:51,37.546,19.986,37.491,37.5463,19.7421,19.9863,37.5,50,0
2026-03-13 22:42:51,37.572,19.992,37.5715,37.4859,19.7879,19.9924,37.5,50,0
2026-03-13 22:42:51,37.531,19.983,37.5312,37.5262,19.7833,19.9832,37.5,50,0.7059546817185254
2026-03-13 22:42:52,37.511,19.931,37.5111,37.4859,19.7681,19.9313,37.5,50,0.8392313172780073
2026-03-13 22:42:52,37.551,19.945,37.5514,37.5061,19.7604,19.9451,37.5,50,0
2026-03-13 22:42:53,37.566,19.927,37.5514,37.5665,19.7604,19.9268,37.5,50,0
2026-03-13 22:42:53,37.491,19.944,37.491,37.4859,19.8154,19.9435,37.5,50,9.212558387927741
2026-03-13 22:42:54,37.531,19.907,37.5312,37.4859,19.7833,19.9069,37.5,50,0
2026-03-13 22:42:54,37.526,19.947,37.4708,37.5262,19.8001,19.9466,37.5,50,0
2026-03-13 22:42:55,37.546,19.95,37.491,37.5463,19.7665,19.9496,37.5,50,0
2026-03-13 22:42:55,37.546,19.974,37.5312,37.5463,19.8322,19.9741,37.5,50,0
2026-03-13 22:42:56,37.506,20.067,37.491,37.5061,19.8398,20.0671,37.5,50,3.599336298732278
2026-03-13 22:42:56,37.491,19.985,37.491,37.4255,19.8398,19.9847,37.5,50,2.7330726355719603
2026-03-13 22:42:57,37.526,20.032,37.4104,37.5262,19.8306,20.032,37.5,50,0
2026-03-13 22:42:57,37.526,20.02,37.491,37.5262,19.8276,20.0198,37.5,50,0
2026-03-13 22:42:58,37.466,20.014,37.4305,37.4658,19.8337,20.0137,37.5,50,10.685462061716613
2026-03-13 22:42:58,37.486,19.98,37.3902,37.4859,19.8413,19.9802,37.5,50,0
2026-03-13 22:42:58,37.466,19.977,37.4305,37.4658,19.8581,19.9771,37.5,50,6.543592850773032
2026-03-13 22:42:59,37.551,19.992,37.5514,37.4859,19.8825,19.9924,37.5,50,0
2026-03-13 22:42:59,37.491,19.989,37.491,37.4658,19.8764,19.9893,37.5,50,7.706717184067363
2026-03-13 22:43:00,37.431,19.968,37.4305,37.3852,19.8825,19.968,37.5,50,15.161839729165209
2026-03-13 22:43:00,37.526,20.02,37.4305,37.5262,19.8459,20.0198,37.5,50,0
2026-03-13 22:43:01,37.446,20.049,37.4305,37.4456,19.8947,20.0488,37.5,50,15.625627230720294
2026-03-13 22:43:01,37.471,20.046,37.4708,37.4255,19.8734,20.0458,37.5,50,1.3951464484943217
2026-03-13 22:43:02,37.405,20.056,37.3902,37.4054,19.8901,20.0565,37.5,50,19.49375949487014
2026-03-13 22:43:02,37.451,20.061,37.4507,37.4456,19.9329,20.061,37.5,50,2.060329431407072
2026-03-13 22:43:03,37.471,19.977,37.4708,37.4658,19.9222,19.9771,37.5,50,2.5758653975657473
2026-03-13 22:43:03,37.431,20.021,37.4305,37.4255,19.9313,20.0214,37.5,50,14.110926045111185
2026-03-13 22:43:04,37.526,20.032,37.3902,37.5262,19.939,20.032,37.5,50,0
2026-03-13 22:43:04,37.486,20.066,37.3701,37.4859,19.9481,20.0656,37.5,50,7.464909896370547
2026-03-13 22:43:04,37.425,20.034,37.3097,37.4255,19.942,20.0336,37.5,50,17.319895844785716
2026-03-13 22:43:05,37.451,20.066,37.4507,37.3852,19.9329,20.0656,37.5,50,5.000234068386913
2026-03-13 22:43:05,37.385,20.078,37.35,37.3852,19.971,20.0778,37.5,50,23.279796372735923
2026-03-13 22:43:06,37.446,20.037,37.3701,37.4456,19.9725,20.0366,37.5,50,2.446534772598797
2026-03-13 22:43:06,37.345,20.026,37.3097,37.3449,19.942,20.0259,37.5,50,32.63220394394878
2026-03-13 22:43:07,37.385,20.09,37.3701,37.3852,19.9481,20.09,37.5,50,13.033923280117403
2026-03-13 22:43:07,37.466,20.087,37.3701,37.4658,19.9603,20.087,37.5,50,0
2026-03-13 22:43:08,37.405,20.044,37.3701,37.4054,19.9725,20.0443,37.5,50,22.006398273511522
2026-03-13 22:43:08,37.345,20.063,37.3298,37.3449,19.9924,20.0626,37.5,50,29.684590785951194
2026-03-13 22:43:09,37.35,20.111,37.35,37.3449,20.0198,20.1114,37.5,50,22.621463441154795
2026-03-13 22:43:09,37.385,20.041,37.3298,37.3852,20.0046,20.0412,37.5,50,15.60972790184229
2026-03-13 22:43:10,37.425,20.082,37.3097,37.4255,20.0153,20.0824,37.5,50,10.547903129868978
2026-03-13 22:43:10,37.41,20.111,37.4104,37.3449,20.0381,20.1114,37.5,50,18.618259157255952
2026-03-13 22:43:10,37.405,20.142,37.3298,37.4054,20.0168,20.1419,37.5,50,18.490723844664256
2026-03-13 22:43:11,37.345,20.136,37.3097,37.3449,19.9908,20.1358,37.5,50,32.20362031586182
2026-03-13 22:43:11,37.385,20.139,37.2895,37.3852,20.0626,20.1389,37.5,50,17.031778450957574
2026-03-13 22:43:12,37.325,20.145,37.2694,37.3248,20.0351,20.145,37.5,50,35.67751095028044
2026-03-13 22:43:12,37.425,20.131,37.3097,37.4255,20.0153,20.1312,37.5,50,6.680197611307982
2026-03-13 22:43:13,37.365,20.174,37.35,37.3651,20.0809,20.174,37.5,50,31.656134057125474
2026-03-13 22:43:13,37.365,20.162,37.2895,37.3651,20.0504,20.1617,37.5,50,25.67736070500004
2026-03-13 22:43:14,37.345,20.185,37.2291,37.3449,20.0427,20.1846,37.5,50,30.81104387799011
2026-03-13 22:43:14,37.33,20.127,37.3298,37.3248,20.1266,20.0961,37.5,50,32.700985380867905
2026-03-13 22:43:15,37.325,20.084,37.2694,37.3248,20.0595,20.0839,37.5,50,32.86951764347806
2026-03-13 22:43:15,37.365,20.125,37.2291,37.3651,20.0549,20.1251,37.5,50,23.71188836597087
2026-03-13 22:43:16,37.425,20.131,37.2493,37.4255,20.0946,20.1312,37.5,50,14.63009510393211
2026-03-13 22:43:16,37.365,20.143,37.2493,37.3651,20.1434,20.1373,37.5,50,35.28426239632955
2026-03-13 22:43:16,37.37,20.182,37.3701,37.3248,20.119,20.1816,37.5,50,28.15005522355921
2026-03-13 22:43:17,37.345,20.185,37.2694,37.3449,20.1083,20.1846,37.5,50,34.96295400838106
2026-03-13 22:43:17,37.285,20.177,37.2694,37.2845,20.1083,20.177,37.5,50,46.734934692048334
2026-03-13 22:43:18,37.365,20.15,37.2493,37.3651,20.119,20.1495,37.5,50,22.525496487636268
2026-03-13 22:43:18,37.325,20.169,37.2291,37.3248,20.116,20.1694,37.5,50,40.92937517296615
2026-03-13 22:43:19,37.264,20.163,37.2493,37.2644,20.1312,20.1633,37.5,50,50
2026-03-13 22:43:19,37.285,20.201,37.2291,37.2845,20.0916,20.2014,37.5,50,40.81480292645587
2026-03-13 22:43:20,37.325,20.206,37.1083,37.3248,20.1038,20.206,37.5,50,34.609747338225695
2026-03-13 22:43:20,37.35,20.197,37.35,37.3449,20.1419,20.1968,37.5,50,33.78510122489741
2026-03-13 22:43:21,37.365,20.235,37.209,37.3651,20.1266,20.235,37.5,50,33.564907696053396
2026-03-13 22:43:21,37.325,20.218,37.209,37.3248,20.1633,20.2182,37.5,50,44.952673202602675
2026-03-13 22:43:22,37.244,20.221,37.1485,37.2442,20.1556,20.2213,37.5,50,50
2026-03-13 22:43:22,37.365,20.235,37.2694,37.3651,20.1694,20.235,37.5,50,24.25424626417658
2026-03-13 22:43:23,37.285,20.189,37.2694,37.2845,20.145,20.1892,37.5,50,50
2026-03-13 22:43:23,37.264,20.188,37.209,37.2644,20.1389,20.1877,37.5,50,50
2026-03-13 22:43:23,37.244,20.209,37.1888,37.2442,20.1724,20.209,37.5,50,50
2026-03-13 22:43:24,37.285,20.238,37.1485,37.2845,20.1801,20.238,37.5,50,45.8726407304932
2026-03-13 22:43:24,37.305,20.204,37.209,37.3046,20.1633,20.2045,37.5,50,46.465236256100034
2026-03-13 22:43:25,37.244,20.221,37.1888,37.2442,20.148,20.2213,37.5,50,50
2026-03-13 22:43:25,37.305,20.253,37.209,37.3046,20.1877,20.2533,37.5,50,43.70793521676173
2026-03-13 22:43:26,37.244,20.221,37.209,37.2442,20.1877,20.2213,37.5,50,50
2026-03-13 22:43:26,37.285,20.226,37.1888,37.2845,20.1602,20.2258,37.5,50,50
2026-03-13 22:43:27,37.229,20.253,37.2291,37.2039,20.177,20.2533,37.5,50,50
2026-03-13 22:43:27,37.285,20.299,37.209,37.2845,20.1755,20.2991,37.5,50,50
2026-03-13 22:43:28,37.264,20.261,37.2291,37.2644,20.1892,20.2609,37.5,50,50
2026-03-13 22:43:28,37.345,20.282,37.1687,37.3449,20.1709,20.2823,37.5,50,41.74078886362169
2026-03-13 22:43:29,37.244,20.282,37.1485,37.2442,20.1801,20.2823,37.5,50,50
2026-03-13 22:43:29,37.264,20.237,37.1083,37.2644,20.1892,20.2365,37.5,50,50
2026-03-13 22:43:29,37.305,20.266,37.2291,37.3046,20.238,20.2655,37.5,50,50
2026-03-13 22:43:30,37.164,20.25,37.1485,37.1637,20.1801,20.2502,37.5,50,50
2026-03-13 22:43:30,37.224,20.256,37.1687,37.2241,20.1953,20.2564,37.5,50,50
2026-03-13 22:43:31,37.244,20.246,37.2291,37.2442,20.2014,20.2457,37.5,50,50
2026-03-13 22:43:31,37.305,20.241,37.1888,37.3046,20.1968,20.2411,37.5,50,50
2026-03-13 22:43:32,37.184,20.276,37.1083,37.1838,20.177,20.2762,37.5,50,50
2026-03-13 22:43:32,37.244,20.343,37.209,37.2442,20.1877,20.3433,37.5,50,50
2026-03-13 22:43:33,37.209,20.266,37.209,37.2039,20.1755,20.2655,37.5,50,50
2026-03-13 22:43:33,37.229,20.278,37.2291,37.2039,20.177,20.2777,37.5,50,50
2026-03-13 22:43:34,37.224,20.256,37.1687,37.2241,20.1831,20.2564,37.5,50,50
2026-03-13 22:43:34,37.269,20.298,37.2694,37.2644,20.1938,20.2976,37.5,50,50
2026-03-13 22:43:35,37.264,20.31,37.2291,37.2644,20.2014,20.3098,37.5,50,50
2026-03-13 22:43:35,37.169,20.323,37.1687,37.1637,20.1709,20.3235,37.5,50,50
2026-03-13 22:43:35,37.244,20.246,37.2291,37.2442,20.1892,20.2457,37.5,50,50
2026-03-13 22:43:36,37.285,20.275,37.1485,37.2845,20.1678,20.2747,37.5,50,50
2026-03-13 22:43:36,37.285,20.262,37.1888,37.2845,20.1846,20.2625,37.5,50,50
2026-03-13 22:43:37,37.264,20.285,37.2291,37.2644,20.1892,20.2853,37.5,50,50
2026-03-13 22:43:37,37.189,20.294,37.1888,37.1234,20.1602,20.2945,37.5,50,50
2026-03-13 22:43:38,37.29,20.275,37.2895,37.1637,20.1846,20.2747,37.5,50,50
2026-03-13 22:43:38,37.264,20.322,37.2291,37.2644,20.1282,20.322,37.5,50,50
2026-03-13 22:43:39,37.325,20.291,37.1888,37.3248,20.1724,20.2914,37.5,50,50
2026-03-13 22:43:39,37.224,20.305,37.1888,37.2241,20.1602,20.3052,37.5,50,50
2026-03-13 22:43:40,37.285,20.287,37.2291,37.2845,20.1526,20.2869,37.5,50,50
2026-03-13 22:43:40,37.249,20.253,37.2493,37.2039,20.1556,20.2533,37.5,50,50
2026-03-13 22:43:41,37.264,20.285,37.2291,37.2644,20.1404,20.2853,37.5,50,50
2026-03-13 22:43:41,37.244,20.246,37.209,37.2442,20.1755,20.2457,37.5,50,50
2026-03-13 22:43:42,37.264,20.31,37.2291,37.2644,20.1648,20.3098,37.5,50,50
2026-03-13 22:43:42,37.244,20.258,37.1485,37.2442,20.1556,20.2579,37.5,50,50
2026-03-13 22:43:42,37.29,20.323,37.2895,37.2845,20.1724,20.3235,37.5,50,50
2026-03-13 22:43:43,37.29,20.253,37.2895,37.2039,20.1602,20.2533,37.5,50,50
2026-03-13 22:43:43,37.209,20.253,37.209,37.2039,20.1633,20.2533,37.5,50,50
2026-03-13 22:43:44,37.204,20.253,37.1485,37.2039,20.1434,20.2533,37.5,50,50
2026-03-13 22:43:44,37.285,20.299,37.2291,37.2845,20.1648,20.2991,37.5,50,50
2026-03-13 22:43:45,37.249,20.278,37.2493,37.2039,20.1434,20.2777,37.5,50,50
2026-03-13 22:43:45,37.305,20.278,37.2493,37.3046,20.0946,20.2777,37.5,50,50
2026-03-13 22:43:46,37.244,20.294,37.1687,37.2442,20.1343,20.2945,37.5,50,50
2026-03-13 22:43:46,37.305,20.363,37.2493,37.3046,20.0946,20.3632,37.5,50,50
2026-03-13 22:43:47,37.264,20.224,37.2493,37.2644,20.1556,20.2243,37.5,50,50
2026-03-13 22:43:47,37.35,20.238,37.35,37.1637,20.1175,20.238,37.5,50,50
2026-03-13 22:43:48,37.325,20.255,37.1687,37.3248,20.0855,20.2548,37.5,50,50
2026-03-13 22:43:48,37.305,20.302,37.2493,37.3046,20.119,20.3021,37.5,50,50
2026-03-13 22:43:48,37.229,20.264,37.2291,37.1838,20.116,20.264,37.5,50,50
2026-03-13 22:43:49,37.305,20.253,37.2291,37.3046,20.1404,20.2533,37.5,50,50
2026-03-13 22:43:49,37.35,20.258,37.35,37.2442,20.0809,20.2579,37.5,50,50
2026-03-13 22:43:50,37.305,20.29,37.2291,37.3046,20.1038,20.2899,37.5,50,50
2026-03-13 22:43:50,37.269,20.22,37.2694,37.2241,20.0839,20.2197,37.5,50,50
2026-03-13 22:43:51,37.325,20.23,37.2895,37.3248,20.0992,20.2304,37.5,50,50
2026-03-13 22:43:51,37.305,20.229,37.2694,37.3046,20.0717,20.2289,37.5,50,50
2026-03-13 22:43:52,37.29,20.246,37.2895,37.2442,20.087,20.2457,37.5,50,50
2026-03-13 22:43:52,37.35,20.204,37.35,37.2039,20.0931,20.2045,37.5,50,50
2026-03-13 22:43:53,37.269,20.249,37.2694,37.2644,20.0717,20.2487,37.5,50,50
2026-03-13 22:43:53,37.35,20.307,37.35,37.2442,20.0687,20.3067,37.5,50,50
2026-03-13 22:43:54,37.35,20.217,37.35,37.3046,20.0565,20.2167,37.5,50,50
2026-03-13 22:43:54,37.325,20.23,37.1687,37.3248,20.0366,20.2304,37.5,50,50
2026-03-13 22:43:54,37.31,20.214,37.3097,37.2845,20.0763,20.2136,37.5,50,50
2026-03-13 22:43:55,37.305,20.217,37.2895,37.3046,20.0626,20.2167,37.5,50,50
2026-03-13 22:43:55,37.35,20.229,37.35,37.3046,20.032,20.2289,37.5,50,50
2026-03-13 22:43:56,37.31,20.241,37.3097,37.3046,20.0397,20.2411,37.5,50,50
2026-03-13 22:43:56,37.35,20.23,37.35,37.3248,20.0198,20.2304,37.5,50,50
2026-03-13 22:43:57,37.35,20.221,37.35,37.2442,20.0565,20.2213,37.5,50,50
2026-03-13 22:43:57,37.31,20.201,37.3097,37.2845,20.0397,20.2014,37.5,50,50
2026-03-13 22:43:58,37.39,20.221,37.3902,37.3449,20.0366,20.2213,37.5,50,50
2026-03-13 22:43:58,37.33,20.224,37.3298,37.2644,20.0046,20.2243,37.5,50,50
2026-03-13 22:43:59,37.33,20.206,37.3298,37.3248,19.9924,20.206,37.5,50,50
2026-03-13 22:43:59,37.37,20.246,37.3701,37.3449,20.0092,20.2457,37.5,50,50
2026-03-13 22:44:00,37.33,20.194,37.3298,37.3248,19.9802,20.1938,37.5,50,50
2026-03-13 22:44:00,37.431,20.223,37.4305,37.3651,19.9924,20.2228,37.5,50,47.37483342749338
2026-03-13 22:44:00,37.39,20.221,37.3902,37.2442,19.9878,20.2213,37.5,50,50
2026-03-13 22:44:01,37.35,20.217,37.35,37.3046,19.9832,20.2167,37.5,50,50
2026-03-13 22:44:01,37.39,20.204,37.3902,37.3046,20.0,20.2045,37.5,50,50
2026-03-13 22:44:02,37.431,20.235,37.4305,37.3651,19.9924,20.235,37.5,50,50
2026-03-13 22:44:02,37.39,20.235,37.3902,37.3651,19.9756,20.235,37.5,50,50
2026-03-13 22:44:03,37.39,20.197,37.3902,37.3449,19.9634,20.1968,37.5,50,50
2026-03-13 22:44:03,37.41,20.227,37.4104,37.4054,19.9649,20.2274,37.5,50,50
2026-03-13 22:44:04,37.431,20.162,37.4305,37.3651,19.9191,20.1617,37.5,50,50
2026-03-13 22:44:04,37.41,20.162,37.4104,37.3651,19.9649,20.1617,37.5,50,50
2026-03-13 22:44:05,37.39,20.148,37.3902,37.3449,19.939,20.148,37.5,50,50
2026-03-13 22:44:05,37.471,20.188,37.4708,37.3852,19.9588,20.1877,37.5,50,44.73457005937883
2026-03-13 22:44:06,37.425,20.204,37.4104,37.4255,19.9527,20.2045,37.5,50,50
2026-03-13 22:44:06,37.41,20.227,37.4104,37.4054,19.9527,20.2274,37.5,50,50
2026-03-13 22:44:07,37.451,20.185,37.4507,37.3449,19.9207,20.1846,37.5,50,50
2026-03-13 22:44:07,37.425,20.217,37.3902,37.4255,19.9268,20.2167,37.5,50,50
2026-03-13 22:44:07,37.39,20.151,37.3902,37.3852,19.8901,20.1511,37.5,50,50
2026-03-13 22:44:08,37.41,20.125,37.4104,37.3651,19.9161,20.1251,37.5,50,50
2026-03-13 22:44:08,37.451,20.125,37.4507,37.3651,19.9573,20.1251,37.5,50,50
2026-03-13 22:44:09,37.451,20.131,37.4507,37.4255,19.9207,20.1312,37.5,50,50
2026-03-13 22:44:09,37.506,20.092,37.4708,37.5061,19.9222,20.0916,37.5,50,43.31940478429245
2026-03-13 22:44:10,37.446,20.11,37.4305,37.4456,19.8459,20.1099,37.5,50,50
2026-03-13 22:44:10,37.431,20.114,37.4305,37.3852,19.8947,20.1144,37.5,50,50
2026-03-13 22:44:11,37.491,20.13,37.491,37.4054,19.9008,20.1297,37.5,50,44.60333052002475
2026-03-13 22:44:11,37.531,20.119,37.5312,37.4255,19.881,20.119,37.5,50,41.84736647931909
2026-03-13 22:44:12,37.511,20.15,37.5111,37.3651,19.8291,20.1495,37.5,50,50
2026-03-13 22:44:12,37.491,20.188,37.491,37.3852,19.8764,20.1877,37.5,50,50
2026-03-13 22:44:13,37.471,20.136,37.4708,37.4658,19.8734,20.1358,37.5,50,50
2026-03-13 22:44:13,37.451,20.095,37.4507,37.4255,19.8352,20.0946,37.5,50,50
2026-03-13 22:44:13,37.551,20.124,37.5514,37.4658,19.8703,20.1236,37.5,50,32.8950779937102
2026-03-13 22:44:14,37.551,20.078,37.5514,37.4859,19.8459,20.0778,37.5,50,43.50203669602372
2026-03-13 22:44:14,37.531,20.078,37.5312,37.3852,19.8199,20.0778,37.5,50,47.94630489741199
2026-03-13 22:44:15,37.511,20.142,37.5111,37.4054,19.8535,20.1419,37.5,50,50
2026-03-13 22:44:15,37.531,20.058,37.5312,37.4255,19.8077,20.058,37.5,50,43.47202633317576
2026-03-13 22:44:16,37.572,20.093,37.5715,37.4054,19.7757,20.0931,37.5,50,36.01745574631998
2026-03-13 22:44:16,37.511,20.066,37.5111,37.4859,19.8047,20.0656,37.5,50,50
2026-03-13 22:44:17,37.471,20.038,37.4708,37.4658,19.8123,20.0381,37.5,50,50
2026-03-13 22:44:17,37.531,20.067,37.5312,37.5061,19.8322,20.0671,37.5,50,38.84025689960114
2026-03-13 22:44:18,37.511,20.063,37.5111,37.4658,19.8169,20.0626,37.5,50,49.835154137336815
2026-03-13 22:44:18,37.551,20.063,37.5514,37.4658,19.8215,20.0626,37.5,50,38.36889100697152
2026-03-13 22:44:19,37.531,20.037,37.5312,37.4456,19.7711,20.0366,37.5,50,47.131711304366206
2026-03-13 22:44:19,37.592,20.055,37.5917,37.5061,19.8016,20.0549,37.5,50,30.726525805037223
2026-03-13 22:44:19,37.592,20.032,37.5917,37.4054,19.7894,20.032,37.5,50,36.97038089170409
2026-03-13 22:44:20,37.592,20.049,37.5917,37.4456,19.765,20.0488,37.5,50,36.62947620546409
2026-03-13 22:44:20,37.632,20.038,37.632,37.4658,19.7818,20.0381,37.5,50,27.021946917538695
2026-03-13 22:44:21,37.632,20.066,37.632,37.4859,19.7818,20.0656,37.5,50,30.85129511164019
2026-03-13 22:44:21,37.531,19.989,37.5312,37.4658,19.7833,19.9893,37.5,50,50
2026-03-13 22:44:22,37.632,20.017,37.632,37.4859,19.7696,20.0168,37.5,50,19.343979078791925
2026-03-13 22:44:22,37.632,20.012,37.632,37.4456,19.7574,20.0122,37.5,50,29.758259712888233
2026-03-13 22:44:23,37.612,20.053,37.6118,37.4859,19.7925,20.0534,37.5,50,33.90305804836407
2026-03-13 22:44:23,37.612,20.032,37.6118,37.5262,19.7436,20.032,37.5,50,31.328326843639765
2026-03-13 22:44:24,37.612,20.029,37.6118,37.4859,19.7436,20.029,37.5,50,30.912929756919773
2026-03-13 22:44:24,37.612,20.024,37.6118,37.5665,19.7559,20.0244,37.5,50,30.49802955147959
2026-03-13 22:44:25,37.632,19.988,37.632,37.5665,19.794,19.9878,37.5,50,25.44993769046616
2026-03-13 22:44:25,37.652,19.994,37.6521,37.5061,19.7223,19.9939,37.5,50,22.486748095776093
2026-03-13 22:44:26,37.632,20.017,37.632,37.6068,19.7208,20.0168,37.5,50,28.71574306684788
2026-03-13 22:44:26,37.592,19.986,37.5917,37.5463,19.7162,19.9863,37.5,50,35.32940987547532
2026-03-13 22:44:26,37.692,19.994,37.6924,37.5061,19.7391,19.9939,37.5,50,7.505728107458001
2026-03-13 22:44:27,37.652,19.951,37.6521,37.5665,19.7101,19.9512,37.5,50,26.860116314165502
2026-03-13 22:44:27,37.551,19.977,37.5514,37.4658,19.675,19.9771,37.5,50,45.3774085993104
2026-03-13 22:44:28,37.632,19.974,37.632,37.5463,19.7208,19.9741,37.5,50,15.516764739865886
2026-03-13 22:44:28,37.592,19.988,37.5917,37.5665,19.704,19.9878,37.5,50,33.041673194500646
2026-03-13 22:44:29,37.672,19.979,37.6722,37.5866,19.7131,19.9786,37.5,50,9.846168394801223
2026-03-13 22:44:29,37.652,19.966,37.6521,37.5866,19.6612,19.9664,37.5,50,22.473955185733423
2026-03-13 22:44:30,37.652,19.93,37.6521,37.5866,19.6857,19.9298,37.5,50,19.757192048727475
2026-03-13 22:44:30,37.672,19.927,37.6722,37.5665,19.6643,19.9268,37.5,50,14.560902680668564
2026-03-13 22:44:31,37.632,19.954,37.632,37.5866,19.7086,19.9542,37.5,50,25.349864432517492
2026-03-13 22:44:31,37.652,19.963,37.6521,37.5665,19.6857,19.9634,37.5,50,15.913410472551409
2026-03-13 22:44:32,37.672,19.956,37.6722,37.6068,19.6643,19.9557,37.5,50,12.869272537586294
2026-03-13 22:44:32,37.713,19.913,37.7125,37.5463,19.6689,19.913,37.5,50,4.892997654841085
2026-03-13 22:44:32,37.652,19.944,37.6521,37.6068,19.6735,19.9435,37.5,50,22.664689436175685
2026-03-13 22:44:33,37.652,19.947,37.6521,37.6269,19.7223,19.9466,37.5,50,15.509857462527656
2026-03-13 22:44:33,37.692,19.922,37.6924,37.6269,19.6414,19.9222,37.5,50,5.679018434194183
2026-03-13 22:44:34,37.733,19.898,37.7327,37.5262,19.6826,19.8978,37.5,50,0
2026-03-13 22:44:34,37.773,19.927,37.7729,37.5665,19.6872,19.9268,37.5,50,0
2026-03-13 22:44:35,37.692,19.979,37.6924,37.5866,19.6414,19.9786,37.5,50,16.160130077322435
2026-03-13 22:44:35,37.692,19.924,37.6924,37.6471,19.6414,19.9237,37.5,50,6.702153942967939
2026-03-13 22:44:36,37.652,19.915,37.6521,37.5665,19.6368,19.9145,37.5,50,15.260053685555253
2026-03-13 22:44:36,37.692,19.956,37.6924,37.6068,19.6658,19.9557,37.5,50,1.1081283189919384
2026-03-13 22:44:37,37.733,19.971,37.7327,37.5262,19.6338,19.971,37.5,50,0
2026-03-13 22:44:37,37.672,19.918,37.6722,37.5866,19.6399,19.9176,37.5,50,12.915978772706929
2026-03-13 22:44:38,37.652,19.919,37.6521,37.6068,19.6612,19.9191,37.5,50,10.324026475408434
2026-03-13 22:44:38,37.672,19.922,37.6722,37.6269,19.6399,19.9222,37.5,50,2.9686141946359808
2026-03-13 22:44:38,37.652,19.922,37.6521,37.6269,19.6246,19.9222,37.5,50,9.124083954691748
2026-03-13 22:44:39,37.733,19.922,37.7327,37.6269,19.6338,19.9222,37.5,50,0
2026-03-13 22:44:39,37.692,19.905,37.6924,37.5866,19.6536,19.9054,37.5,50,5.013216680022975
2026-03-13 22:44:40,37.692,19.873,37.6924,37.6269,19.6414,19.8734,37.5,50,0
2026-03-13 22:44:40,37.632,19.881,37.632,37.5866,19.6475,19.881,37.5,50,13.064960844674529
2026-03-13 22:44:41,37.713,19.883,37.7125,37.6068,19.6323,19.8825,37.5,50,0
2026-03-13 22:44:41,37.672,19.893,37.6722,37.5866,19.6399,19.8932,37.5,50,4.787938541364766
2026-03-13 22:44:42,37.713,19.89,37.7125,37.5665,19.6567,19.8901,37.5,50,0
2026-03-13 22:44:42,37.692,19.893,37.6924,37.5866,19.6292,19.8932,37.5,50,0
2026-03-13 22:44:43,37.652,19.895,37.6521,37.6068,19.649,19.8947,37.5,50,5.015140606355987
2026-03-13 22:44:43,37.672,19.915,37.6722,37.5665,19.6643,19.9145,37.5,50,0
2026-03-13 22:44:44,37.753,19.953,37.7528,37.6873,19.6612,19.9527,37.5,50,0
2026-03-13 22:44:44,37.672,19.883,37.6722,37.6068,19.6277,19.8825,37.5,50,4.830768954953303
2026-03-13 22:44:44,37.692,19.91,37.6924,37.6269,19.6292,19.91,37.5,50,0
2026-03-13 22:44:45,37.612,19.864,37.6118,37.5463,19.646,19.8642,37.5,50,10.796440928989634
2026-03-13 22:44:45,37.692,19.887,37.6924,37.6471,19.6536,19.8871,37.5,50,0
2026-03-13 22:44:46,37.672,19.883,37.6722,37.6068,19.6521,19.8825,37.5,50,0
2026-03-13 22:44:46,37.692,19.886,37.6924,37.6269,19.6292,19.8856,37.5,50,0
2026-03-13 22:44:47,37.753,19.911,37.7528,37.6471,19.6368,19.9115,37.5,50,0
2026-03-13 22:44:47,37.672,19.899,37.6722,37.6471,19.6155,19.8993,37.5,50,0.06737482261844185
2026-03-13 22:44:48,37.612,19.866,37.6118,37.5665,19.6216,19.8657,37.5,50,4.587782196904066
2026-03-13 22:44:48,37.632,19.89,37.632,37.5665,19.6597,19.8901,37.5,50,0
2026-03-13 22:44:49,37.652,19.905,37.6521,37.5866,19.6735,19.9054,37.5,50,0
2026-03-13 22:44:49,37.667,19.915,37.632,37.6672,19.6597,19.9145,37.5,50,0
2026-03-13 22:44:50,37.632,19.919,37.632,37.6068,19.6475,19.9191,37.5,50,0
2026-03-13 22:44:50,37.652,19.898,37.6521,37.6269,19.6612,19.8978,37.5,50,0
2026-03-13 22:44:51,37.672,19.902,37.6722,37.6672,19.6643,19.9023,37.5,50,0
2026-03-13 22:44:51,37.672,19.907,37.6722,37.6068,19.6521,19.9069,37.5,50,0
2026-03-13 22:44:51,37.632,19.889,37.632,37.5463,19.6719,19.8886,37.5,50,0
2026-03-13 22:44:52,37.672,19.895,37.6722,37.4859,19.6399,19.8947,37.5,50,0
2026-03-13 22:44:52,37.612,19.93,37.6118,37.5866,19.6948,19.9298,37.5,50,0
2026-03-13 22:44:53,37.692,19.954,37.6924,37.5866,19.7024,19.9542,37.5,50,0
2026-03-13 22:44:53,37.728,19.933,37.6118,37.7276,19.6948,19.9329,37.5,50,0
2026-03-13 22:44:54,37.587,19.918,37.5715,37.5866,19.7024,19.9176,37.5,50,8.914855249022674
2026-03-13 22:44:54,37.672,19.942,37.6722,37.5866,19.6765,19.942,37.5,50,0
2026-03-13 22:44:55,37.672,19.898,37.6722,37.6269,19.7009,19.8978,37.5,50,0
2026-03-13 22:44:55,37.587,19.881,37.5514,37.5866,19.7238,19.881,37.5,50,1.269978626934055
2026-03-13 22:44:56,37.652,19.927,37.6521,37.5665,19.6979,19.9268,37.5,50,0
2026-03-13 22:44:56,37.652,19.91,37.6521,37.6269,19.6979,19.91,37.5,50,0
2026-03-13 22:44:57,37.632,19.901,37.632,37.5463,19.6719,19.9008,37.5,50,0
2026-03-13 22:44:57,37.587,19.881,37.5312,37.5866,19.6612,19.881,37.5,50,0
2026-03-13 22:44:57,37.672,19.939,37.6722,37.5665,19.7009,19.939,37.5,50,0
2026-03-13 22:44:58,37.572,19.925,37.5715,37.5463,19.7147,19.9252,37.5,50,2.1539074816820403
2026-03-13 22:44:58,37.572,19.976,37.5715,37.5665,19.7269,19.9756,37.5,50,0
2026-03-13 22:44:59,37.592,19.918,37.5917,37.5866,19.7528,19.9176,37.5,50,0
2026-03-13 22:44:59,37.612,19.93,37.6118,37.5866,19.7192,19.9298,37.5,50,0
2026-03-13 22:45:00,37.632,19.963,37.632,37.5665,19.7208,19.9634,37.5,50,0
2026-03-13 22:45:00,37.572,19.957,37.5715,37.5061,19.7391,19.9573,37.5,50,0
2026-03-13 22:45:01,37.551,19.945,37.5514,37.5061,19.7726,19.9451,37.5,50,0
2026-03-13 22:45:01,37.566,19.939,37.5111,37.5665,19.7192,19.939,37.5,50,0
2026-03-13 22:45:02,37.592,19.922,37.5917,37.5262,19.7772,19.9222,37.5,50,0
2026-03-13 22:45:02,37.592,19.942,37.5917,37.5866,19.7772,19.942,37.5,50,0
2026-03-13 22:45:03,37.566,19.939,37.5514,37.5665,19.7238,19.939,37.5,50,0
2026-03-13 22:45:03,37.607,19.944,37.5312,37.6068,19.7711,19.9435,37.5,50,0
2026-03-13 22:45:03,37.531,19.969,37.5312,37.5061,19.7711,19.9695,37.5,50,4.485927686184054
2026-03-13 22:45:04,37.566,20.0,37.5111,37.5665,19.7925,20.0,37.5,50,0
2026-03-13 22:45:04,37.652,19.977,37.6521,37.4658,19.8322,19.9771,37.5,50,0
2026-03-13 22:45:05,37.551,19.995,37.5514,37.5262,19.7971,19.9954,37.5,50,4.785219675848433
2026-03-13 22:45:05,37.551,19.896,37.5514,37.5061,19.8093,19.8962,37.5,50,0
2026-03-13 22:45:06,37.667,19.988,37.5312,37.6672,19.8077,19.9878,37.5,50,0
2026-03-13 22:45:06,37.587,19.942,37.5514,37.5866,19.8215,19.942,37.5,50,0
2026-03-13 22:45:07,37.531,19.947,37.5312,37.5262,19.8199,19.9466,37.5,50,2.3274662777163906
2026-03-13 22:45:07,37.546,19.962,37.5312,37.5463,19.8322,19.9619,37.5,50,0
2026-03-13 22:45:08,37.572,19.995,37.5715,37.5262,19.8001,19.9954,37.5,50,0
2026-03-13 22:45:08,37.572,20.018,37.5715,37.5061,19.8367,20.0183,37.5,50,0
2026-03-13 22:45:09,37.511,20.017,37.5111,37.4859,19.8535,20.0168,37.5,50,5.26636037669718
2026-03-13 22:45:09,37.506,19.982,37.491,37.5061,19.8764,19.9817,37.5,50,0
2026-03-13 22:45:10,37.511,19.989,37.5111,37.4658,19.8169,19.9893,37.5,50,0
2026-03-13 22:45:10,37.506,19.982,37.4708,37.5061,19.8245,19.9817,37.5,50,0
2026-03-13 22:45:10,37.471,19.988,37.4708,37.4456,19.8367,19.9878,37.5,50,7.365635932915039
2026-03-13 22:45:11,37.526,20.02,37.491,37.5262,19.8154,20.0198,37.5,50,0
2026-03-13 22:45:11,37.486,19.992,37.4708,37.4859,19.8734,19.9924,37.5,50,6.062066684805995
2026-03-13 22:45:12,37.546,20.023,37.5111,37.5463,19.8657,20.0229,37.5,50,0
2026-03-13 22:45:12,37.491,20.041,37.491,37.4859,19.9008,20.0412,37.5,50,7.049220240534481
2026-03-13 22:45:13,37.546,20.011,37.4104,37.5463,19.8795,20.0107,37.5,50,0
2026-03-13 22:45:13,37.471,19.989,37.4708,37.4658,19.8978,19.9893,37.5,50,11.685406706091776
2026-03-13 22:45:14,37.41,19.979,37.4104,37.3651,19.9161,19.9786,37.5,50,17.82479101213301
2026-03-13 22:45:14,37.526,20.02,37.4507,37.5262,19.8962,20.0198,37.5,50,0
2026-03-13 22:45:15,37.466,20.05,37.4507,37.4658,19.9084,20.0504,37.5,50,11.027611538676442
2026-03-13 22:45:15,37.446,20.061,37.4104,37.4456,19.8917,20.061,37.5,50,9.309775456697455
2026-03-13 22:45:16,37.506,20.055,37.4305,37.5061,19.9313,20.0549,37.5,50,0
2026-03-13 22:45:16,37.466,20.05,37.3902,37.4658,19.9023,20.0504,37.5,50,9.172492018822648
2026-03-13 22:45:16,37.425,20.021,37.3902,37.4255,19.9023,20.0214,37.5,50,14.478394914940992
2026-03-13 22:45:17,37.466,20.075,37.4305,37.4658,19.9435,20.0748,37.5,50,0.8319051766158747
2026-03-13 22:45:17,37.425,20.034,37.3701,37.4255,19.9481,20.0336,37.5,50,14.883359226671482
2026-03-13 22:45:18,37.466,20.05,37.3902,37.4658,19.9145,20.0504,37.5,50,1.2348304868950821
2026-03-13 22:45:18,37.405,20.032,37.3701,37.4054,19.9481,20.032,37.5,50,19.91895027460678
2026-03-13 22:45:19,37.425,20.082,37.3902,37.4255,19.9512,20.0824,37.5,50,9.053169118440389
2026-03-13 22:45:19,37.446,20.049,37.35,37.4456,20.0076,20.0488,37.5,50,6.624834948212295
2026-03-13 22:45:20,37.446,20.073,37.3902,37.4456,19.9756,20.0732,37.5,50,9.092268037304072
2026-03-13 22:45:20,37.466,20.05,37.3701,37.4658,19.9603,20.0504,37.5,50,4.659409078792098
2026-03-13 22:45:21,37.466,20.075,37.3298,37.4658,19.9802,20.0748,37.5,50,6.944238102279745
2026-03-13 22:45:21,37.446,20.061,37.4104,37.4456,19.9771,20.061,37.5,50,11.703798597972295
2026-03-13 22:45:22,37.486,20.078,37.2895,37.4859,19.9893,20.0778,37.5,50,0.47820960596822903
2026-03-13 22:45:22,37.35,20.038,37.35,37.3449,19.971,20.0381,37.5,50,36.35706110917975
2026-03-13 22:45:22,37.385,20.139,37.3097,37.3852,20.0153,20.1389,37.5,50,14.120766194098579
2026-03-13 22:45:23,37.466,20.063,37.3298,37.4658,19.9924,20.0626,37.5,50,0
2026-03-13 22:45:23,37.425,20.131,37.35,37.4255,20.0076,20.1312,37.5,50,17.928362644286622
2026-03-13 22:45:24,37.345,20.099,37.3097,37.3449,20.0397,20.0992,37.5,50,32.31388976814214
2026-03-13 22:45:24,37.446,20.11,37.35,37.4456,20.032,20.1099,37.5,50,0.8584351112983892
2026-03-13 22:45:25,37.345,20.063,37.209,37.3449,20.029,20.0626,37.5,50,35.35525389430511
2026-03-13 22:45:25,37.506,20.14,37.3097,37.5061,20.0153,20.1404,37.5,50,0
2026-03-13 22:45:26,37.365,20.125,37.2895,37.3651,19.9893,20.1251,37.5,50,37.74892584249866
2026-03-13 22:45:26,37.425,20.082,37.2694,37.4255,20.0351,20.0824,37.5,50,9.131455649563163
2026-03-13 22:45:27,37.425,20.095,37.3298,37.4255,20.0534,20.0946,37.5,50,15.884404023464946
2026-03-13 22:45:27,37.325,20.133,37.2694,37.3248,20.0229,20.1328,37.5,50,39.32576333701006
2026-03-13 22:45:28,37.345,20.111,37.2694,37.3449,20.0961,20.1114,37.5,50,24.548930191667328
2026-03-13 22:45:28,37.325,20.096,37.2493,37.3248,20.0824,20.0961,37.5,50,31.914347680653744
2026-03-13 22:45:28,37.385,20.188,37.2493,37.3852,20.0458,20.1877,37.5,50,16.504508711952422
2026-03-13 22:45:29,37.345,20.148,37.2694,37.3449,20.0595,20.148,37.5,50,32.67424628415066
2026-03-13 22:45:29,37.345,20.148,37.209,37.3449,20.1022,20.148,37.5,50,28.93081742614453
2026-03-13 22:45:30,37.305,20.143,37.2291,37.3046,20.0671,20.1434,37.5,50,38.77041849507765
2026-03-13 22:45:30,37.305,20.131,37.2291,37.3046,20.0671,20.1312,37.5,50,35.17603105678437
2026-03-13 22:45:31,37.365,20.162,37.2895,37.3651,20.0504,20.1617,37.5,50,21.997852195106475
2026-03-13 22:45:31,37.385,20.127,37.2895,37.3852,20.0748,20.1266,37.5,50,24.343999650924736
2026-03-13 22:45:32,37.345,20.16,37.2291,37.3449,20.1038,20.1602,37.5,50,36.19581207013217
2026-03-13 22:45:32,37.305,20.217,37.2895,37.3046,20.1114,20.2167,37.5,50,41.71477185877297
2026-03-13 22:45:33,37.285,20.214,37.2493,37.2845,20.0702,20.2136,37.5,50,42.75562155426388
2026-03-13 22:45:33,37.29,20.189,37.2895,37.2845,20.1358,20.1892,37.5,50,40.23490768434633
2026-03-13 22:45:34,37.305,20.168,37.2895,37.3046,20.1358,20.1678,37.5,50,38.07808128854902
2026-03-13 22:45:34,37.285,20.214,37.2291,37.2845,20.1404,20.2136,37.5,50,45.05265458777025
2026-03-13 22:45:35,37.305,20.156,37.2291,37.3046,20.1282,20.1556,37.5,50,39.05676042122975
2026-03-13 22:45:35,37.269,20.2,37.2694,37.2644,20.1572,20.1999,37.5,50,50
2026-03-13 22:45:35,37.365,20.198,37.2291,37.3651,20.1648,20.1984,37.5,50,25.0062322889266
2026-03-13 22:45:36,37.244,20.172,37.1888,37.2442,20.1236,20.1724,37.5,50,50
2026-03-13 22:45:36,37.305,20.217,37.2694,37.3046,20.1694,20.2167,37.5,50,37.658004326536094
2026-03-13 22:45:37,37.305,20.156,37.2291,37.3046,20.1526,20.1556,37.5,50,44.96570304958466
2026-03-13 22:45:37,37.365,20.211,37.2694,37.3651,20.145,20.2106,37.5,50,31.78876055733723
2026-03-13 22:45:38,37.285,20.214,37.1888,37.2845,20.1724,20.2136,37.5,50,50
2026-03-13 22:45:38,37.345,20.221,37.3097,37.3449,20.2106,20.2213,37.5,50,35.56071997017442
2026-03-13 22:45:39,37.285,20.189,37.1485,37.2845,20.1434,20.1892,37.5,50,50
2026-03-13 22:45:39,37.269,20.217,37.2694,37.2039,20.1816,20.2167,37.5,50,50
2026-03-13 22:45:40,37.345,20.221,37.1888,37.3449,20.148,20.2213,37.5,50,36.06019044370896
2026-03-13 22:45:40,37.264,20.175,37.1888,37.2644,20.1358,20.1755,37.5,50,50
2026-03-13 22:45:41,37.264,20.2,37.1687,37.2644,20.1465,20.1999,37.5,50,50
2026-03-13 22:45:41,37.285,20.238,37.2291,37.2845,20.1526,20.238,37.5,50,50
2026-03-13 22:45:41,37.269,20.237,37.2694,37.2644,20.1694,20.2365,37.5,50,50
2026-03-13 22:45:42,37.325,20.267,37.1888,37.3248,20.1724,20.267,37.5,50,44.67196264799681
2026-03-13 22:45:42,37.229,20.191,37.2291,37.1838,20.1892,20.1907,37.5,50,50
2026-03-13 22:45:43,37.264,20.224,37.1485,37.2644,20.1556,20.2243,37.5,50,50
2026-03-13 22:45:43,37.285,20.25,37.2291,37.2845,20.1648,20.2502,37.5,50,50
2026-03-13 22:45:44,37.285,20.262,37.2694,37.2845,20.1694,20.2625,37.5,50,50
2026-03-13 22:45:44,37.244,20.221,37.2291,37.2442,20.1526,20.2213,37.5,50,50
2026-03-13 22:45:45,37.244,20.233,37.2291,37.2442,20.1648,20.2335,37.5,50,50
2026-03-13 22:45:45,37.244,20.258,37.2291,37.2442,20.1526,20.2579,37.5,50,50
2026-03-13 22:45:46,37.264,20.188,37.209,37.2644,20.1633,20.1877,37.5,50,50
2026-03-13 22:45:46,37.285,20.214,37.1888,37.2845,20.148,20.2136,37.5,50,50
2026-03-13 22:45:47,37.285,20.177,37.1888,37.2845,20.1724,20.177,37.5,50,50
2026-03-13 22:45:47,37.305,20.204,37.2291,37.3046,20.177,20.2045,37.5,50,50
2026-03-13 22:45:47,37.269,20.221,37.2694,37.2442,20.1816,20.2213,37.5,50,50
2026-03-13 22:45:48,37.264,20.237,37.2493,37.2644,20.1801,20.2365,37.5,50,50
2026-03-13 22:45:48,37.249,20.233,37.2493,37.2442,20.2045,20.2335,37.5,50,50
2026-03-13 22:45:49,37.264,20.237,37.1284,37.2644,20.1785,20.2365,37.5,50,50
2026-03-13 22:45:49,37.244,20.209,37.209,37.2442,20.1266,20.209,37.5,50,50
2026-03-13 22:45:50,37.244,20.258,37.1687,37.2442,20.1709,20.2579,37.5,50,50
2026-03-13 22:45:50,37.269,20.237,37.2694,37.2644,20.206,20.2365,37.5,50,50
2026-03-13 22:45:51,37.264,20.261,37.1284,37.2644,20.1175,20.2609,37.5,50,50
2026-03-13 22:45:51,37.345,20.246,37.1888,37.3449,20.1602,20.2457,37.5,50,50
2026-03-13 22:45:52,37.264,20.261,37.2493,37.2644,20.1801,20.2609,37.5,50,50
2026-03-13 22:45:52,37.305,20.253,37.209,37.3046,20.1144,20.2533,37.5,50,50
2026-03-13 22:45:53,37.269,20.27,37.2694,37.2442,20.1694,20.2701,37.5,50,50
2026-03-13 22:45:53,37.285,20.262,37.1687,37.2845,20.1465,20.2625,37.5,50,50
2026-03-13 22:45:54,37.244,20.258,37.2291,37.2442,20.1404,20.2579,37.5,50,50
2026-03-13 22:45:54,37.229,20.232,37.2291,37.2241,20.1282,20.2319,37.5,50,50
2026-03-13 22:45:54,37.264,20.237,37.2493,37.2644,20.1556,20.2365,37.5,50,50
2026-03-13 22:45:55,37.285,20.287,37.2291,37.2845,20.116,20.2869,37.5,50,50
2026-03-13 22:45:55,37.325,20.206,37.209,37.3248,20.0778,20.206,37.5,50,50
2026-03-13 22:45:56,37.285,20.226,37.2694,37.2845,20.1205,20.2258,37.5,50,50
2026-03-13 22:45:56,37.29,20.224,37.2895,37.2644,20.1602,20.2243,37.5,50,50
2026-03-13 22:45:57,37.29,20.233,37.2895,37.2442,20.1114,20.2335,37.5,50,50
2026-03-13 22:45:57,37.325,20.243,37.2493,37.3248,20.0824,20.2426,37.5,50,50
2026-03-13 22:45:58,37.264,20.237,37.2493,37.2644,20.119,20.2365,37.5,50,50
2026-03-13 22:45:58,37.305,20.241,37.2694,37.3046,20.1083,20.2411,37.5,50,50
2026-03-13 22:45:59,37.33,20.209,37.3298,37.2442,20.1022,20.209,37.5,50,50
2026-03-13 22:45:59,37.264,20.237,37.2493,37.2644,20.1068,20.2365,37.5,50,50
2026-03-13 22:46:00,37.249,20.258,37.2493,37.2442,20.058,20.2579,37.5,50,50
2026-03-13 22:46:00,37.33,20.224,37.3298,37.2644,20.0412,20.2243,37.5,50,50
2026-03-13 22:46:00,37.345,20.27,37.2493,37.3449,20.0702,20.2701,37.5,50,50
2026-03-13 22:46:01,37.29,20.224,37.2895,37.2644,20.0626,20.2243,37.5,50,50
2026-03-13 22:46:01,37.29,20.233,37.2895,37.2442,20.0626,20.2335,37.5,50,50
2026-03-13 22:46:02,37.285,20.201,37.2694,37.2845,20.0717,20.2014,37.5,50,50
2026-03-13 22:46:02,37.224,20.183,37.209,37.2241,20.0534,20.1831,37.5,50,50
2026-03-13 22:46:03,37.33,20.192,37.3298,37.3046,20.1022,20.1923,37.5,50,50
2026-03-13 22:46:03,37.35,20.267,37.35,37.3248,20.0809,20.267,37.5,50,50
2026-03-13 22:46:04,37.37,20.189,37.3701,37.2845,20.0458,20.1892,37.5,50,50
2026-03-13 22:46:04,37.325,20.243,37.2493,37.3248,20.0214,20.2426,37.5,50,50
2026-03-13 22:46:05,37.269,20.2,37.2694,37.2644,20.0351,20.1999,37.5,50,50
2026-03-13 22:46:05,37.325,20.218,37.2291,37.3248,20.0549,20.2182,37.5,50,50
2026-03-13 22:46:06,37.37,20.177,37.3701,37.2845,20.0702,20.177,37.5,50,50
2026-03-13 22:46:06,37.29,20.175,37.2895,37.2644,20.0015,20.1755,37.5,50,50
2026-03-13 22:46:06,37.33,20.201,37.3298,37.2845,20.029,20.2014,37.5,50,50
2026-03-13 22:46:07,37.31,20.232,37.3097,37.2241,20.0153,20.2319,37.5,50,50
2026-03-13 22:46:07,37.37,20.221,37.3701,37.3449,20.0214,20.2213,37.5,50,50
2026-03-13 22:46:08,37.33,20.172,37.3298,37.2442,20.0168,20.1724,37.5,50,50
2026-03-13 22:46:08,37.405,20.215,37.3902,37.4054,20.0,20.2152,37.5,50,50
2026-03-13 22:46:09,37.41,20.233,37.4104,37.3449,19.9771,20.2335,37.5,50,50
2026-03-13 22:46:09,37.37,20.209,37.3701,37.3449,19.9603,20.209,37.5,50,50
2026-03-13 22:46:10,37.31,20.214,37.3097,37.2845,20.0153,20.2136,37.5,50,50
2026-03-13 22:46:10,37.37,20.209,37.3701,37.3449,19.9725,20.209,37.5,50,50
2026-03-13 22:46:11,37.33,20.165,37.3298,37.2845,19.9557,20.1648,37.5,50,50
2026-03-13 22:46:11,37.41,20.166,37.4104,37.4054,19.9527,20.1663,37.5,50,50
2026-03-13 22:46:12,37.39,20.177,37.3902,37.2845,19.9634,20.177,37.5,50,50
2026-03-13 22:46:12,37.385,20.188,37.3097,37.3852,19.9542,20.1877,37.5,50,50
2026-03-13 22:46:13,37.39,20.168,37.3902,37.3046,19.939,20.1678,37.5,50,50
2026-03-13 22:46:13,37.41,20.14,37.4104,37.2845,19.9527,20.1404,37.5,50,50
2026-03-13 22:46:13,37.345,20.136,37.3298,37.3449,19.9557,20.1358,37.5,50,50
2026-03-13 22:46:14,37.41,20.174,37.4104,37.3651,19.9527,20.174,37.5,50,50
2026-03-13 22:46:14,37.431,20.15,37.4305,37.3651,19.9435,20.1495,37.5,50,50
2026-03-13 22:46:15,37.491,20.208,37.491,37.4456,19.9252,20.2075,37.5,50,44.60101023000064
2026-03-13 22:46:15,37.41,20.153,37.4104,37.2845,19.9283,20.1526,37.5,50,50
2026-03-13 22:46:16,37.41,20.203,37.4104,37.4054,19.9161,20.2029,37.5,50,50
2026-03-13 22:46:16,37.451,20.168,37.4507,37.3046,19.8962,20.1678,37.5,50,50
2026-03-13 22:46:17,37.39,20.102,37.3902,37.3852,19.8535,20.1022,37.5,50,50
2026-03-13 22:46:17,37.431,20.108,37.4305,37.3248,19.8703,20.1083,37.5,50,50
2026-03-13 22:46:18,37.491,20.168,37.491,37.4255,19.8764,20.1678,37.5,50,44.602263667765044
2026-03-13 22:46:18,37.471,20.156,37.4708,37.4255,19.8856,20.1556,37.5,50,50
2026-03-13 22:46:19,37.451,20.098,37.4507,37.4456,19.8718,20.0977,37.5,50,50
2026-03-13 22:46:19,37.471,20.095,37.4708,37.3046,19.8489,20.0946,37.5,50,50
2026-03-13 22:46:19,37.451,20.099,37.4507,37.3449,19.8596,20.0992,37.5,50,50
2026-03-13 22:46:20,37.471,20.078,37.4708,37.3852,19.8367,20.0778,37.5,50,50
2026-03-13 22:46:20,37.451,20.11,37.4507,37.4456,19.8596,20.1099,37.5,50,50
2026-03-13 22:46:21,37.471,20.087,37.4708,37.3449,19.8245,20.087,37.5,50,50
2026-03-13 22:46:21,37.531,20.05,37.5312,37.4658,19.8566,20.0504,37.5,50,39.68568272891978
2026-03-13 22:46:22,37.471,20.008,37.4708,37.4054,19.8489,20.0076,37.5,50,50
2026-03-13 22:46:22,37.491,20.076,37.491,37.3651,19.852,20.0763,37.5,50,48.92020228630876
2026-03-13 22:46:23,37.491,20.056,37.491,37.4054,19.8276,20.0565,37.5,50,50
2026-03-13 22:46:23,37.491,20.085,37.491,37.4456,19.8154,20.0855,37.5,50,50
2026-03-13 22:46:24,37.572,20.038,37.5715,37.4658,19.8123,20.0381,37.5,50,32.346060542672845
2026-03-13 22:46:24,37.511,20.09,37.5111,37.4859,19.8047,20.09,37.5,50,50
2026-03-13 22:46:25,37.511,20.079,37.5111,37.5061,19.8413,20.0793,37.5,50,48.3317480238795
2026-03-13 22:46:25,37.551,20.053,37.5514,37.3852,19.7726,20.0534,37.5,50,39.02473487352362
2026-03-13 22:46:25,37.572,20.119,37.5715,37.4255,19.7879,20.119,37.5,50,38.28899198508441
2026-03-13 22:46:26,37.511,20.049,37.5111,37.4456,19.8047,20.0488,37.5,50,50
2026-03-13 22:46:26,37.466,20.063,37.4507,37.4658,19.762,20.0626,37.5,50,50
2026-03-13 22:46:27,37.551,20.095,37.5514,37.4255,19.8093,20.0946,37.5,50,33.79229940731198
2026-03-13 22:46:27,37.511,20.014,37.5111,37.4658,19.7925,20.0137,37.5,50,50
2026-03-13 22:46:28,37.572,20.012,37.5715,37.4456,19.8001,20.0122,37.5,50,33.557336733677786
2026-03-13 22:46:28,37.572,20.008,37.5715,37.5262,19.7879,20.0076,37.5,50,39.87812333922358
2026-03-13 22:46:29,37.511,20.082,37.5111,37.4255,19.7803,20.0824,37.5,50,50
2026-03-13 22:46:29,37.572,20.038,37.5715,37.4658,19.7269,20.0381,37.5,50,32.98372076692602
2026-03-13 22:46:30,37.531,20.018,37.5312,37.5061,19.7345,20.0183,37.5,50,48.802984277890324
2026-03-13 22:46:30,37.531,20.026,37.5312,37.4658,19.7223,20.0259,37.5,50,44.26097339726392
2026-03-13 22:46:31,37.546,20.047,37.5111,37.5463,19.707,20.0473,37.5,50,40.67084732418329
2026-03-13 22:46:31,37.592,20.053,37.5917,37.4859,19.7162,20.0534,37.5,50,31.462553280679906
2026-03-13 22:46:31,37.491,19.985,37.491,37.4255,19.7177,19.9847,37.5,50,50
2026-03-13 22:46:32,37.551,20.056,37.5514,37.5262,19.736,20.0565,37.5,50,34.71558431216415
2026-03-13 22:46:32,37.612,20.023,37.6118,37.5463,19.7192,20.0229,37.5,50,26.87242242194439
2026-03-13 22:46:33,37.592,19.98,37.5917,37.4859,19.7406,19.9802,37.5,50,37.677780718783566
2026-03-13 22:46:33,37.592,20.014,37.5917,37.4658,19.7406,20.0137,37.5,50,35.17765987436002
2026-03-13 22:46:34,37.692,19.988,37.6924,37.5665,19.678,19.9878,37.5,50,11.669060014981879
2026-03-13 22:46:34,37.572,19.976,37.5715,37.5665,19.6658,19.9756,37.5,50,49.55525365434492
2026-03-13 22:46:35,37.652,19.945,37.6521,37.5061,19.6735,19.9451,37.5,50,17.79972823219903
2026-03-13 22:46:35,37.592,19.963,37.5917,37.5665,19.6918,19.9634,37.5,50,39.773700067824294
2026-03-13 22:46:36,37.652,19.931,37.6521,37.4859,19.6857,19.9313,37.5,50,19.054664925656436
2026-03-13 22:46:36,37.612,19.963,37.6118,37.5665,19.6948,19.9634,37.5,50,34.2365085248843
2026-03-13 22:46:37,37.612,19.933,37.6118,37.5061,19.6948,19.9329,37.5,50,29.50261089995937
2026-03-13 22:46:37,37.652,19.986,37.6521,37.5463,19.6612,19.9863,37.5,50,19.820553594081613
2026-03-13 22:46:38,37.612,19.956,37.6118,37.4859,19.6704,19.9557,37.5,50,32.844241316108345
2026-03-13 22:46:38,37.652,19.942,37.6521,37.5866,19.6368,19.942,37.5,50,18.841838495687
2026-03-13 22:46:38,37.612,19.907,37.6118,37.4859,19.6094,19.9069,37.5,50,31.86576412112111
2026-03-13 22:46:39,37.672,19.913,37.6722,37.5463,19.6155,19.913,37.5,50,13.231230443729078
2026-03-13 22:46:39,37.652,19.947,37.6521,37.5262,19.649,19.9466,37.5,50,23.706295860123063
2026-03-13 22:46:40,37.592,19.89,37.5917,37.5665,19.6307,19.8901,37.5,50,34.88438603237081
2026-03-13 22:46:40,37.627,19.898,37.5715,37.6269,19.4583,19.8978,37.5,50,19.955471847376955
2026-03-13 22:46:41,37.632,19.893,37.632,37.5866,19.5621,19.8932,37.5,50,22.10643972330472
2026-03-13 22:46:41,37.592,19.89,37.5917,37.5665,19.5819,19.8901,37.5,50,31.42639369799117
2026-03-13 22:46:42,37.647,19.936,37.5514,37.6471,19.6262,19.9359,37.5,50,14.02135307710563
2026-03-13 22:46:42,37.592,19.905,37.5917,37.5866,19.6185,19.9054,37.5,50,32.1577194084208
2026-03-13 22:46:43,37.652,19.918,37.6521,37.5866,19.6612,19.9176,37.5,50,11.978363279968338
2026-03-13 22:46:43,37.612,19.881,37.6118,37.5866,19.6338,19.881,37.5,50,27.162166366769974
2026-03-13 22:46:44,37.607,19.907,37.5917,37.6068,19.6185,19.9069,37.5,50,23.58612933231818
2026-03-13 22:46:44,37.672,19.869,37.6722,37.5866,19.6277,19.8688,37.5,50,7.591155358136361
2026-03-13 22:46:44,37.672,19.858,37.6722,37.6068,19.6277,19.8581,37.5,50,13.971735599744221
2026-03-13 22:46:45,37.652,19.902,37.6521,37.5665,19.6368,19.9023,37.5,50,17.96790363845634
2026-03-13 22:46:45,37.632,19.878,37.632,37.5665,19.6231,19.8779,37.5,50,19.879278196951084
2026-03-13 22:46:46,37.632,19.878,37.632,37.5665,19.6109,19.8779,37.5,50,17.23067008099178
2026-03-13 22:46:46,37.692,19.919,37.6924,37.6068,19.5926,19.9191,37.5,50,2.84028546926377
2026-03-13 22:46:47,37.652,19.881,37.6521,37.5866,19.6002,19.881,37.5,50,17.845801070359478
2026-03-13 22:46:47,37.632,19.844,37.632,37.5866,19.5865,19.8444,37.5,50,17.624172016943827
2026-03-13 22:46:48,37.713,19.857,37.7125,37.5866,19.6201,19.8566,37.5,50,0
2026-03-13 22:46:48,37.672,19.849,37.6722,37.6269,19.6155,19.8489,37.5,50,13.665177842546573
2026-03-13 22:46:49,37.672,19.846,37.6722,37.6068,19.5666,19.8459,37.5,50,8.600628799448081
2026-03-13 22:46:49,37.692,19.902,37.6924,37.6672,19.5682,19.9023,37.5,50,3.329863167313532
2026-03-13 22:46:50,37.647,19.863,37.6118,37.6471,19.5605,19.8627,37.5,50,15.1884738827104
2026-03-13 22:46:50,37.672,19.837,37.6722,37.6269,19.6033,19.8367,37.5,50,4.0075914303519315
2026-03-13 22:46:50,37.692,19.844,37.6924,37.5866,19.556,19.8444,37.5,50,1.435382201818575
2026-03-13 22:46:51,37.713,19.861,37.7125,37.6269,19.6201,19.8611,37.5,50,0
2026-03-13 22:46:51,37.713,19.831,37.7125,37.6873,19.5712,19.8306,37.5,50,0
2026-03-13 22:46:52,37.733,19.846,37.7327,37.6068,19.5727,19.8459,37.5,50,0
2026-03-13 22:46:52,37.652,19.863,37.6521,37.6471,19.5758,19.8627,37.5,50,14.134049995178303
2026-03-13 22:46:53,37.753,19.858,37.7528,37.6068,19.588,19.8581,37.5,50,0
2026-03-13 22:46:53,37.713,19.832,37.7125,37.5866,19.5712,19.8322,37.5,50,0.6604489016610096
2026-03-13 22:46:54,37.667,19.878,37.6521,37.6672,19.5758,19.8779,37.5,50,6.210579660916772
2026-03-13 22:46:54,37.753,19.838,37.7528,37.6471,19.6002,19.8383,37.5,50,0
2026-03-13 22:46:55,37.667,19.854,37.6521,37.6672,19.5636,19.8535,37.5,50,8.952026935198143
2026-03-13 22:46:55,37.753,19.863,37.7528,37.6471,19.588,19.8627,37.5,50,0
2026-03-13 22:46:56,37.692,19.866,37.6924,37.6672,19.556,19.8657,37.5,50,1.6250037049444632
2026-03-13 22:46:56,37.748,19.825,37.7327,37.7478,19.585,19.8245,37.5,50,0
2026-03-13 22:46:57,37.692,19.818,37.6924,37.6873,19.5804,19.8184,37.5,50,0
2026-03-13 22:46:57,37.713,19.837,37.7125,37.6269,19.6201,19.8367,37.5,50,0
2026-03-13 22:46:57,37.713,19.812,37.7125,37.6269,19.5956,19.8123,37.5,50,0
2026-03-13 22:46:58,37.687,19.843,37.6521,37.6873,19.5636,19.8428,37.5,50,0
2026-03-13 22:46:58,37.713,19.821,37.7125,37.6068,19.5956,19.8215,37.5,50,0
2026-03-13 22:46:59,37.713,19.829,37.7125,37.6672,19.5712,19.8291,37.5,50,0
2026-03-13 22:46:59,37.667,19.792,37.6521,37.6672,19.588,19.7925,37.5,50,0
2026-03-13 22:47:00,37.692,19.8,37.6924,37.6269,19.5926,19.8001,37.5,50,0
2026-03-13 22:47:00,37.632,19.834,37.632,37.6068,19.5987,19.8337,37.5,50,1.4143168374173216
2026-03-13 22:47:01,37.652,19.796,37.6521,37.5866,19.588,19.7955,37.5,50,0
2026-03-13 22:47:01,37.672,19.821,37.6722,37.6068,19.6277,19.8215,37.5,50,0
2026-03-13 22:47:02,37.652,19.838,37.6521,37.6471,19.6124,19.8383,37.5,50,0
2026-03-13 22:47:02,37.672,19.777,37.6722,37.6471,19.6277,19.7772,37.5,50,0
2026-03-13 22:47:03,37.672,19.829,37.6722,37.6672,19.5911,19.8291,37.5,50,0
2026-03-13 22:47:03,37.692,19.849,37.6924,37.6269,19.6414,19.8489,37.5,50,0
2026-03-13 22:47:03,37.692,19.85,37.6924,37.6471,19.6536,19.8505,37.5,50,0
2026-03-13 22:47:04,37.652,19.809,37.6521,37.6068,19.588,19.8093,37.5,50,0
2026-03-13 22:47:04,37.672,19.812,37.6722,37.6269,19.6033,19.8123,37.5,50,0
2026-03-13 22:47:05,37.627,19.861,37.5715,37.6269,19.617,19.8611,37.5,50,0
2026-03-13 22:47:05,37.612,19.796,37.6118,37.5866,19.646,19.7955,37.5,50,0
2026-03-13 22:47:06,37.652,19.802,37.6521,37.6471,19.649,19.8016,37.5,50,0
2026-03-13 22:47:06,37.667,19.817,37.6118,37.6672,19.6338,19.8169,37.5,50,0
2026-03-13 22:47:07,37.667,19.841,37.6118,37.6672,19.6216,19.8413,37.5,50,0
2026-03-13 22:47:07,37.632,19.783,37.632,37.5866,19.6353,19.7833,37.5,50,0
2026-03-13 22:47:08,37.667,19.829,37.5715,37.6672,19.6292,19.8291,37.5,50,0
2026-03-13 22:47:08,37.627,19.812,37.6118,37.6269,19.646,19.8123,37.5,50,0
2026-03-13 22:47:09,37.713,19.82,37.7125,37.5866,19.6689,19.8199,37.5,50,0
2026-03-13 22:47:09,37.587,19.857,37.5715,37.5866,19.6292,19.8566,37.5,50,3.1619403345017663
2026-03-13 22:47:09,37.647,19.789,37.632,37.6471,19.6231,19.7894,37.5,50,0
2026-03-13 22:47:10,37.647,19.814,37.5715,37.6471,19.678,19.8138,37.5,50,0
2026-03-13 22:47:10,37.607,19.846,37.5917,37.6068,19.6796,19.8459,37.5,50,0
2026-03-13 22:47:11,37.647,19.875,37.6118,37.6471,19.646,19.8749,37.5,50,0
2026-03-13 22:47:11,37.672,19.832,37.6722,37.5866,19.6643,19.8322,37.5,50,0
2026-03-13 22:47:12,37.607,19.821,37.5514,37.6068,19.6628,19.8215,37.5,50,0
2026-03-13 22:47:12,37.607,19.834,37.5917,37.6068,19.6551,19.8337,37.5,50,0
2026-03-13 22:47:13,37.632,19.828,37.632,37.5463,19.7208,19.8276,37.5,50,0
2026-03-13 22:47:13,37.587,19.832,37.5715,37.5866,19.678,19.8322,37.5,50,0
2026-03-13 22:47:14,37.647,19.838,37.5917,37.6471,19.6918,19.8383,37.5,50,0
2026-03-13 22:47:14,37.587,19.905,37.5312,37.5866,19.6735,19.9054,37.5,50,0
2026-03-13 22:47:15,37.566,19.817,37.5514,37.5665,19.675,19.8169,37.5,50,0
2026-03-13 22:47:15,37.566,19.78,37.5514,37.5665,19.7116,19.7803,37.5,50,0
2026-03-13 22:47:15,37.587,19.869,37.5312,37.5866,19.7101,19.8688,37.5,50,0
2026-03-13 22:47:16,37.546,19.828,37.5312,37.5463,19.7101,19.8276,37.5,50,0
2026-03-13 22:47:16,37.607,19.834,37.5715,37.6068,19.7147,19.8337,37.5,50,0
2026-03-13 22:47:17,37.627,19.825,37.5312,37.6269,19.7345,19.8245,37.5,50,0
2026-03-13 22:47:17,37.607,19.834,37.5715,37.6068,19.7147,19.8337,37.5,50,0
2026-03-13 22:47:18,37.607,19.821,37.5312,37.6068,19.7711,19.8215,37.5,50,0
2026-03-13 22:47:18,37.566,19.854,37.5111,37.5665,19.7681,19.8535,37.5,50,0
2026-03-13 22:47:19,37.592,19.869,37.5917,37.5866,19.765,19.8688,37.5,50,0
2026-03-13 22:47:19,37.647,19.863,37.5715,37.6471,19.7513,19.8627,37.5,50,0
2026-03-13 22:47:20,37.526,19.873,37.491,37.5262,19.7421,19.8734,37.5,50,9.934269727970696
2026-03-13 22:47:20,37.566,19.829,37.5312,37.5665,19.7833,19.8291,37.5,50,0
2026-03-13 22:47:21,37.587,19.905,37.5715,37.5866,19.7757,19.9054,37.5,50,0
2026-03-13 22:47:21,37.546,19.913,37.5312,37.5463,19.7711,19.913,37.5,50,0
2026-03-13 22:47:22,37.566,19.841,37.4305,37.5665,19.7848,19.8413,37.5,50,0
2026-03-13 22:47:22,37.566,19.878,37.4708,37.5665,19.8123,19.8779,37.5,50,0
2026-03-13 22:47:22,37.511,19.811,37.5111,37.5061,19.7803,19.8108,37.5,50,4.620300784991978
2026-03-13 22:47:23,37.572,19.91,37.5715,37.5262,19.8001,19.91,37.5,50,0
2026-03-13 22:47:23,37.526,19.849,37.5111,37.5262,19.8291,19.8489,37.5,50,1.8475457386057839
2026-03-13 22:47:24,37.546,19.913,37.4507,37.5463,19.8108,19.913,37.5,50,0
2026-03-13 22:47:24,37.587,19.869,37.4708,37.5866,19.8123,19.8688,37.5,50,0
2026-03-13 22:47:25,37.506,19.933,37.4708,37.5061,19.8367,19.9329,37.5,50,8.026278261536048
2026-03-13 22:47:25,37.526,19.91,37.5111,37.5262,19.8413,19.91,37.5,50,0
2026-03-13 22:47:26,37.471,19.916,37.4708,37.4658,19.8245,19.9161,37.5,50,9.526211400880939
2026-03-13 22:47:26,37.526,19.898,37.4708,37.5262,19.8245,19.8978,37.5,50,0
2026-03-13 22:47:27,37.526,19.886,37.4507,37.5262,19.7986,19.8856,37.5,50,0
2026-03-13 22:47:27,37.466,19.928,37.4507,37.4658,19.8596,19.9283,37.5,50,10.685825804610053
2026-03-13 22:47:28,37.466,19.916,37.4104,37.4658,19.8062,19.9161,37.5,50,4.331852788095793
2026-03-13 22:47:28,37.466,19.916,37.3902,37.4658,19.8779,19.9161,37.5,50,4.457789760223827
2026-03-13 22:47:28,37.486,19.931,37.4305,37.4859,19.8703,19.9313,37.5,50,0
2026-03-13 22:47:29,37.466,19.904,37.4104,37.4658,19.855,19.9039,37.5,50,6.792778191736997
2026-03-13 22:47:29,37.506,19.945,37.4305,37.5061,19.8459,19.9451,37.5,50,0
2026-03-13 22:47:30,37.486,19.944,37.4507,37.4859,19.8474,19.9435,37.5,50,4.425270727766002
2026-03-13 22:47:30,37.526,19.934,37.35,37.5262,19.8611,19.9344,37.5,50,0
2026-03-13 22:47:31,37.486,19.98,37.4507,37.4859,19.8596,19.9802,37.5,50,6.540431211987231
2026-03-13 22:47:31,37.466,19.965,37.3298,37.4658,19.8703,19.9649,37.5,50,6.906730113454085
2026-03-13 22:47:32,37.466,19.977,37.4305,37.4658,19.9191,19.9771,37.5,50,4.872830109807826
2026-03-13 22:47:32,37.506,19.933,37.4507,37.5061,19.884,19.9329,37.5,50,0
2026-03-13 22:47:33,37.506,20.006,37.4305,37.5061,19.8947,20.0061,37.5,50,0.028384103199913246
2026-03-13 22:47:33,37.405,19.971,37.3902,37.4054,19.8901,19.971,37.5,50,23.408968178593803
2026-03-13 22:47:34,37.446,19.988,37.35,37.4456,19.9222,19.9878,37.5,50,3.352129338641765
2026-03-13 22:47:34,37.466,20.002,37.3902,37.4658,19.9023,20.0015,37.5,50,3.3471101378999895
2026-03-13 22:47:34,37.446,20.024,37.3902,37.4456,19.9268,20.0244,37.5,50,10.265867605789825
2026-03-13 22:47:35,37.425,20.021,37.3902,37.4255,19.9145,20.0214,37.5,50,13.170954511445338
2026-03-13 22:47:35,37.466,20.063,37.3701,37.4658,19.9115,20.0626,37.5,50,1.682436898745217
2026-03-13 22:47:36,37.466,20.002,37.35,37.4658,19.91,20.0015,37.5,50,6.236020342919783
2026-03-13 22:47:36,37.446,19.976,37.35,37.4456,19.9466,19.9756,37.5,50,10.995701999168109
2026-03-13 22:47:37,37.466,19.965,37.3701,37.4658,19.9359,19.9649,37.5,50,4.40243798701175
2026-03-13 22:47:37,37.425,20.058,37.3298,37.4255,19.968,20.058,37.5,50,16.186247832500797
2026-03-13 22:47:38,37.405,19.971,37.3097,37.4054,19.9542,19.971,37.5,50,16.670969326513745
2026-03-13 22:47:38,37.486,20.005,37.3701,37.4859,19.9603,20.0046,37.5,50,0
2026-03-13 22:47:39,37.425,20.021,37.3097,37.4255,20.0153,20.0214,37.5,50,19.027744129006514
2026-03-13 22:47:39,37.446,19.988,37.3701,37.4456,19.9725,19.9878,37.5,50,7.854613863522957
2026-03-13 22:47:40,37.405,20.008,37.3097,37.4054,19.9908,20.0076,37.5,50,19.82077942482665
2026-03-13 22:47:40,37.405,20.032,37.3298,37.4054,19.9802,20.032,37.5,50,15.745623805047732
2026-03-13 22:47:40,37.405,20.044,37.2694,37.4054,19.9619,20.0443,37.5,50,16.097558451327824
2026-03-13 22:47:41,37.466,19.992,37.3298,37.4658,19.9924,19.9893,37.5,50,2.3166438111074026
2026-03-13 22:47:41,37.385,19.98,37.2895,37.3852,19.9771,19.9802,37.5,50,27.79572108364401
2026-03-13 22:47:42,37.385,20.041,37.3298,37.3852,20.0412,20.0046,37.5,50,19.47552184308026
2026-03-13 22:47:42,37.425,20.034,37.2291,37.4255,20.0061,20.0336,37.5,50,10.63510495360282
2026-03-13 22:47:43,37.486,20.066,37.2493,37.4859,20.0092,20.0656,37.5,50,1.0980966513516117
2026-03-13 22:47:43,37.385,20.053,37.1888,37.3852,20.0015,20.0534,37.5,50,31.137796016006504
2026-03-13 22:47:44,37.305,20.034,37.1888,37.3046,20.0015,20.0336,37.5,50,39.19190928053497
2026-03-13 22:47:44,37.39,20.063,37.3902,37.3449,20.061,20.0626,37.5,50,11.585105063081949
2026-03-13 22:47:45,37.385,20.041,37.209,37.3852,19.968,20.0412,37.5,50,22.327107327864532
2026-03-13 22:47:45,37.385,20.07,37.2493,37.3852,20.0702,20.0412,37.5,50,22.213184122520033
2026-03-13 22:47:46,37.385,20.102,37.2895,37.3852,20.0504,20.1022,37.5,50,22.63921054376023
2026-03-13 22:47:46,37.365,20.084,37.2694,37.3651,20.0839,20.0519,37.5,50,27.69846520686534
2026-03-13 22:47:47,37.365,20.095,37.2493,37.3651,20.0946,20.0519,37.5,50,26.039873115199434
2026-03-13 22:47:47,37.385,20.127,37.1687,37.3852,20.0488,20.1266,37.5,50,21.907745883797244
2026-03-13 22:47:47,37.345,20.111,37.2895,37.3449,20.1114,20.0748,37.5,50,33.7585457571219
2026-03-13 22:47:48,37.264,20.078,37.209,37.2644,20.0778,20.0412,37.5,50,48.7803806493818
2026-03-13 22:47:48,37.425,20.131,37.1687,37.4255,20.0977,20.1312,37.5,50,3.617907355054122
2026-03-13 22:47:49,37.425,20.107,37.2493,37.4255,20.1068,20.1068,37.5,50,21.270602595352486
2026-03-13 22:47:49,37.325,20.084,37.2291,37.3248,20.0671,20.0839,37.5,50,44.71034648280681
2026-03-13 22:47:50,37.365,20.113,37.1888,37.3651,20.087,20.1129,37.5,50,25.30093151740642
2026-03-13 22:47:50,37.29,20.111,37.2895,37.2845,20.1114,20.0671,37.5,50,47.49516742684236
2026-03-13 22:47:51,37.345,20.111,37.1888,37.3449,20.087,20.1114,37.5,50,27.432937157145137
2026-03-13 22:47:51,37.345,20.136,37.1687,37.3449,20.1343,20.1358,37.5,50,33.946211443832084
2026-03-13 22:47:52,37.285,20.104,37.209,37.2845,20.1022,20.1038,37.5,50,48.4213184138412
2026-03-13 22:47:52,37.29,20.136,37.2895,37.2845,20.1358,20.116,37.5,50,41.58088412731539
2026-03-13 22:47:53,37.264,20.102,37.1687,37.2644,20.0732,20.1022,37.5,50,48.92222035251705
2026-03-13 22:47:53,37.285,20.14,37.1687,37.2845,20.1099,20.1404,37.5,50,42.12568235714556
2026-03-13 22:47:53,37.345,20.119,37.2493,37.3449,20.119,20.1114,37.5,50,31.288424827548493
2026-03-13 22:47:54,37.325,20.116,37.2291,37.3248,20.116,20.1083,37.5,50,42.97318635682816
2026-03-13 22:47:54,37.325,20.145,37.1687,37.3248,20.1343,20.145,37.5,50,41.46328925106387
2026-03-13 22:47:55,37.244,20.14,37.2291,37.2442,20.1404,20.1114,37.5,50,50
2026-03-13 22:47:55,37.285,20.159,37.1687,37.2845,20.1587,20.1282,37.5,50,43.58184617451848
2026-03-13 22:47:56,37.285,20.262,37.1888,37.2845,20.1236,20.2625,37.5,50,48.80492986892888
2026-03-13 22:47:56,37.264,20.139,37.1888,37.2644,20.1114,20.1389,37.5,50,50
2026-03-13 22:47:57,37.325,20.165,37.2291,37.3248,20.1648,20.1328,37.5,50,38.943165808804125
2026-03-13 22:47:57,37.305,20.124,37.1888,37.3046,20.1236,20.119,37.5,50,50
2026-03-13 22:47:58,37.285,20.128,37.1485,37.2845,20.119,20.1282,37.5,50,50
2026-03-13 22:47:58,37.285,20.128,37.1888,37.2845,20.1236,20.1282,37.5,50,50
2026-03-13 22:47:59,37.285,20.124,37.1888,37.2845,20.1236,20.1038,37.5,50,50
2026-03-13 22:47:59,37.325,20.168,37.1485,37.3248,20.1678,20.1572,37.5,50,44.97102447818131
2026-03-13 22:47:59,37.305,20.166,37.1284,37.3046,20.1663,20.1556,37.5,50,50
2026-03-13 22:48:00,37.305,20.156,37.1888,37.3046,20.148,20.1556,37.5,50,50
2026-03-13 22:48:00,37.345,20.124,37.209,37.3449,20.1144,20.1236,37.5,50,44.59139068868784
2026-03-13 22:48:01,37.285,20.165,37.1284,37.2845,20.1541,20.1648,37.5,50,50
2026-03-13 22:48:01,37.345,20.172,37.1888,37.3449,20.1724,20.148,37.5,50,43.80083922876988
2026-03-13 22:48:02,37.305,20.18,37.1687,37.3046,20.1465,20.1801,37.5,50,50
2026-03-13 22:48:02,37.224,20.159,37.1485,37.2241,20.1068,20.1587,37.5,50,50
2026-03-13 22:48:03,37.285,20.153,37.1485,37.2845,20.119,20.1526,37.5,50,50
2026-03-13 22:48:03,37.345,20.172,37.1284,37.3449,20.1419,20.1724,37.5,50,46.91664952089408
2026-03-13 22:48:04,37.285,20.189,37.1284,37.2845,20.1541,20.1892,37.5,50,50
2026-03-13 22:48:04,37.305,20.168,37.2694,37.3046,20.1572,20.1678,37.5,50,50
2026-03-13 22:48:05,37.305,20.204,37.1687,37.3046,20.1465,20.2045,37.5,50,50
2026-03-13 22:48:05,37.345,20.16,37.1687,37.3449,20.1221,20.1602,37.5,50,50
2026-03-13 22:48:06,37.325,20.218,37.1888,37.3248,20.1114,20.2182,37.5,50,50
2026-03-13 22:48:06,37.325,20.194,37.2493,37.3248,20.1312,20.1938,37.5,50,50
2026-03-13 22:48:06,37.204,20.18,37.1485,37.2039,20.1434,20.1801,37.5,50,50
2026-03-13 22:48:07,37.264,20.212,37.209,37.2644,20.1633,20.2121,37.5,50,50
2026-03-13 22:48:07,37.189,20.203,37.1888,37.1838,20.148,20.2029,37.5,50,50
2026-03-13 22:48:08,37.244,20.172,37.1284,37.2442,20.1053,20.1724,37.5,50,50
2026-03-13 22:48:08,37.264,20.188,37.1687,37.2644,20.0977,20.1877,37.5,50,50
2026-03-13 22:48:09,37.285,20.165,37.2291,37.2845,20.0916,20.1648,37.5,50,50
2026-03-13 22:48:09,37.244,20.185,37.1888,37.2442,20.148,20.1846,37.5,50,50
2026-03-13 22:48:10,37.325,20.194,37.209,37.3248,20.1389,20.1938,37.5,50,50
2026-03-13 22:48:10,37.285,20.201,37.1687,37.2845,20.1343,20.2014,37.5,50,50
2026-03-13 22:48:11,37.244,20.197,37.1284,37.2442,20.0687,20.1968,37.5,50,50
2026-03-13 22:48:11,37.305,20.192,37.2694,37.3046,20.145,20.1923,37.5,50,50
2026-03-13 22:48:12,37.224,20.134,37.1687,37.2241,20.0855,20.1343,37.5,50,50
2026-03-13 22:48:12,37.285,20.238,37.2694,37.2845,20.1328,20.238,37.5,50,50
2026-03-13 22:48:12,37.305,20.217,37.209,37.3046,20.0778,20.2167,37.5,50,50
2026-03-13 22:48:13,37.305,20.204,37.2694,37.3046,20.0473,20.2045,37.5,50,50
2026-03-13 22:48:13,37.285,20.189,37.209,37.2845,20.1144,20.1892,37.5,50,50
2026-03-13 22:48:14,37.325,20.157,37.209,37.3248,20.09,20.1572,37.5,50,50
2026-03-13 22:48:14,37.285,20.189,37.2694,37.2845,20.0595,20.1892,37.5,50,50
2026-03-13 22:48:15,37.224,20.122,37.209,37.2241,20.09,20.1221,37.5,50,50
2026-03-13 22:48:15,37.29,20.151,37.2895,37.2644,20.0381,20.1511,37.5,50,50
2026-03-13 22:48:16,37.264,20.127,37.2291,37.2644,20.0549,20.1266,37.5,50,50
2026-03-13 22:48:16,37.325,20.145,37.2493,37.3248,20.0702,20.145,37.5,50,50
2026-03-13 22:48:17,37.385,20.151,37.2895,37.3852,20.0748,20.1511,37.5,50,50
2026-03-13 22:48:17,37.31,20.11,37.3097,37.2241,20.0763,20.1099,37.5,50,50
2026-03-13 22:48:18,37.285,20.165,37.209,37.2845,20.0412,20.1648,37.5,50,50
2026-03-13 22:48:18,37.29,20.134,37.2895,37.2241,20.0626,20.1343,37.5,50,50
2026-03-13 22:48:18,37.325,20.145,37.2291,37.3248,20.0671,20.145,37.5,50,50
2026-03-13 22:48:19,37.29,20.075,37.2895,37.2442,20.0626,20.0748,37.5,50,50
2026-03-13 22:48:19,37.305,20.131,37.2694,37.3046,20.0473,20.1312,37.5,50,50
2026-03-13 22:48:20,37.29,20.102,37.2895,37.2644,20.0381,20.1022,37.5,50,50
2026-03-13 22:48:20,37.269,20.124,37.2694,37.2442,20.0229,20.1236,37.5,50,50
2026-03-13 22:48:21,37.33,20.121,37.3298,37.3248,20.0168,20.1205,37.5,50,50
2026-03-13 22:48:21,37.365,20.137,37.2895,37.3651,20.0137,20.1373,37.5,50,50
2026-03-13 22:48:22,37.345,20.148,37.209,37.3449,20.0168,20.148,37.5,50,50
2026-03-13 22:48:22,37.33,20.153,37.3298,37.2845,19.9924,20.1526,37.5,50,50
2026-03-13 22:48:23,37.37,20.159,37.3701,37.2241,19.9725,20.1587,37.5,50,50
2026-03-13 22:48:23,37.345,20.148,37.2895,37.3449,19.9771,20.148,37.5,50,50
2026-03-13 22:48:24,37.365,20.101,37.2493,37.3651,20.0092,20.1007,37.5,50,50
2026-03-13 22:48:24,37.31,20.177,37.3097,37.2845,19.9786,20.177,37.5,50,50
2026-03-13 22:48:24,37.345,20.148,37.3298,37.3449,19.968,20.148,37.5,50,50
2026-03-13 22:48:25,37.31,20.163,37.3097,37.2644,19.9664,20.1633,37.5,50,50
2026-03-13 22:48:25,37.37,20.15,37.3701,37.3651,19.9359,20.1495,37.5,50,50
2026-03-13 22:48:26,37.35,20.108,37.35,37.3248,19.9832,20.1083,37.5,50,50
2026-03-13 22:48:26,37.35,20.07,37.35,37.3046,19.9344,20.0702,37.5,50,50
2026-03-13 22:48:27,37.385,20.139,37.35,37.3852,19.971,20.1389,37.5,50,50
2026-03-13 22:48:27,37.385,20.127,37.3097,37.3852,19.8932,20.1266,37.5,50,50
2026-03-13 22:48:28,37.365,20.101,37.3298,37.3651,19.9313,20.1007,37.5,50,50
2026-03-13 22:48:28,37.35,20.06,37.35,37.3248,19.9344,20.0595,37.5,50,50
2026-03-13 22:48:29,37.425,20.082,37.3902,37.4255,19.9145,20.0824,37.5,50,50
2026-03-13 22:48:29,37.37,20.137,37.3701,37.3651,19.9237,20.1373,37.5,50,50
2026-03-13 22:48:30,37.41,20.082,37.4104,37.3046,19.8795,20.0824,37.5,50,50
2026-03-13 22:48:30,37.37,20.063,37.3701,37.3449,19.9237,20.0626,37.5,50,50
2026-03-13 22:48:31,37.37,20.047,37.3701,37.3248,19.9115,20.0473,37.5,50,50
2026-03-13 22:48:31,37.37,20.137,37.3701,37.3651,19.8993,20.1373,37.5,50,50
2026-03-13 22:48:31,37.466,20.075,37.4305,37.4658,19.8825,20.0748,37.5,50,43.71667107982456
2026-03-13 22:48:32,37.405,20.093,37.35,37.4054,19.8734,20.0931,37.5,50,50
2026-03-13 22:48:32,37.41,20.114,37.4104,37.3852,19.8795,20.1144,37.5,50,50
2026-03-13 22:48:33,37.37,20.05,37.3701,37.3449,19.8749,20.0504,37.5,50,50
2026-03-13 22:48:33,37.37,20.038,37.3701,37.3449,19.8993,20.0381,37.5,50,50
2026-03-13 22:48:34,37.431,20.05,37.4305,37.3449,19.8215,20.0504,37.5,50,50
2026-03-13 22:48:34,37.405,20.02,37.3701,37.4054,19.8627,20.0198,37.5,50,50
2026-03-13 22:48:35,37.451,20.027,37.4507,37.3651,19.823,20.0275,37.5,50,50
2026-03-13 22:48:35,37.431,19.983,37.4305,37.4054,19.8703,19.9832,37.5,50,50
2026-03-13 22:48:36,37.511,19.997,37.5111,37.4255,19.8535,19.9969,37.5,50,40.002224638134344
2026-03-13 22:48:36,37.431,19.997,37.4305,37.4255,19.8215,19.9969,37.5,50,50
2026-03-13 22:48:37,37.511,20.095,37.5111,37.4255,19.8047,20.0946,37.5,50,40.003128229401696
2026-03-13 22:48:37,37.451,20.034,37.4507,37.4255,19.823,20.0336,37.5,50,50
2026-03-13 22:48:37,37.471,20.049,37.4708,37.4456,19.8245,20.0488,37.5,50,50
2026-03-13 22:48:38,37.506,20.055,37.4507,37.5061,19.7864,20.0549,37.5,50,45.478502370344415
2026-03-13 22:48:38,37.471,20.05,37.4708,37.4658,19.8123,20.0504,37.5,50,50
2026-03-13 22:48:39,37.511,20.005,37.5111,37.3852,19.8291,20.0046,37.5,50,44.31922244361677
2026-03-13 22:48:39,37.451,19.98,37.4507,37.3852,19.8108,19.9802,37.5,50,50
2026-03-13 22:48:40,37.491,20.002,37.491,37.4658,19.791,20.0015,37.5,50,46.76032534545378
2026-03-13 22:48:40,37.491,20.003,37.491,37.3651,19.8154,20.0031,37.5,50,50
2026-03-13 22:48:41,37.551,19.977,37.5514,37.4658,19.7726,19.9771,37.5,50,37.21013439633669
2026-03-13 22:48:41,37.531,19.988,37.5312,37.4456,19.7955,19.9878,37.5,50,48.136498489941374
2026-03-13 22:48:42,37.491,19.985,37.491,37.4255,19.7665,19.9847,37.5,50,50
2026-03-13 22:48:42,37.506,19.969,37.4708,37.5061,19.7391,19.9695,37.5,50,47.36702357296958
2026-03-13 22:48:43,37.551,20.029,37.5514,37.3852,19.736,20.029,37.5,50,38.53868597297954
2026-03-13 22:48:43,37.572,19.965,37.5715,37.4658,19.7757,19.9649,37.5,50,38.34399440650961
2026-03-13 22:48:43,37.531,19.951,37.5312,37.4456,19.7589,19.9512,37.5,50,49.84352638323186
2026-03-13 22:48:44,37.612,19.973,37.6118,37.4255,19.7559,19.9725,37.5,50,26.53734822412192
2026-03-13 22:48:44,37.572,19.959,37.5715,37.5262,19.7391,19.9588,37.5,50,44.134439827235
2026-03-13 22:48:45,37.572,19.945,37.5715,37.5061,19.7147,19.9451,37.5,50,39.548778804927444
2026-03-13 22:48:45,37.592,19.976,37.5917,37.4456,19.7284,19.9756,37.5,50,34.64855372539037
2026-03-13 22:48:46,37.511,19.965,37.5111,37.4658,19.707,19.9649,37.5,50,50
2026-03-13 22:48:46,37.551,19.933,37.5514,37.5061,19.675,19.9329,37.5,50,37.17952045895388
2026-03-13 22:48:47,37.572,19.931,37.5715,37.4859,19.7147,19.9313,37.5,50,36.44468662599174
2026-03-13 22:48:47,37.511,19.959,37.5111,37.4054,19.7192,19.9588,37.5,50,50
2026-03-13 22:48:48,37.592,19.944,37.5917,37.4859,19.6796,19.9435,37.5,50,27.185743338044077
2026-03-13 22:48:48,37.511,19.94,37.5111,37.4658,19.6704,19.9405,37.5,50,50
2026-03-13 22:48:49,37.632,20.006,37.632,37.5061,19.7086,20.0061,37.5,50,17.53784302915974
2026-03-13 22:48:49,37.572,19.922,37.5715,37.5262,19.6902,19.9222,37.5,50,44.00936000209817
2026-03-13 22:48:50,37.612,19.937,37.6118,37.5463,19.6948,19.9374,37.5,50,28.00019077781877
2026-03-13 22:48:50,37.652,19.916,37.6521,37.4658,19.6735,19.9161,37.5,50,22.636814491141482
2026-03-13 22:48:50,37.652,19.944,37.6521,37.6068,19.6857,19.9435,37.5,50,26.391765561207606
2026-03-13 22:48:51,37.632,19.968,37.632,37.4859,19.6353,19.968,37.5,50,30.462216876798433
2026-03-13 22:48:51,37.632,19.968,37.632,37.6068,19.6597,19.968,37.5,50,27.813659728504014
2026-03-13 22:48:52,37.672,19.953,37.6722,37.4658,19.6521,19.9527,37.5,50,18.057882107080186
2026-03-13 22:48:52,37.652,19.907,37.6521,37.4859,19.6246,19.9069,37.5,50,26.372698434145267
2026-03-13 22:48:53,37.632,19.979,37.632,37.5866,19.6719,19.9786,37.5,50,28.2835470560829
2026-03-13 22:48:53,37.652,19.921,37.6521,37.5061,19.6368,19.9207,37.5,50,21.002203275405435
2026-03-13 22:48:54,37.632,19.896,37.632,37.5061,19.5743,19.8962,37.5,50,27.226307649727243
2026-03-13 22:48:54,37.672,19.91,37.6722,37.6269,19.6033,19.91,37.5,50,15.314937514479649
2026-03-13 22:48:55,37.632,19.939,37.632,37.5665,19.6231,19.939,37.5,50,28.264093636757302
2026-03-13 22:48:55,37.652,19.895,37.6521,37.4859,19.6368,19.8947,37.5,50,18.823152986148994
2026-03-13 22:48:56,37.632,19.956,37.632,37.6068,19.6231,19.9557,37.5,50,25.05168346409552
2026-03-13 22:48:56,37.652,19.911,37.6521,37.6471,19.5758,19.9115,37.5,50,17.769662201907494
2026-03-13 22:48:56,37.632,19.893,37.632,37.5866,19.5987,19.8932,37.5,50,23.999733199610038
2026-03-13 22:48:57,37.672,19.899,37.6722,37.6471,19.6033,19.8993,37.5,50,12.083850233373845
2026-03-13 22:48:57,37.652,19.878,37.6521,37.5665,19.6002,19.8779,37.5,50,20.399687009521397
2026-03-13 22:48:58,37.652,19.883,37.6521,37.6068,19.5758,19.8825,37.5,50,17.676993324087753
2026-03-13 22:48:58,37.713,19.866,37.7125,37.5665,19.5956,19.8657,37.5,50,2.980581421793299
2026-03-13 22:48:59,37.632,19.902,37.632,37.5665,19.5743,19.9023,37.5,50,27.546168110873587
2026-03-13 22:48:59,37.632,19.915,37.632,37.5665,19.5377,19.9145,37.5,50,18.3101836557519
2026-03-13 22:49:00,37.713,19.841,37.7125,37.5665,19.5712,19.8413,37.5,50,0
2026-03-13 22:49:00,37.692,19.817,37.6924,37.5665,19.5682,19.8169,37.5,50,11.877967054031732
2026-03-13 22:49:01,37.733,19.834,37.7327,37.6068,19.585,19.8337,37.5,50,0
2026-03-13 22:49:01,37.753,19.841,37.7528,37.5665,19.588,19.8413,37.5,50,0
2026-03-13 22:49:02,37.713,19.861,37.7125,37.6269,19.5712,19.8611,37.5,50,8.818222378756985
2026-03-13 22:49:02,37.672,19.825,37.6722,37.6269,19.5422,19.8245,37.5,50,13.210363645486197
2026-03-13 22:49:02,37.692,19.825,37.6924,37.6269,19.5315,19.8245,37.5,50,3.5120627593130447
2026-03-13 22:49:03,37.672,19.792,37.6722,37.5665,19.5544,19.7925,37.5,50,9.594926424986907
2026-03-13 22:49:03,37.713,19.805,37.7125,37.5665,19.5346,19.8047,37.5,50,0
2026-03-13 22:49:04,37.773,19.825,37.7729,37.6269,19.5407,19.8245,37.5,50,0
2026-03-13 22:49:04,37.753,19.8,37.7528,37.6269,19.5514,19.8001,37.5,50,0
2026-03-13 22:49:05,37.773,19.828,37.7729,37.5463,19.5407,19.8276,37.5,50,0
2026-03-13 22:49:05,37.753,19.883,37.7528,37.6068,19.5636,19.8825,37.5,50,0
2026-03-13 22:49:06,37.713,19.789,37.7125,37.6471,19.5712,19.7894,37.5,50,1.3580324072742913
2026-03-13 22:49:06,37.713,19.846,37.7125,37.6068,19.5102,19.8459,37.5,50,0
2026-03-13 22:49:07,37.713,19.844,37.7125,37.5866,19.5712,19.8444,37.5,50,0
2026-03-13 22:49:07,37.733,19.861,37.7327,37.5262,19.5605,19.8611,37.5,50,0
2026-03-13 22:49:08,37.672,19.841,37.6722,37.5665,19.5422,19.8413,37.5,50,5.466793761104813
2026-03-13 22:49:08,37.753,19.893,37.7528,37.5866,19.5758,19.8932,37.5,50,0
2026-03-13 22:49:08,37.692,19.826,37.6924,37.6471,19.5804,19.826,37.5,50,1.4164165176409709
2026-03-13 22:49:09,37.692,19.783,37.6924,37.5866,19.5315,19.7833,37.5,50,0
2026-03-13 22:49:09,37.692,19.895,37.6924,37.6068,19.4949,19.8947,37.5,50,0
2026-03-13 22:49:10,37.672,19.773,37.6722,37.6068,19.5422,19.7726,37.5,50,0
2026-03-13 22:49:10,37.733,19.837,37.7327,37.6269,19.5239,19.8367,37.5,50,0
2026-03-13 22:49:11,37.713,19.829,37.7125,37.5665,19.559,19.8291,37.5,50,0
2026-03-13 22:49:11,37.672,19.817,37.6722,37.5665,19.5422,19.8169,37.5,50,0
2026-03-13 22:49:12,37.692,19.854,37.6924,37.5665,19.5682,19.8535,37.5,50,0
2026-03-13 22:49:12,37.733,19.82,37.7327,37.5866,19.5605,19.8199,37.5,50,0
2026-03-13 22:49:13,37.692,19.825,37.6924,37.6269,19.5438,19.8245,37.5,50,0
2026-03-13 22:49:13,37.672,19.788,37.6722,37.6269,19.5544,19.7879,37.5,50,0
2026-03-13 22:49:14,37.713,19.825,37.7125,37.6269,19.559,19.8245,37.5,50,0
2026-03-13 22:49:14,37.692,19.8,37.6924,37.6269,19.5926,19.8001,37.5,50,0
2026-03-13 22:49:15,37.672,19.792,37.6722,37.5665,19.5911,19.7925,37.5,50,0
2026-03-13 22:49:15,37.672,19.802,37.6722,37.6471,19.5666,19.8016,37.5,50,0
2026-03-13 22:49:15,37.692,19.768,37.6924,37.5665,19.556,19.7681,37.5,50,0
2026-03-13 22:49:16,37.687,19.843,37.6722,37.6873,19.6033,19.8428,37.5,50,0
2026-03-13 22:49:16,37.672,19.809,37.6722,37.6068,19.5666,19.8093,37.5,50,0
2026-03-13 22:49:17,37.672,19.796,37.6722,37.5866,19.5544,19.7955,37.5,50,0
2026-03-13 22:49:17,37.692,19.785,37.6924,37.6068,19.5682,19.7848,37.5,50,0
2026-03-13 22:49:18,37.632,19.829,37.632,37.5665,19.5499,19.8291,37.5,50,0
2026-03-13 22:49:18,37.632,19.808,37.632,37.5866,19.5865,19.8077,37.5,50,0
2026-03-13 22:49:19,37.652,19.792,37.6521,37.5665,19.6002,19.7925,37.5,50,0
2026-03-13 22:49:19,37.632,19.768,37.632,37.5665,19.5377,19.7681,37.5,50,0
2026-03-13 22:49:20,37.612,19.785,37.6118,37.6068,19.5483,19.7848,37.5,50,0
2026-03-13 22:49:20,37.672,19.805,37.6722,37.5665,19.5422,19.8047,37.5,50,0
2026-03-13 22:49:21,37.647,19.814,37.5917,37.6471,19.5697,19.8138,37.5,50,0
2026-03-13 22:49:21,37.632,19.808,37.632,37.5866,19.5987,19.8077,37.5,50,0
2026-03-13 22:49:21,37.672,19.825,37.6722,37.6269,19.5789,19.8245,37.5,50,0
2026-03-13 22:49:22,37.627,19.8,37.5917,37.6269,19.6063,19.8001,37.5,50,0
2026-03-13 22:49:22,37.632,19.773,37.632,37.6068,19.5865,19.7726,37.5,50,0
2026-03-13 22:49:23,37.652,19.829,37.6521,37.5665,19.6124,19.8291,37.5,50,0
2026-03-13 22:49:23,37.652,19.783,37.6521,37.5866,19.6124,19.7833,37.5,50,0
2026-03-13 22:49:24,37.612,19.821,37.6118,37.6068,19.585,19.8215,37.5,50,0
2026-03-13 22:49:24,37.607,19.858,37.5917,37.6068,19.6185,19.8581,37.5,50,0
2026-03-13 22:49:25,37.612,19.869,37.6118,37.5866,19.6216,19.8688,37.5,50,0
2026-03-13 22:49:25,37.632,19.803,37.632,37.5463,19.5865,19.8032,37.5,50,0
2026-03-13 22:49:26,37.607,19.809,37.5715,37.6068,19.6292,19.8093,37.5,50,0
2026-03-13 22:49:26,37.647,19.96,37.6118,37.6471,19.6582,19.9603,37.5,50,0
2026-03-13 22:49:27,37.587,19.857,37.5312,37.5866,19.6124,19.8566,37.5,50,0
2026-03-13 22:49:27,37.526,19.837,37.491,37.5262,19.6445,19.8367,37.5,50,3.4653155503792403
2026-03-13 22:49:27,37.632,19.852,37.632,37.5463,19.6353,19.852,37.5,50,0
2026-03-13 22:49:28,37.652,19.876,37.6521,37.5463,19.649,19.8764,37.5,50,0
2026-03-13 22:49:28,37.592,19.857,37.5917,37.5866,19.6307,19.8566,37.5,50,0
2026-03-13 22:49:29,37.572,19.799,37.5715,37.5061,19.6658,19.7986,37.5,50,0
2026-03-13 22:49:29,37.592,19.817,37.5917,37.5665,19.6796,19.8169,37.5,50,0
2026-03-13 22:49:30,37.592,19.86,37.5917,37.5061,19.6918,19.8596,37.5,50,0
2026-03-13 22:49:30,37.587,19.869,37.5715,37.5866,19.678,19.8688,37.5,50,0
2026-03-13 22:49:31,37.546,19.852,37.5312,37.5463,19.6979,19.852,37.5,50,0
2026-03-13 22:49:31,37.566,19.89,37.4708,37.5665,19.678,19.8901,37.5,50,0
2026-03-13 22:49:32,37.592,19.884,37.5917,37.5061,19.6796,19.884,37.5,50,0
2026-03-13 22:49:32,37.546,19.852,37.5312,37.5463,19.6735,19.852,37.5,50,0
2026-03-13 22:49:33,37.612,19.898,37.6118,37.5262,19.6948,19.8978,37.5,50,0
2026-03-13 22:49:33,37.592,19.878,37.5917,37.5665,19.6796,19.8779,37.5,50,0
2026-03-13 22:49:34,37.551,19.895,37.5514,37.4859,19.6872,19.8947,37.5,50,0
2026-03-13 22:49:34,37.551,19.876,37.5514,37.5463,19.7238,19.8764,37.5,50,0
2026-03-13 22:49:34,37.531,19.86,37.5312,37.5061,19.6979,19.8596,37.5,50,0
2026-03-13 22:49:35,37.566,19.878,37.5312,37.5665,19.7345,19.8779,37.5,50,0
2026-03-13 22:49:35,37.511,19.879,37.5111,37.4658,19.7559,19.8795,37.5,50,4.618979375469126
2026-03-13 22:49:36,37.531,19.849,37.5312,37.5262,19.7467,19.8489,37.5,50,0
2026-03-13 22:49:36,37.627,19.886,37.5111,37.6269,19.707,19.8856,37.5,50,0
2026-03-13 22:49:37,37.566,19.878,37.5111,37.5665,19.7314,19.8779,37.5,50,0
2026-03-13 22:49:37,37.491,19.87,37.491,37.4859,19.7299,19.8703,37.5,50,9.211872055996938
2026-03-13 22:49:38,37.526,19.898,37.5111,37.5262,19.7436,19.8978,37.5,50,0
2026-03-13 22:49:38,37.526,19.898,37.491,37.5262,19.7299,19.8978,37.5,50,0
2026-03-13 22:49:39,37.566,19.854,37.4708,37.5665,19.7513,19.8535,37.5,50,0
2026-03-13 22:49:39,37.511,19.87,37.5111,37.4859,19.7559,19.8703,37.5,50,4.618170178511422
2026-03-13 22:49:40,37.551,19.846,37.5514,37.4859,19.7604,19.8459,37.5,50,0
2026-03-13 22:49:40,37.531,19.858,37.5312,37.4859,19.7711,19.8581,37.5,50,0
2026-03-13 22:49:40,37.486,19.895,37.4507,37.4859,19.7864,19.8947,37.5,50,6.591026349936024
2026-03-13 22:49:41,37.506,19.896,37.4708,37.5061,19.7757,19.8962,37.5,50,0
2026-03-13 22:49:41,37.446,19.878,37.3902,37.4456,19.7803,19.8779,37.5,50,13.188570271907132
2026-03-13 22:49:42,37.506,19.921,37.4708,37.5061,19.7635,19.9207,37.5,50,0
2026-03-13 22:49:42,37.431,19.886,37.4305,37.4054,19.7604,19.8856,37.5,50,16.841824210210234
2026-03-13 22:49:43,37.526,19.91,37.3701,37.5262,19.765,19.91,37.5,50,0
2026-03-13 22:49:43,37.471,19.873,37.4708,37.4054,19.8001,19.8734,37.5,50,9.892807144513679
2026-03-13 22:49:44,37.466,19.916,37.4104,37.4658,19.7574,19.9161,37.5,50,5.21968811075261
2026-03-13 22:49:44,37.431,19.886,37.4305,37.4054,19.8459,19.8856,37.5,50,12.914635732847579
2026-03-13 22:49:45,37.526,19.91,37.4507,37.5262,19.8474,19.91,37.5,50,0
2026-03-13 22:49:45,37.546,19.925,37.4305,37.5463,19.8337,19.9252,37.5,50,0
2026-03-13 22:49:46,37.486,19.919,37.3902,37.4859,19.7803,19.9191,37.5,50,8.799331062092602
2026-03-13 22:49:46,37.486,19.931,37.3701,37.4859,19.826,19.9313,37.5,50,2.3727918144081763
2026-03-13 22:49:46,37.431,19.968,37.4305,37.3852,19.8581,19.968,37.5,50,15.167560585225342
2026-03-13 22:49:47,37.446,20.012,37.4104,37.4456,19.8306,20.0122,37.5,50,6.00850758220218
2026-03-13 22:49:47,37.506,19.933,37.3902,37.5061,19.8657,19.9329,37.5,50,0
2026-03-13 22:49:48,37.526,19.947,37.4104,37.5262,19.8428,19.9466,37.5,50,0
2026-03-13 22:49:48,37.446,19.951,37.3701,37.4456,19.8627,19.9512,37.5,50,16.34680711252352
2026-03-13 22:49:49,37.39,19.954,37.3902,37.3651,19.8535,19.9542,37.5,50,20.884004554811874
2026-03-13 22:49:49,37.425,19.948,37.3701,37.4255,19.8749,19.9481,37.5,50,7.136973441640906
2026-03-13 22:49:50,37.405,19.959,37.3298,37.4054,19.8581,19.9588,37.5,50,15.825126152751439
2026-03-13 22:49:50,37.425,19.997,37.3902,37.4255,19.8901,19.9969,37.5,50,9.386183560131219
2026-03-13 22:49:51,37.41,19.956,37.4104,37.3852,19.8917,19.9557,37.5,50,15.298655658851173
2026-03-13 22:49:51,37.405,19.934,37.3298,37.4054,19.8703,19.9344,37.5,50,15.17061678283578
2026-03-13 22:49:52,37.405,19.995,37.35,37.4054,19.8734,19.9954,37.5,50,14.98272443281532
2026-03-13 22:49:52,37.385,19.956,37.3298,37.3852,19.8703,19.9557,37.5,50,19.967984294021193
2026-03-13 22:49:52,37.405,19.959,37.3701,37.4054,19.8871,19.9588,37.5,50,13.601056219555156
2026-03-13 22:49:53,37.385,20.005,37.2694,37.3852,19.9252,20.0046,37.5,50,20.746227637593698
2026-03-13 22:49:53,37.35,19.998,37.35,37.3248,19.8611,19.9985,37.5,50,27.121613500087076
2026-03-13 22:49:54,37.425,19.985,37.3298,37.4255,19.9191,19.9847,37.5,50,6.529052771047445
2026-03-13 22:49:54,37.425,20.009,37.3298,37.4255,19.9435,20.0092,37.5,50,14.89832220297599
2026-03-13 22:49:55,37.405,20.008,37.3097,37.4054,19.9176,20.0076,37.5,50,19.80977581172921
2026-03-13 22:49:55,37.345,19.965,37.2895,37.3449,19.9283,19.9649,37.5,50,31.90177276532801
2026-03-13 22:49:56,37.325,19.986,37.2291,37.3248,19.9451,19.9863,37.5,50,30.631955410018545
2026-03-13 22:49:56,37.446,20.0,37.3298,37.4456,19.9313,20.0,37.5,50,1.0892491023297115
2026-03-13 22:49:57,37.385,19.98,37.35,37.3852,19.971,19.9802,37.5,50,28.485961547613716
2026-03-13 22:49:57,37.385,20.041,37.209,37.3852,19.9557,20.0412,37.5,50,22.32518276049583
2026-03-13 22:49:58,37.385,20.066,37.3298,37.3852,19.9557,20.0656,37.5,50,22.75122762129598
2026-03-13 22:49:58,37.345,20.026,37.3097,37.3449,19.9298,20.0259,37.5,50,32.44404206028629
2026-03-13 22:49:59,37.345,20.026,37.2694,37.3449,19.9252,20.0259,37.5,50,28.699700375495695
2026-03-13 22:49:59,37.385,20.041,37.2493,37.3852,19.9481,20.0412,37.5,50,20.007482635290426
2026-03-13 22:49:59,37.405,20.02,37.2291,37.4054,20.0061,20.0198,37.5,50,20.118271251633438
2026-03-13 22:50:00,37.345,20.087,37.2291,37.3449,19.9573,20.087,37.5,50,36.530657293549424
2026-03-13 22:50:00,37.285,19.982,37.2291,37.2845,19.9329,19.9817,37.5,50,44.52691656415238
2026-03-13 22:50:01,37.345,20.002,37.2895,37.3449,20.0015,20.0015,37.5,50,24.944099657842383
2026-03-13 22:50:01,37.365,20.027,37.2493,37.3651,20.0092,20.0275,37.5,50,27.36602901095372
2026-03-13 22:50:02,37.385,19.992,37.3097,37.3852,19.9664,19.9924,37.5,50,25.390562271375174
2026-03-13 22:50:02,37.264,20.029,37.2291,37.2644,19.9817,20.029,37.5,50,50
2026-03-13 22:50:03,37.285,20.067,37.209,37.2845,19.9924,20.0671,37.5,50,38.95404942300076
2026-03-13 22:50:03,37.285,20.067,37.209,37.2845,19.9924,20.0671,37.5,50,42.01734314654437
2026-03-13 22:50:04,37.365,20.027,37.2694,37.3651,20.0107,20.0275,37.5,50,24.283000159458272
2026-03-13 22:50:04,37.345,20.063,37.2493,37.3449,20.0336,20.0626,37.5,50,38.05088822963267
2026-03-13 22:50:05,37.285,20.031,37.2291,37.2845,20.0183,20.0305,37.5,50,50
2026-03-13 22:50:05,37.325,20.096,37.2291,37.3248,20.0183,20.0961,37.5,50,35.419307852816274
2026-03-13 22:50:05,37.385,20.102,37.1888,37.3852,19.9649,20.1022,37.5,50,26.484905546872447
2026-03-13 22:50:06,37.345,20.087,37.2291,37.3449,20.0061,20.087,37.5,50,42.65637073087246
2026-03-13 22:50:06,37.385,20.078,37.2291,37.3852,20.0061,20.0778,37.5,50,29.645364149446166
2026-03-13 22:50:07,37.244,20.075,37.1888,37.2442,20.0381,20.0748,37.5,50,50
2026-03-13 22:50:07,37.285,20.055,37.2291,37.2845,20.0305,20.0549,37.5,50,43.28223346699775
2026-03-13 22:50:08,37.305,20.058,37.209,37.3046,20.0412,20.058,37.5,50,43.872014084851216
2026-03-13 22:50:08,37.345,20.087,37.209,37.3449,20.029,20.087,37.5,50,37.48731140955042
2026-03-13 22:50:09,37.264,20.09,37.1687,37.2644,20.0488,20.09,37.5,50,50
2026-03-13 22:50:09,37.345,20.075,37.209,37.3449,20.0168,20.0748,37.5,50,34.5123444032955
2026-03-13 22:50:10,37.325,20.133,37.1485,37.3248,20.0214,20.1328,37.5,50,48.46256332935437
2026-03-13 22:50:10,37.285,20.104,37.2291,37.2845,20.0061,20.1038,37.5,50,50
2026-03-13 22:50:11,37.305,20.18,37.1083,37.3046,20.0061,20.1801,37.5,50,48.0637278709698
2026-03-13 22:50:11,37.249,20.075,37.2493,37.2442,20.0458,20.0748,37.5,50,50
2026-03-13 22:50:11,37.305,20.131,37.1284,37.3046,20.032,20.1312,37.5,50,45.83013525859754
2026-03-13 22:50:12,37.229,20.143,37.2291,37.2039,20.0427,20.1434,37.5,50,50
2026-03-13 22:50:12,37.305,20.07,37.1284,37.3046,20.0198,20.0702,37.5,50,45.39662064530886
2026-03-13 22:50:13,37.229,20.095,37.2291,37.2039,20.0427,20.0946,37.5,50,50
2026-03-13 22:50:13,37.305,20.07,37.2493,37.3046,20.0702,20.0702,37.5,50,47.1215910901048
2026-03-13 22:50:14,37.269,20.163,37.2694,37.2644,20.0717,20.1633,37.5,50,50
2026-03-13 22:50:14,37.224,20.171,37.1485,37.2241,20.0336,20.1709,37.5,50,50
2026-03-13 22:50:15,37.264,20.09,37.1687,37.2644,20.0244,20.09,37.5,50,50
2026-03-13 22:50:15,37.285,20.079,37.209,37.2845,20.0412,20.0793,37.5,50,50
2026-03-13 22:50:16,37.264,20.102,37.209,37.2644,20.029,20.1022,37.5,50,50
2026-03-13 22:50:16,37.249,20.07,37.2493,37.2039,20.058,20.0702,37.5,50,50
2026-03-13 22:50:17,37.264,20.09,37.2493,37.2644,20.0336,20.09,37.5,50,50
2026-03-13 22:50:17,37.285,20.092,37.1284,37.2845,20.0198,20.0916,37.5,50,50
2026-03-13 22:50:18,37.264,20.078,37.2291,37.2644,20.0671,20.0778,37.5,50,50
2026-03-13 22:50:18,37.264,20.102,37.2493,37.2644,20.0458,20.1022,37.5,50,50
2026-03-13 22:50:18,37.345,20.233,37.209,37.3449,20.0412,20.2335,37.5,50,50
2026-03-13 22:50:19,37.365,20.089,37.2493,37.3651,20.058,20.0885,37.5,50,50
2026-03-13 22:50:19,37.345,20.099,37.1485,37.3449,20.0336,20.0992,37.5,50,50
2026-03-13 22:50:20,37.405,20.081,37.1485,37.4054,20.0214,20.0809,37.5,50,47.62270033897956
2026-03-13 22:50:20,37.31,20.099,37.3097,37.2442,20.0275,20.0992,37.5,50,50
2026-03-13 22:50:21,37.345,20.148,37.1888,37.3449,20.0259,20.148,37.5,50,50
2026-03-13 22:50:21,37.264,20.053,37.2493,37.2644,20.0336,20.0534,37.5,50,50
2026-03-13 22:50:22,37.285,20.104,37.209,37.2845,19.9924,20.1038,37.5,50,50
2026-03-13 22:50:22,37.244,20.124,37.2291,37.2442,19.9939,20.1236,37.5,50,50
2026-03-13 22:50:23,37.285,20.153,37.2493,37.2845,19.9725,20.1526,37.5,50,50
2026-03-13 22:50:23,37.305,20.07,37.209,37.3046,20.0046,20.0702,37.5,50,50
2026-03-13 22:50:24,37.269,20.066,37.2694,37.2644,20.0107,20.0656,37.5,50,50
2026-03-13 22:50:24,37.305,20.082,37.2694,37.3046,20.0107,20.0824,37.5,50,50
2026-03-13 22:50:24,37.305,20.119,37.2493,37.3046,19.9847,20.119,37.5,50,50
2026-03-13 22:50:25,37.269,20.073,37.2694,37.2241,19.9741,20.0732,37.5,50,50
2026-03-13 22:50:25,37.365,20.076,37.2895,37.3651,20.0137,20.0763,37.5,50,50
2026-03-13 22:50:26,37.325,20.011,37.3097,37.3248,19.9908,20.0107,37.5,50,50
2026-03-13 22:50:26,37.305,20.046,37.2493,37.3046,19.9969,20.0458,37.5,50,50
2026-03-13 22:50:27,37.29,20.116,37.2895,37.2845,19.9649,20.116,37.5,50,50
2026-03-13 22:50:27,37.385,20.078,37.1687,37.3852,19.9756,20.0778,37.5,50,50
2026-03-13 22:50:28,37.325,20.121,37.2493,37.3248,20.0336,20.1205,37.5,50,50
2026-03-13 22:50:28,37.365,20.089,37.35,37.3651,19.971,20.0885,37.5,50,50
2026-03-13 22:50:29,37.33,20.023,37.3298,37.3248,19.968,20.0229,37.5,50,50
2026-03-13 22:50:29,37.405,20.056,37.3097,37.4054,19.9664,20.0565,37.5,50,50
2026-03-13 22:50:30,37.345,20.075,37.2694,37.3449,19.9863,20.0748,37.5,50,50
2026-03-13 22:50:30,37.405,20.069,37.2694,37.4054,19.9619,20.0687,37.5,50,50
2026-03-13 22:50:30,37.269,20.078,37.2694,37.2644,19.9619,20.0778,37.5,50,50
2026-03-13 22:50:31,37.33,20.079,37.3298,37.2845,19.968,20.0793,37.5,50,50
2026-03-13 22:50:31,37.345,20.063,37.2493,37.3449,19.9115,20.0626,37.5,50,50
2026-03-13 22:50:32,37.385,20.09,37.2694,37.3852,19.9496,20.09,37.5,50,50
2026-03-13 22:50:32,37.41,20.075,37.4104,37.2442,19.9405,20.0748,37.5,50,50
2026-03-13 22:50:33,37.325,20.072,37.209,37.3248,19.9069,20.0717,37.5,50,50
2026-03-13 22:50:33,37.325,20.084,37.2895,37.3248,19.9527,20.0839,37.5,50,50
2026-03-13 22:50:34,37.305,20.07,37.2291,37.3046,19.8962,20.0702,37.5,50,50
2026-03-13 22:50:34,37.39,20.053,37.3902,37.3852,19.9145,20.0534,37.5,50,50
2026-03-13 22:50:35,37.365,20.101,37.35,37.3651,19.8856,20.1007,37.5,50,50
2026-03-13 22:50:35,37.37,20.05,37.3701,37.3449,19.9115,20.0504,37.5,50,50
2026-03-13 22:50:36,37.446,20.024,37.2895,37.4456,19.8917,20.0244,37.5,50,48.27347142663684
2026-03-13 22:50:36,37.425,20.046,37.3097,37.4255,19.8444,20.0458,37.5,50,50
2026-03-13 22:50:36,37.405,20.044,37.3298,37.4054,19.8825,20.0443,37.5,50,50
2026-03-13 22:50:37,37.39,20.064,37.3902,37.3651,19.8901,20.0641,37.5,50,50
2026-03-13 22:50:37,37.431,19.997,37.4305,37.3046,19.8947,19.9969,37.5,50,50
2026-03-13 22:50:38,37.431,19.997,37.4305,37.3046,19.8581,19.9969,37.5,50,50
2026-03-13 22:50:38,37.41,20.015,37.4104,37.3651,19.8428,20.0153,37.5,50,50
2026-03-13 22:50:39,37.37,20.04,37.3701,37.3651,19.8627,20.0397,37.5,50,50
2026-03-13 22:50:39,37.37,20.064,37.3701,37.3651,19.8383,20.0641,37.5,50,50
2026-03-13 22:50:40,37.425,20.034,37.3701,37.4255,19.8138,20.0336,37.5,50,50
2026-03-13 22:50:40,37.405,20.044,37.3701,37.4054,19.8016,20.0443,37.5,50,50
2026-03-13 22:50:41,37.446,20.0,37.3701,37.4456,19.8383,20.0,37.5,50,50
2026-03-13 22:50:41,37.385,19.992,37.3298,37.3852,19.8093,19.9924,37.5,50,50
2026-03-13 22:50:42,37.405,20.032,37.3902,37.4054,19.8169,20.032,37.5,50,50
2026-03-13 22:50:42,37.431,20.078,37.4305,37.3852,19.8337,20.0778,37.5,50,50
2026-03-13 22:50:43,37.451,19.968,37.4507,37.3852,19.7986,19.968,37.5,50,50
2026-03-13 22:50:43,37.431,19.974,37.4305,37.3248,19.8215,19.9741,37.5,50,50
2026-03-13 22:50:43,37.39,19.98,37.3902,37.3852,19.7925,19.9802,37.5,50,50
2026-03-13 22:50:44,37.491,19.948,37.491,37.4255,19.8154,19.9481,37.5,50,40.183126410570615
2026-03-13 22:50:44,37.405,19.995,37.3902,37.4054,19.7559,19.9954,37.5,50,50
2026-03-13 22:50:45,37.431,19.971,37.4305,37.4054,19.7848,19.971,37.5,50,50
2026-03-13 22:50:45,37.471,19.991,37.4708,37.3651,19.7635,19.9908,37.5,50,49.16226305788493
2026-03-13 22:50:46,37.531,19.985,37.5312,37.4255,19.7711,19.9847,37.5,50,39.688229158444436
2026-03-13 22:50:46,37.551,19.98,37.5514,37.4859,19.7604,19.9802,37.5,50,41.41762364065549
2026-03-13 22:50:47,37.471,19.968,37.4708,37.3852,19.7879,19.968,37.5,50,50
2026-03-13 22:50:47,37.471,19.977,37.4708,37.4658,19.7635,19.9771,37.5,50,50
2026-03-13 22:50:48,37.491,19.953,37.491,37.4658,19.7421,19.9527,37.5,50,48.864776427924205
2026-03-13 22:50:48,37.451,19.899,37.4507,37.4255,19.7498,19.8993,37.5,50,50
2026-03-13 22:50:49,37.511,19.911,37.5111,37.4255,19.707,19.9115,37.5,50,42.16063900724515
2026-03-13 22:50:49,37.511,19.91,37.5111,37.4054,19.7192,19.91,37.5,50,48.59849506844767
2026-03-13 22:50:49,37.471,19.904,37.4708,37.4658,19.7269,19.9039,37.5,50,50
2026-03-13 22:50:50,37.511,19.904,37.5111,37.4658,19.7436,19.9039,37.5,50,44.32054077448474
2026-03-13 22:50:50,37.531,19.922,37.5312,37.4054,19.7223,19.9222,37.5,50,43.96473416262159
2026-03-13 22:50:51,37.511,19.982,37.5111,37.5061,19.707,19.9817,37.5,50,50
2026-03-13 22:50:51,37.491,19.956,37.491,37.4859,19.7299,19.9557,37.5,50,50
2026-03-13 22:50:52,37.572,19.89,37.5715,37.4456,19.7147,19.8901,37.5,50,32.18244783269923
2026-03-13 22:50:52,37.471,19.89,37.4708,37.4456,19.678,19.8901,37.5,50,50
2026-03-13 22:50:53,37.551,19.908,37.5514,37.5061,19.675,19.9084,37.5,50,34.72910843884708
2026-03-13 22:50:53,37.592,19.875,37.5917,37.4255,19.6674,19.8749,37.5,50,33.679946768853426
2026-03-13 22:50:54,37.551,19.87,37.5514,37.4859,19.6994,19.8703,37.5,50,47.253466020052414
2026-03-13 22:50:54,37.546,19.901,37.5111,37.5463,19.646,19.9008,37.5,50,43.80808327568463
2026-03-13 22:50:55,37.511,19.884,37.5111,37.5061,19.6216,19.884,37.5,50,50
2026-03-13 22:50:55,37.551,19.847,37.5514,37.5061,19.675,19.8474,37.5,50,38.11986335584294
2026-03-13 22:50:55,37.566,19.866,37.5312,37.5665,19.6124,19.8657,37.5,50,38.77426172734089
2026-03-13 22:50:56,37.607,19.883,37.5715,37.6068,19.6048,19.8825,37.5,50,30.65091799648735
2026-03-13 22:50:56,37.572,19.852,37.5715,37.5463,19.6292,19.852,37.5,50,42.79012188949517
2026-03-13 22:50:57,37.531,19.837,37.5312,37.5262,19.6612,19.8367,37.5,50,48.24348755377039
2026-03-13 22:50:57,37.587,19.869,37.5111,37.5866,19.6338,19.8688,37.5,50,30.72647393099154
2026-03-13 22:50:58,37.632,19.858,37.632,37.6068,19.6475,19.8581,37.5,50,26.025606741581143
2026-03-13 22:50:58,37.572,19.823,37.5715,37.5061,19.6414,19.823,37.5,50,44.29739816890043
2026-03-13 22:50:59,37.592,19.846,37.5917,37.4859,19.6429,19.8459,37.5,50,32.91792496093023
2026-03-13 22:50:59,37.612,19.861,37.6118,37.5262,19.6094,19.8611,37.5,50,30.103203581724102
2026-03-13 22:51:00,37.632,19.847,37.632,37.5061,19.5987,19.8474,37.5,50,27.213786183060254
2026-03-13 22:51:00,37.566,19.805,37.5312,37.5665,19.6124,19.8047,37.5,50,44.17204857556189
2026-03-13 22:51:01,37.572,19.817,37.5715,37.5665,19.5682,19.8169,37.5,50,35.414301049551874
2026-03-13 22:51:01,37.592,19.849,37.5917,37.5262,19.6063,19.8489,37.5,50,31.162081307259633
2026-03-13 22:51:01,37.612,19.817,37.6118,37.5665,19.5605,19.8169,37.5,50,28.347199852520426
2026-03-13 22:51:02,37.632,19.828,37.632,37.5463,19.5865,19.8276,37.5,50,25.460398102574207
2026-03-13 22:51:02,37.672,19.786,37.6722,37.5061,19.5666,19.7864,37.5,50,17.86093117706196
2026-03-13 22:51:03,37.672,19.791,37.6722,37.5463,19.5666,19.791,37.5,50,21.541961544408352
2026-03-13 22:51:03,37.647,19.802,37.5514,37.6471,19.5895,19.8016,37.5,50,26.69740981017763
2026-03-13 22:51:04,37.672,19.803,37.6722,37.5463,19.5666,19.8032,37.5,50,17.66104924738778
2026-03-13 22:51:04,37.627,19.837,37.5917,37.6269,19.5575,19.8367,37.5,50,30.14789387970312
2026-03-13 22:51:05,37.713,19.771,37.7125,37.5866,19.5346,19.7711,37.5,50,4.896721989988119
2026-03-13 22:51:05,37.652,19.8,37.6521,37.6269,19.5514,19.8001,37.5,50,27.525091252028464
2026-03-13 22:51:06,37.612,19.805,37.6118,37.5665,19.5239,19.8047,37.5,50,29.64198012566101
2026-03-13 22:51:06,37.692,19.76,37.6924,37.6068,19.5071,19.7604,37.5,50,6.375762436140615
2026-03-13 22:51:07,37.632,19.779,37.632,37.5463,19.5621,19.7787,37.5,50,28.200007882224636
2026-03-13 22:51:07,37.632,19.791,37.632,37.5463,19.5377,19.791,37.5,50,21.232908665656325
2026-03-13 22:51:08,37.652,19.747,37.6521,37.5866,19.4781,19.7467,37.5,50,16.110296881454115
2026-03-13 22:51:08,37.773,19.783,37.7729,37.5866,19.5041,19.7833,37.5,50,0
2026-03-13 22:51:08,37.692,19.71,37.6924,37.5866,19.4827,19.7101,37.5,50,20.493323238074204
2026-03-13 22:51:09,37.733,19.727,37.7327,37.5262,19.4873,19.7269,37.5,50,1.5376363393402643
2026-03-13 22:51:09,37.607,19.724,37.5917,37.6068,19.5087,19.7238,37.5,50,34.29319822505281
2026-03-13 22:51:10,37.672,19.722,37.6722,37.5866,19.4934,19.7223,37.5,50,5.232124746310405
2026-03-13 22:51:10,37.692,19.71,37.6924,37.5866,19.4705,19.7101,37.5,50,6.980124104243497
2026-03-13 22:51:11,37.692,19.71,37.6924,37.5866,19.4827,19.7101,37.5,50,8.427555669344343
2026-03-13 22:51:11,37.652,19.712,37.6521,37.6068,19.5148,19.7116,37.5,50,16.98380286539701
2026-03-13 22:51:12,37.672,19.716,37.6722,37.6471,19.4934,19.7162,37.5,50,7.4676723190329035
2026-03-13 22:51:12,37.713,19.739,37.7125,37.6269,19.498,19.7391,37.5,50,0
2026-03-13 22:51:13,37.713,19.724,37.7125,37.6068,19.4858,19.7238,37.5,50,3.1293044852958047
2026-03-13 22:51:13,37.692,19.736,37.6924,37.6068,19.4583,19.736,37.5,50,7.204423006584073
2026-03-13 22:51:14,37.713,19.728,37.7125,37.6471,19.4369,19.7284,37.5,50,0
2026-03-13 22:51:14,37.672,19.704,37.6722,37.6471,19.4812,19.704,37.5,50,10.327100922459875
2026-03-13 22:51:14,37.713,19.718,37.7125,37.5463,19.4858,19.7177,37.5,50,0
2026-03-13 22:51:15,37.753,19.77,37.7528,37.6873,19.4659,19.7696,37.5,50,0
2026-03-13 22:51:15,37.692,19.776,37.6924,37.6269,19.4583,19.7757,37.5,50,7.660524885413467
2026-03-13 22:51:16,37.773,19.724,37.7729,37.6068,19.4553,19.7238,37.5,50,0
2026-03-13 22:51:16,37.652,19.728,37.6521,37.6471,19.4659,19.7284,37.5,50,17.358307770349747
2026-03-13 22:51:17,37.713,19.715,37.7125,37.6269,19.4491,19.7147,37.5,50,0
2026-03-13 22:51:17,37.773,19.692,37.7729,37.6471,19.4797,19.6918,37.5,50,0
2026-03-13 22:51:18,37.753,19.686,37.7528,37.7075,19.4659,19.6857,37.5,50,0
2026-03-13 22:51:18,37.672,19.692,37.6722,37.6471,19.4568,19.6918,37.5,50,7.270707554697621
2026-03-13 22:51:19,37.713,19.702,37.7125,37.6269,19.4858,19.7024,37.5,50,0
2026-03-13 22:51:19,37.692,19.736,37.6924,37.6068,19.4339,19.736,37.5,50,0
2026-03-13 22:51:20,37.692,19.707,37.6924,37.6672,19.4339,19.707,37.5,50,0
2026-03-13 22:51:20,37.692,19.739,37.6924,37.6269,19.4583,19.7391,37.5,50,0
2026-03-13 22:51:20,37.672,19.667,37.6722,37.6471,19.4324,19.6674,37.5,50,0
2026-03-13 22:51:21,37.713,19.716,37.7125,37.6471,19.4614,19.7162,37.5,50,0
2026-03-13 22:51:21,37.652,19.704,37.6521,37.6471,19.4293,19.704,37.5,50,2.5996943422097427
2026-03-13 22:51:22,37.692,19.722,37.6924,37.5866,19.4461,19.7223,37.5,50,0
2026-03-13 22:51:22,37.652,19.727,37.6521,37.6269,19.4781,19.7269,37.5,50,0
2026-03-13 22:51:23,37.733,19.704,37.7327,37.6471,19.4873,19.704,37.5,50,0
2026-03-13 22:51:23,37.692,19.692,37.6924,37.6471,19.4705,19.6918,37.5,50,0
2026-03-13 22:51:24,37.692,19.695,37.6924,37.6672,19.4949,19.6948,37.5,50,0
2026-03-13 22:51:24,37.592,19.67,37.5917,37.5665,19.4598,19.6704,37.5,50,10.095613549639639
2026-03-13 22:51:25,37.632,19.683,37.632,37.5665,19.4644,19.6826,37.5,50,0
2026-03-13 22:51:25,37.733,19.722,37.7327,37.5866,19.4751,19.7223,37.5,50,0
2026-03-13 22:51:26,37.753,19.709,37.7528,37.6873,19.4781,19.7086,37.5,50,0
2026-03-13 22:51:26,37.652,19.704,37.6521,37.6471,19.4903,19.704,37.5,50,0.16695219713408704
2026-03-13 22:51:27,37.647,19.68,37.632,37.6471,19.4766,19.6796,37.5,50,0
2026-03-13 22:51:27,37.672,19.699,37.6722,37.6068,19.469,19.6994,37.5,50,0
2026-03-13 22:51:27,37.667,19.683,37.6521,37.6672,19.4659,19.6826,37.5,50,0
2026-03-13 22:51:28,37.667,19.707,37.632,37.6672,19.4644,19.707,37.5,50,0
2026-03-13 22:51:28,37.667,19.731,37.632,37.6672,19.4888,19.7314,37.5,50,0
2026-03-13 22:51:29,37.672,19.707,37.6722,37.6672,19.469,19.707,37.5,50,0
2026-03-13 22:51:29,37.647,19.704,37.632,37.6471,19.501,19.704,37.5,50,0
2026-03-13 22:51:30,37.667,19.756,37.6521,37.6672,19.5026,19.7559,37.5,50,0
2026-03-13 22:51:30,37.652,19.68,37.6521,37.6471,19.5026,19.6796,37.5,50,0
2026-03-13 22:51:31,37.672,19.68,37.6722,37.6471,19.53,19.6796,37.5,50,0
2026-03-13 22:51:31,37.652,19.716,37.6521,37.6471,19.5148,19.7162,37.5,50,0
2026-03-13 22:51:32,37.707,19.722,37.6521,37.7075,19.527,19.7223,37.5,50,0
2026-03-13 22:51:32,37.632,19.751,37.632,37.6269,19.4888,19.7513,37.5,50,0
2026-03-13 22:51:33,37.652,19.742,37.6521,37.5463,19.5148,19.7421,37.5,50,0
2026-03-13 22:51:33,37.647,19.716,37.632,37.6471,19.5132,19.7162,37.5,50,0
2026-03-13 22:51:33,37.647,19.728,37.5917,37.6471,19.5697,19.7284,37.5,50,0
2026-03-13 22:51:34,37.647,19.728,37.632,37.6471,19.5254,19.7284,37.5,50,0
2026-03-13 22:51:34,37.632,19.751,37.632,37.6269,19.5377,19.7513,37.5,50,0
2026-03-13 22:51:35,37.652,19.716,37.6521,37.6471,19.5392,19.7162,37.5,50,0
2026-03-13 22:51:35,37.652,19.715,37.6521,37.6269,19.5758,19.7147,37.5,50,0
2026-03-13 22:51:36,37.632,19.707,37.632,37.5665,19.5377,19.707,37.5,50,0
2026-03-13 22:51:36,37.647,19.716,37.6118,37.6471,19.5483,19.7162,37.5,50,0
2026-03-13 22:51:37,37.647,19.741,37.632,37.6471,19.5499,19.7406,37.5,50,0
2026-03-13 22:51:37,37.627,19.727,37.6118,37.6269,19.5972,19.7269,37.5,50,0
2026-03-13 22:51:38,37.647,19.741,37.6118,37.6471,19.5483,19.7406,37.5,50,0
2026-03-13 22:51:38,37.572,19.744,37.5715,37.5665,19.5315,19.7436,37.5,50,0
2026-03-13 22:51:39,37.572,19.744,37.5715,37.5665,19.5926,19.7436,37.5,50,0
2026-03-13 22:51:39,37.612,19.773,37.6118,37.6068,19.5361,19.7726,37.5,50,0
2026-03-13 22:51:39,37.587,19.759,37.5514,37.5866,19.5651,19.7589,37.5,50,0
2026-03-13 22:51:40,37.592,19.727,37.5917,37.5262,19.5819,19.7269,37.5,50,0
2026-03-13 22:51:40,37.587,19.783,37.5715,37.5866,19.617,19.7833,37.5,50,0
2026-03-13 22:51:41,37.572,19.768,37.5715,37.5665,19.6048,19.7681,37.5,50,0
2026-03-13 22:51:41,37.647,19.741,37.5715,37.6471,19.6048,19.7406,37.5,50,0
2026-03-13 22:51:42,37.587,19.722,37.5514,37.5866,19.6017,19.7223,37.5,50,0
2026-03-13 22:51:42,37.647,19.777,37.5111,37.6471,19.585,19.7772,37.5,50,0
2026-03-13 22:51:43,37.592,19.768,37.5917,37.5665,19.6063,19.7681,37.5,50,0
2026-03-13 22:51:43,37.566,19.78,37.5312,37.5665,19.6124,19.7803,37.5,50,0
2026-03-13 22:51:44,37.607,19.748,37.5917,37.6068,19.6063,19.7482,37.5,50,0
2026-03-13 22:51:44,37.526,19.727,37.5111,37.5262,19.6094,19.7269,37.5,50,5.625947238724951
2026-03-13 22:51:45,37.587,19.759,37.5312,37.5866,19.588,19.7589,37.5,50,0
2026-03-13 22:51:45,37.551,19.727,37.5514,37.5262,19.675,19.7269,37.5,50,0
2026-03-13 22:51:45,37.546,19.754,37.5111,37.5463,19.6338,19.7543,37.5,50,0
2026-03-13 22:51:46,37.612,19.76,37.6118,37.6068,19.6338,19.7604,37.5,50,0
2026-03-13 22:51:46,37.587,19.783,37.491,37.5866,19.6201,19.7833,37.5,50,0
2026-03-13 22:51:47,37.607,19.785,37.5111,37.6068,19.6582,19.7848,37.5,50,0
2026-03-13 22:51:47,37.546,19.779,37.5111,37.5463,19.6582,19.7787,37.5,50,1.0678120539410836
2026-03-13 22:51:48,37.546,19.779,37.5111,37.5463,19.6826,19.7787,37.5,50,0
2026-03-13 22:51:48,37.566,19.78,37.5312,37.5665,19.649,19.7803,37.5,50,0
2026-03-13 22:51:49,37.491,19.77,37.491,37.4658,19.6933,19.7696,37.5,50,9.212377931594126
2026-03-13 22:51:49,37.546,19.791,37.491,37.5463,19.6567,19.791,37.5,50,0
2026-03-13 22:51:50,37.526,19.788,37.5111,37.5262,19.6826,19.7879,37.5,50,0
2026-03-13 22:51:50,37.506,19.786,37.4507,37.5061,19.6521,19.7864,37.5,50,1.4398816773602827
2026-03-13 22:51:51,37.506,19.786,37.4708,37.5061,19.7024,19.7864,37.5,50,0
2026-03-13 22:51:51,37.566,19.78,37.491,37.5665,19.7055,19.7803,37.5,50,0
2026-03-13 22:51:52,37.546,19.803,37.4708,37.5463,19.678,19.8032,37.5,50,0
2026-03-13 22:51:52,37.546,19.754,37.5111,37.5463,19.7314,19.7543,37.5,50,0
2026-03-13 22:51:52,37.546,19.791,37.4104,37.5463,19.7208,19.791,37.5,50,0
2026-03-13 22:51:53,37.526,19.861,37.4507,37.5262,19.7498,19.8611,37.5,50,0
2026-03-13 22:51:53,37.566,19.829,37.4104,37.5665,19.733,19.8291,37.5,50,0
2026-03-13 22:51:54,37.546,19.828,37.4507,37.5463,19.7253,19.8276,37.5,50,0
2026-03-13 22:51:54,37.506,19.823,37.4104,37.5061,19.7696,19.823,37.5,50,3.5998090730789576
2026-03-13 22:51:55,37.506,19.847,37.4708,37.5061,19.7391,19.8474,37.5,50,0
2026-03-13 22:51:55,37.451,19.802,37.4507,37.4255,19.7375,19.8016,37.5,50,11.994285973858148
2026-03-13 22:51:56,37.466,19.831,37.3902,37.4658,19.7436,19.8306,37.5,50,2.7678744638092114
2026-03-13 22:51:56,37.431,19.788,37.4305,37.4054,19.7482,19.7879,37.5,50,12.622253630047085
2026-03-13 22:51:57,37.506,19.811,37.491,37.5061,19.7421,19.8108,37.5,50,0
2026-03-13 22:51:57,37.446,19.829,37.3902,37.4456,19.7559,19.8291,37.5,50,13.70120399485739
2026-03-13 22:51:58,37.526,19.837,37.3701,37.5262,19.765,19.8367,37.5,50,0
2026-03-13 22:51:58,37.446,19.829,37.4305,37.4456,19.7726,19.8291,37.5,50,15.965051959833463
2026-03-13 22:51:58,37.446,19.829,37.3902,37.4456,19.7681,19.8291,37.5,50,7.524752114024531
2026-03-13 22:51:59,37.486,19.834,37.3701,37.4859,19.765,19.8337,37.5,50,0
2026-03-13 22:51:59,37.486,19.821,37.3902,37.4859,19.7681,19.8215,37.5,50,2.82850777509666
2026-03-13 22:52:00,37.546,19.864,37.35,37.5463,19.8001,19.8642,37.5,50,0
2026-03-13 22:52:00,37.526,19.861,37.4708,37.5262,19.7879,19.8611,37.5,50,0
2026-03-13 22:52:01,37.446,19.866,37.3298,37.4456,19.7482,19.8657,37.5,50,16.199549140061798
2026-03-13 22:52:01,37.486,19.87,37.4104,37.4859,19.8184,19.8703,37.5,50,0
2026-03-13 22:52:02,37.425,19.863,37.3298,37.4255,19.8093,19.8627,37.5,50,16.998046018187498
2026-03-13 22:52:02,37.425,19.887,37.3701,37.4255,19.826,19.8871,37.5,50,10.689343018704935
2026-03-13 22:52:03,37.486,19.858,37.3902,37.4859,19.8047,19.8581,37.5,50,0
2026-03-13 22:52:03,37.345,19.855,37.3097,37.3449,19.7955,19.855,37.5,50,36.13865277727112
2026-03-13 22:52:04,37.405,19.849,37.3902,37.4054,19.8291,19.8489,37.5,50,7.591650193338004
2026-03-13 22:52:04,37.446,19.866,37.3701,37.4456,19.8383,19.8657,37.5,50,4.955667903319887
2026-03-13 22:52:04,37.446,19.854,37.3298,37.4456,19.8337,19.8535,37.5,50,9.549176932897106
2026-03-13 22:52:05,37.446,19.878,37.3701,37.4456,19.8383,19.8779,37.5,50,9.749362309297016
2026-03-13 22:52:05,37.466,19.904,37.2291,37.4658,19.8352,19.9039,37.5,50,5.3156144285247
2026-03-13 22:52:06,37.405,19.886,37.2493,37.4054,19.8627,19.8856,37.5,50,21.7342222919056
2026-03-13 22:52:06,37.405,19.898,37.3902,37.4054,19.8657,19.8978,37.5,50,15.499123416576737
2026-03-13 22:52:07,37.446,19.881,37.3097,37.4456,19.881,19.8779,37.5,50,6.359607797185265
2026-03-13 22:52:07,37.446,19.963,37.3298,37.4456,19.8947,19.9634,37.5,50,10.979533299073049
2026-03-13 22:52:08,37.466,19.965,37.3097,37.4658,19.8932,19.9649,37.5,50,6.54682531435161
2026-03-13 22:52:08,37.365,19.942,37.35,37.3651,19.8856,19.942,37.5,50,32.228567452372005
2026-03-13 22:52:09,37.446,19.939,37.3097,37.4456,19.8688,19.939,37.5,50,3.0632539154412974
2026-03-13 22:52:09,37.405,19.971,37.2895,37.4054,19.9039,19.971,37.5,50,21.50334416676899
2026-03-13 22:52:10,37.405,19.922,37.2291,37.4054,19.8718,19.9222,37.5,50,17.431858416888755
2026-03-13 22:52:10,37.405,19.947,37.3298,37.4054,19.8825,19.9466,37.5,50,17.78385634532871
2026-03-13 22:52:11,37.345,19.916,37.2694,37.3449,19.8886,19.9161,37.5,50,32.037376409865495
2026-03-13 22:52:11,37.345,19.942,37.3097,37.3449,19.942,19.9161,37.5,50,26.132124861609014
2026-03-13 22:52:11,37.385,19.956,37.209,37.3852,19.9313,19.9557,37.5,50,17.439004999969086
2026-03-13 22:52:12,37.345,19.916,37.2895,37.3449,19.9161,19.9161,37.5,50,31.451040502429706
2026-03-13 22:52:12,37.365,19.942,37.2694,37.3651,19.913,19.942,37.5,50,23.07272304530408
2026-03-13 22:52:13,37.345,19.94,37.2291,37.3449,19.9207,19.9405,37.5,50,30.366235514345146
2026-03-13 22:52:13,37.405,19.933,37.2291,37.4054,19.9329,19.91,37.5,50,14.88001126558105
2026-03-13 22:52:14,37.305,19.924,37.2291,37.3046,19.9084,19.9237,37.5,50,44.879233956226535
2026-03-13 22:52:14,37.345,19.965,37.2291,37.3449,19.9451,19.9649,37.5,50,25.536136389666755
2026-03-13 22:52:15,37.385,20.005,37.2291,37.3852,19.9451,20.0046,37.5,50,21.161909215589617
2026-03-13 22:52:15,37.264,19.936,37.2493,37.2644,19.9359,19.9191,37.5,50,50
2026-03-13 22:52:16,37.285,19.969,37.2291,37.2845,19.9207,19.9695,37.5,50,36.88604252979588
2026-03-13 22:52:16,37.325,19.986,37.2291,37.3248,19.9573,19.9863,37.5,50,30.685444682027537
2026-03-13 22:52:17,37.29,19.982,37.2895,37.2845,19.9649,19.9817,37.5,50,43.75702951587388
2026-03-13 22:52:17,37.425,19.973,37.2291,37.4255,19.9695,19.9725,37.5,50,9.479356169254
2026-03-13 22:52:17,37.385,19.982,37.2291,37.3852,19.9817,19.968,37.5,50,33.602782130672
2026-03-13 22:52:18,37.345,19.989,37.209,37.3449,19.9557,19.9893,37.5,50,38.976730382253315
2026-03-13 22:52:18,37.269,20.005,37.2694,37.2644,19.9741,20.0046,37.5,50,50
2026-03-13 22:52:19,37.264,19.994,37.2291,37.2644,19.9939,19.968,37.5,50,46.647362906815395
2026-03-13 22:52:19,37.325,19.944,37.209,37.3248,19.9435,19.9252,37.5,50,32.848868159539784
2026-03-13 22:52:20,37.264,19.992,37.209,37.2644,19.968,19.9924,37.5,50,50
2026-03-13 22:52:20,37.264,20.114,37.1485,37.2644,19.9969,20.1144,37.5,50,48.50465460617639
2026-03-13 22:52:21,37.244,20.014,37.1888,37.2442,20.0137,20.0015,37.5,50,50
2026-03-13 22:52:21,37.244,20.014,37.1888,37.2442,19.9893,20.0137,37.5,50,50
2026-03-13 22:52:22,37.285,20.043,37.2291,37.2845,19.9695,20.0427,37.5,50,44.251689877432334
2026-03-13 22:52:22,37.285,20.006,37.1284,37.2845,19.971,20.0061,37.5,50,49.475720735569666
2026-03-13 22:52:23,37.264,20.041,37.2291,37.2644,19.9695,20.0412,37.5,50,50
2026-03-13 22:52:23,37.345,19.989,37.1485,37.3449,19.9603,19.9893,37.5,50,34.97582824315729
2026-03-13 22:52:23,37.244,20.038,37.2291,37.2442,20.0061,20.0381,37.5,50,50
2026-03-13 22:52:24,37.345,20.012,37.1687,37.3449,20.0122,20.0015,37.5,50,34.341033178709154
2026-03-13 22:52:24,37.264,20.005,37.1687,37.2644,20.0,20.0046,37.5,50,50
2026-03-13 22:52:25,37.325,20.043,37.2291,37.3248,20.0427,20.0107,37.5,50,42.58213705063732
2026-03-13 22:52:25,37.285,20.043,37.1083,37.2845,20.0061,20.0427,37.5,50,50
2026-03-13 22:52:26,37.285,20.092,37.1083,37.2845,20.0183,20.0916,37.5,50,50
2026-03-13 22:52:26,37.264,20.029,37.2291,37.2644,20.0061,20.029,37.5,50,50
2026-03-13 22:52:27,37.285,20.006,37.209,37.2845,20.0046,20.0061,37.5,50,50
2026-03-13 22:52:27,37.365,20.015,37.209,37.3651,19.9802,20.0153,37.5,50,39.49324848403492
2026-03-13 22:52:28,37.305,20.034,37.1485,37.3046,20.0092,20.0336,37.5,50,50
2026-03-13 22:52:28,37.244,20.075,37.1888,37.2442,19.9893,20.0748,37.5,50,50
2026-03-13 22:52:29,37.224,20.049,37.1485,37.2241,19.9847,20.0488,37.5,50,50
2026-03-13 22:52:29,37.345,20.058,37.2493,37.3449,20.058,20.0259,37.5,50,40.73324793822604
2026-03-13 22:52:29,37.204,20.002,37.1888,37.2039,20.0015,19.9969,37.5,50,50
2026-03-13 22:52:30,37.285,20.006,37.1888,37.2845,19.9893,20.0061,37.5,50,50
2026-03-13 22:52:30,37.305,20.034,37.1888,37.3046,19.9893,20.0336,37.5,50,50
2026-03-13 22:52:31,37.264,20.053,37.1687,37.2644,20.0,20.0534,37.5,50,50
2026-03-13 22:52:31,37.244,20.063,37.1687,37.2442,20.0122,20.0626,37.5,50,50
2026-03-13 22:52:32,37.345,20.087,37.1888,37.3449,20.0015,20.087,37.5,50,47.90429768134424
2026-03-13 22:52:32,37.285,20.055,37.1284,37.2845,19.971,20.0549,37.5,50,50
2026-03-13 22:52:33,37.285,20.055,37.1888,37.2845,20.0137,20.0549,37.5,50,50
2026-03-13 22:52:33,37.249,20.021,37.2493,37.2039,20.0092,20.0214,37.5,50,50
2026-03-13 22:52:34,37.224,20.024,37.1888,37.2241,20.0137,20.0244,37.5,50,50
2026-03-13 22:52:34,37.204,20.021,37.1888,37.2039,20.0015,20.0214,37.5,50,50
2026-03-13 22:52:35,37.33,20.041,37.3298,37.2644,20.0046,20.0412,37.5,50,50
2026-03-13 22:52:35,37.244,20.038,37.209,37.2442,19.9557,20.0381,37.5,50,50
2026-03-13 22:52:36,37.285,20.031,37.209,37.2845,19.968,20.0305,37.5,50,50
2026-03-13 22:52:36,37.305,20.046,37.209,37.3046,19.968,20.0458,37.5,50,50
2026-03-13 22:52:36,37.305,20.07,37.209,37.3046,19.9435,20.0702,37.5,50,50
2026-03-13 22:52:37,37.305,20.046,37.2694,37.3046,19.9741,20.0458,37.5,50,50
2026-03-13 22:52:37,37.345,20.075,37.1687,37.3449,19.939,20.0748,37.5,50,50
2026-03-13 22:52:38,37.305,20.021,37.2493,37.3046,19.9847,20.0214,37.5,50,50
2026-03-13 22:52:38,37.244,20.038,37.2291,37.2442,19.9573,20.0381,37.5,50,50
2026-03-13 22:52:39,37.325,20.047,37.1687,37.3248,19.939,20.0473,37.5,50,50
2026-03-13 22:52:39,37.31,20.012,37.3097,37.2241,19.9664,20.0122,37.5,50,50
2026-03-13 22:52:40,37.244,20.038,37.2291,37.2442,19.9207,20.0381,37.5,50,50
2026-03-13 22:52:40,37.244,20.111,37.209,37.2442,19.968,20.1114,37.5,50,50
2026-03-13 22:52:41,37.305,20.058,37.2493,37.3046,19.9359,20.058,37.5,50,50
2026-03-13 22:52:41,37.305,19.985,37.209,37.3046,19.9313,19.9847,37.5,50,50
2026-03-13 22:52:42,37.31,19.977,37.3097,37.2442,19.9298,19.9771,37.5,50,50
2026-03-13 22:52:42,37.325,20.035,37.3097,37.3248,19.9542,20.0351,37.5,50,50
2026-03-13 22:52:42,37.33,20.06,37.3298,37.3248,19.9435,20.0595,37.5,50,50
2026-03-13 22:52:43,37.35,20.066,37.35,37.2644,19.9344,20.0656,37.5,50,50
2026-03-13 22:52:43,37.325,20.023,37.3097,37.3248,19.942,20.0229,37.5,50,50
2026-03-13 22:52:44,37.269,20.053,37.2694,37.2644,19.9008,20.0534,37.5,50,50
2026-03-13 22:52:44,37.365,20.04,37.3097,37.3651,19.881,20.0397,37.5,50,50
2026-03-13 22:52:45,37.35,20.043,37.35,37.2845,19.91,20.0427,37.5,50,50
2026-03-13 22:52:45,37.31,20.107,37.3097,37.3046,19.8932,20.1068,37.5,50,50
2026-03-13 22:52:46,37.325,19.998,37.2694,37.3248,19.8886,19.9985,37.5,50,50
2026-03-13 22:52:46,37.37,19.998,37.3701,37.3248,19.8871,19.9985,37.5,50,50
2026-03-13 22:52:47,37.33,20.034,37.3298,37.3046,19.8825,20.0336,37.5,50,50
2026-03-13 22:52:47,37.325,20.023,37.2895,37.3248,19.8184,20.0229,37.5,50,50
2026-03-13 22:52:48,37.264,20.005,37.2493,37.2644,19.8749,20.0046,37.5,50,50
2026-03-13 22:52:48,37.35,20.014,37.35,37.3449,19.8489,20.0137,37.5,50,50
2026-03-13 22:52:48,37.33,20.034,37.3298,37.3046,19.9069,20.0336,37.5,50,50
2026-03-13 22:52:49,37.31,20.029,37.3097,37.2644,19.8444,20.029,37.5,50,50
2026-03-13 22:52:49,37.35,20.009,37.35,37.3046,19.8734,20.0092,37.5,50,50
2026-03-13 22:52:50,37.33,20.021,37.3298,37.3046,19.8215,20.0214,37.5,50,50
2026-03-13 22:52:50,37.39,20.005,37.3902,37.3852,19.8413,20.0046,37.5,50,50
2026-03-13 22:52:51,37.365,20.04,37.3097,37.3651,19.881,20.0397,37.5,50,50
2026-03-13 22:52:51,37.365,19.991,37.3097,37.3651,19.8199,19.9908,37.5,50,50
2026-03-13 22:52:52,37.39,19.992,37.3902,37.3852,19.8169,19.9924,37.5,50,50
2026-03-13 22:52:52,37.37,20.009,37.3701,37.3046,19.826,20.0092,37.5,50,50
2026-03-13 22:52:53,37.41,19.96,37.4104,37.3046,19.8306,19.9603,37.5,50,50
2026-03-13 22:52:53,37.405,20.008,37.3701,37.4054,19.8016,20.0076,37.5,50,50
2026-03-13 22:52:54,37.41,19.968,37.4104,37.3852,19.8306,19.968,37.5,50,50
2026-03-13 22:52:54,37.39,19.974,37.3902,37.3248,19.7925,19.9741,37.5,50,50
2026-03-13 22:52:55,37.345,19.965,37.3097,37.3449,19.8077,19.9649,37.5,50,50
2026-03-13 22:52:55,37.431,19.997,37.4305,37.3046,19.8337,19.9969,37.5,50,48.99601443249836
2026-03-13 22:52:55,37.471,19.944,37.4708,37.2644,19.8123,19.9435,37.5,50,49.162646181104485
2026-03-13 22:52:56,37.446,19.915,37.3902,37.4456,19.7803,19.9145,37.5,50,50
2026-03-13 22:52:56,37.41,19.983,37.4104,37.4054,19.7574,19.9832,37.5,50,50
2026-03-13 22:52:57,37.451,19.94,37.4507,37.3449,19.7864,19.9405,37.5,50,50
2026-03-13 22:52:57,37.446,19.951,37.35,37.4456,19.7757,19.9512,37.5,50,50
2026-03-13 22:52:58,37.425,19.96,37.4104,37.4255,19.7696,19.9603,37.5,50,50
2026-03-13 22:52:58,37.451,19.96,37.4507,37.4255,19.7498,19.9603,37.5,50,50
2026-03-13 22:52:59,37.425,19.924,37.4104,37.4255,19.7208,19.9237,37.5,50,50
2026-03-13 22:52:59,37.446,20.0,37.4104,37.4456,19.7208,20.0,37.5,50,50
2026-03-13 22:53:00,37.451,19.948,37.4507,37.4255,19.7498,19.9481,37.5,50,50
2026-03-13 22:53:00,37.431,19.966,37.4305,37.3651,19.7238,19.9664,37.5,50,50
2026-03-13 22:53:01,37.511,19.934,37.5111,37.4054,19.7436,19.9344,37.5,50,40.00066167593172
2026-03-13 22:53:01,37.446,19.915,37.4104,37.4456,19.7208,19.9145,37.5,50,50
2026-03-13 22:53:01,37.551,19.96,37.5514,37.4255,19.736,19.9603,37.5,50,32.3532445110213
2026-03-13 22:53:02,37.511,19.928,37.5111,37.3449,19.707,19.9283,37.5,50,50
2026-03-13 22:53:02,37.451,19.939,37.4507,37.4456,19.7375,19.939,37.5,50,50
2026-03-13 22:53:03,37.486,19.919,37.4305,37.4859,19.7116,19.9191,37.5,50,47.90094128159766
2026-03-13 22:53:03,37.431,19.96,37.4305,37.4255,19.6872,19.9603,37.5,50,50
2026-03-13 22:53:04,37.451,19.899,37.4507,37.4255,19.6887,19.8993,37.5,50,50
2026-03-13 22:53:04,37.471,19.898,37.4708,37.4054,19.7024,19.8978,37.5,50,50
2026-03-13 22:53:05,37.551,19.89,37.5514,37.4456,19.6872,19.8901,37.5,50,35.05772524408866
2026-03-13 22:53:05,37.471,19.915,37.4708,37.4456,19.6902,19.9145,37.5,50,50
2026-03-13 22:53:06,37.551,19.898,37.5514,37.4054,19.6872,19.8978,37.5,50,34.97551962296807
2026-03-13 22:53:06,37.511,19.878,37.5111,37.4456,19.6582,19.8779,37.5,50,50
2026-03-13 22:53:07,37.531,19.919,37.5312,37.4859,19.6612,19.9191,37.5,50,43.6942675703577
2026-03-13 22:53:07,37.531,19.873,37.5312,37.4054,19.6857,19.8734,37.5,50,45.73897200005639
2026-03-13 22:53:07,37.506,19.835,37.491,37.5061,19.6567,19.8352,37.5,50,50
2026-03-13 22:53:08,37.572,19.846,37.5715,37.4859,19.6658,19.8459,37.5,50,33.40258739781044
2026-03-13 22:53:08,37.551,19.835,37.5514,37.5061,19.6262,19.8352,37.5,50,45.12876831134166
2026-03-13 22:53:09,37.632,19.837,37.632,37.5262,19.6597,19.8367,37.5,50,23.905749322058007
2026-03-13 22:53:09,37.531,19.872,37.5312,37.5061,19.6002,19.8718,37.5,50,50
2026-03-13 22:53:10,37.632,19.867,37.632,37.4658,19.6353,19.8672,37.5,50,21.14642247850871
2026-03-13 22:53:10,37.572,19.879,37.5715,37.4658,19.6048,19.8795,37.5,50,45.45976571309986
2026-03-13 22:53:11,37.587,19.869,37.5111,37.5866,19.585,19.8688,37.5,50,35.23963764509785
2026-03-13 22:53:11,37.551,19.834,37.5514,37.4859,19.5773,19.8337,37.5,50,44.87743920478758
2026-03-13 22:53:12,37.572,19.872,37.5715,37.5061,19.6048,19.8718,37.5,50,35.94378347866142
2026-03-13 22:53:12,37.551,19.831,37.5514,37.4658,19.5651,19.8306,37.5,50,42.800360315495176
2026-03-13 22:53:13,37.572,19.861,37.5715,37.5262,19.5438,19.8611,37.5,50,35.479570910582154
2026-03-13 22:53:13,37.572,19.799,37.5715,37.5061,19.5682,19.7986,37.5,50,37.479867979991994
2026-03-13 22:53:13,37.592,19.841,37.5917,37.5665,19.5819,19.8413,37.5,50,32.57982905477675
2026-03-13 22:53:14,37.652,19.873,37.6521,37.5262,19.588,19.8734,37.5,50,20.49863352118076
2026-03-13 22:53:14,37.632,19.878,37.632,37.5665,19.5743,19.8779,37.5,50,31.046163385812932
2026-03-13 22:53:15,37.592,19.815,37.5917,37.5463,19.5575,19.8154,37.5,50,37.66414925594417
2026-03-13 22:53:15,37.632,19.825,37.632,37.5262,19.5254,19.8245,37.5,50,23.738542197418347
2026-03-13 22:53:16,37.672,19.786,37.6722,37.5061,19.5422,19.7864,37.5,50,18.30037811968549
2026-03-13 22:53:16,37.652,19.811,37.6521,37.5061,19.5392,19.8108,37.5,50,26.615691199558054
2026-03-13 22:53:17,37.652,19.815,37.6521,37.5463,19.5758,19.8154,37.5,50,23.893336937719972
2026-03-13 22:53:17,37.592,19.854,37.5917,37.5665,19.5087,19.8535,37.5,50,37.2317223531159
2026-03-13 22:53:18,37.612,19.768,37.6118,37.5665,19.5361,19.7681,37.5,50,25.77833684200261
2026-03-13 22:53:18,37.713,19.828,37.7125,37.5463,19.559,19.8276,37.5,50,4.123691844645599
2026-03-13 22:53:19,37.632,19.785,37.632,37.4859,19.5254,19.7848,37.5,50,33.00568508698685
2026-03-13 22:53:19,37.632,19.812,37.632,37.5262,19.5621,19.8123,37.5,50,23.770385354040165
2026-03-13 22:53:20,37.632,19.837,37.632,37.5262,19.5132,19.8367,37.5,50,23.281389567288365
2026-03-13 22:53:20,37.652,19.841,37.6521,37.5665,19.5392,19.8413,37.5,50,18.15987581107011
2026-03-13 22:53:20,37.672,19.796,37.6722,37.5866,19.4934,19.7955,37.5,50,15.121537017225199
2026-03-13 22:53:21,37.733,19.756,37.7327,37.5665,19.4995,19.7559,37.5,50,2.511843487753942
2026-03-13 22:53:21,37.672,19.78,37.6722,37.5665,19.5056,19.7803,37.5,50,22.365672234825567
2026-03-13 22:53:22,37.733,19.774,37.7327,37.5061,19.4995,19.7742,37.5,50,1.0111760609175136
2026-03-13 22:53:22,37.692,19.768,37.6924,37.5665,19.5315,19.7681,37.5,50,16.230844593061853
2026-03-13 22:53:23,37.612,19.785,37.6118,37.6068,19.4507,19.7848,37.5,50,29.62729540618018
2026-03-13 22:53:23,37.713,19.796,37.7125,37.5866,19.4736,19.7955,37.5,50,0
2026-03-13 22:53:24,37.713,19.776,37.7125,37.6269,19.4614,19.7757,37.5,50,7.289223882079895
2026-03-13 22:53:24,37.692,19.747,37.6924,37.5866,19.4461,19.7467,37.5,50,11.365047418957374
2026-03-13 22:53:25,37.692,19.751,37.6924,37.6269,19.4827,19.7513,37.5,50,8.385168517471921
2026-03-13 22:53:25,37.632,19.763,37.632,37.5262,19.4644,19.7635,37.5,50,21.573645576496812
2026-03-13 22:53:26,37.692,19.742,37.6924,37.5463,19.4705,19.7421,37.5,50,0.7074284322011106
2026-03-13 22:53:26,37.672,19.73,37.6722,37.5463,19.469,19.7299,37.5,50,11.101433289819207
2026-03-13 22:53:26,37.753,19.731,37.7528,37.5665,19.4537,19.7314,37.5,50,0
2026-03-13 22:53:27,37.713,19.788,37.7125,37.6269,19.4736,19.7879,37.5,50,6.620061865004501
2026-03-13 22:53:27,37.692,19.759,37.6924,37.5866,19.4461,19.7589,37.5,50,6.376836634255522
2026-03-13 22:53:28,37.713,19.722,37.7125,37.5866,19.4491,19.7223,37.5,50,0
2026-03-13 22:53:28,37.753,19.734,37.7528,37.5866,19.4781,19.7345,37.5,50,0
2026-03-13 22:53:29,37.713,19.777,37.7125,37.6471,19.4491,19.7772,37.5,50,3.393361974560402
2026-03-13 22:53:29,37.773,19.756,37.7729,37.5665,19.4553,19.7559,37.5,50,0
2026-03-13 22:53:30,37.692,19.707,37.6924,37.6672,19.4583,19.707,37.5,50,8.616370852193686
2026-03-13 22:53:30,37.692,19.797,37.6924,37.6068,19.4705,19.7971,37.5,50,0
2026-03-13 22:53:31,37.713,19.747,37.7125,37.5866,19.4614,19.7467,37.5,50,0
2026-03-13 22:53:31,37.813,19.724,37.8132,37.6068,19.4842,19.7238,37.5,50,0
2026-03-13 22:53:32,37.707,19.698,37.6521,37.7075,19.4903,19.6979,37.5,50,6.092762088087717
2026-03-13 22:53:32,37.753,19.763,37.7528,37.6269,19.4537,19.7635,37.5,50,0
2026-03-13 22:53:32,37.753,19.724,37.7528,37.6068,19.4415,19.7238,37.5,50,0
2026-03-13 22:53:33,37.753,19.744,37.7528,37.6672,19.4415,19.7436,37.5,50,0
2026-03-13 22:53:33,37.692,19.727,37.6924,37.6269,19.4705,19.7269,37.5,50,0
2026-03-13 22:53:34,37.672,19.704,37.6722,37.6471,19.4324,19.704,37.5,50,0
2026-03-13 22:53:34,37.733,19.707,37.7327,37.6672,19.4507,19.707,37.5,50,0
2026-03-13 22:53:35,37.733,19.704,37.7327,37.6471,19.4629,19.704,37.5,50,0
2026-03-13 22:53:35,37.713,19.673,37.7125,37.5866,19.4491,19.6735,37.5,50,0
2026-03-13 22:53:36,37.652,19.687,37.6521,37.6068,19.4415,19.6872,37.5,50,0.589533566113662
2026-03-13 22:53:36,37.733,19.702,37.7327,37.6269,19.4507,19.7024,37.5,50,0
2026-03-13 22:53:37,37.733,19.678,37.7327,37.6269,19.4385,19.678,37.5,50,0
2026-03-13 22:53:37,37.672,19.699,37.6722,37.6068,19.469,19.6994,37.5,50,0
2026-03-13 22:53:38,37.713,19.698,37.7125,37.5866,19.4491,19.6979,37.5,50,0
2026-03-13 22:53:38,37.692,19.731,37.6924,37.5665,19.4583,19.7314,37.5,50,0
2026-03-13 22:53:39,37.692,19.673,37.6924,37.5866,19.4461,19.6735,37.5,50,0
2026-03-13 22:53:39,37.813,19.707,37.8132,37.5665,19.4598,19.707,37.5,50,0
2026-03-13 22:53:39,37.652,19.724,37.6521,37.6068,19.4781,19.7238,37.5,50,5.088207379027146
2026-03-13 22:53:40,37.692,19.727,37.6924,37.6269,19.4461,19.7269,37.5,50,0
2026-03-13 22:53:40,37.713,19.69,37.7125,37.6269,19.4858,19.6902,37.5,50,0
2026-03-13 22:53:41,37.753,19.687,37.7528,37.6068,19.4659,19.6872,37.5,50,0
2026-03-13 22:53:41,37.632,19.699,37.632,37.6068,19.4644,19.6994,37.5,50,0.24102674565270732
2026-03-13 22:53:42,37.647,19.704,37.632,37.6471,19.4766,19.704,37.5,50,0
2026-03-13 22:53:42,37.672,19.756,37.6722,37.6672,19.5056,19.7559,37.5,50,0
2026-03-13 22:53:43,37.692,19.715,37.6924,37.6269,19.4949,19.7147,37.5,50,0
2026-03-13 22:53:43,37.652,19.649,37.6521,37.5866,19.4659,19.649,37.5,50,0
2026-03-13 22:53:44,37.652,19.649,37.6521,37.5866,19.4781,19.649,37.5,50,0
2026-03-13 22:53:44,37.632,19.698,37.632,37.5866,19.4888,19.6979,37.5,50,0
2026-03-13 22:53:45,37.632,19.724,37.632,37.6068,19.4522,19.7238,37.5,50,0
2026-03-13 22:53:45,37.672,19.748,37.6722,37.6068,19.5178,19.7482,37.5,50,0
2026-03-13 22:53:45,37.692,19.712,37.6924,37.6068,19.4949,19.7116,37.5,50,0
2026-03-13 22:53:46,37.672,19.719,37.6722,37.6672,19.53,19.7192,37.5,50,0
2026-03-13 22:53:46,37.672,19.744,37.6722,37.6672,19.5056,19.7436,37.5,50,0
2026-03-13 22:53:47,37.627,19.69,37.6118,37.6269,19.5117,19.6902,37.5,50,0
2026-03-13 22:53:47,37.632,19.744,37.632,37.5665,19.501,19.7436,37.5,50,0
2026-03-13 22:53:48,37.612,19.742,37.6118,37.5463,19.5117,19.7421,37.5,50,0
2026-03-13 22:53:48,37.607,19.724,37.5917,37.6068,19.5453,19.7238,37.5,50,0
2026-03-13 22:53:49,37.647,19.765,37.6118,37.6471,19.5117,19.765,37.5,50,0
2026-03-13 22:53:49,37.652,19.739,37.6521,37.6269,19.5514,19.7391,37.5,50,0
2026-03-13 22:53:50,37.607,19.76,37.5917,37.6068,19.5575,19.7604,37.5,50,0
2026-03-13 22:53:50,37.652,19.724,37.6521,37.6068,19.5392,19.7238,37.5,50,0
2026-03-13 22:53:51,37.652,19.719,37.6521,37.5665,19.5514,19.7192,37.5,50,0
2026-03-13 22:53:51,37.607,19.736,37.5715,37.6068,19.556,19.736,37.5,50,0
2026-03-13 22:53:51,37.667,19.731,37.5715,37.6672,19.556,19.7314,37.5,50,0
2026-03-13 22:53:52,37.647,19.741,37.632,37.6471,19.5377,19.7406,37.5,50,0
2026-03-13 22:53:52,37.592,19.731,37.5917,37.5665,19.5575,19.7314,37.5,50,0
2026-03-13 22:53:53,37.647,19.741,37.632,37.6471,19.5499,19.7406,37.5,50,0
2026-03-13 22:53:53,37.607,19.712,37.5715,37.6068,19.5804,19.7116,37.5,50,0
2026-03-13 22:53:54,37.612,19.76,37.6118,37.6068,19.5727,19.7604,37.5,50,0
2026-03-13 22:53:54,37.592,19.754,37.5917,37.5463,19.6307,19.7543,37.5,50,0
2026-03-13 22:53:55,37.667,19.792,37.5514,37.6672,19.5895,19.7925,37.5,50,0
2026-03-13 22:53:55,37.587,19.734,37.5312,37.5866,19.6246,19.7345,37.5,50,0
2026-03-13 22:53:56,37.612,19.75,37.6118,37.5061,19.646,19.7498,37.5,50,0
2026-03-13 22:53:56,37.612,19.792,37.6118,37.5665,19.646,19.7925,37.5,50,0
2026-03-13 22:53:57,37.587,19.759,37.5514,37.5866,19.6139,19.7589,37.5,50,0
2026-03-13 22:53:57,37.526,19.788,37.5111,37.5262,19.6216,19.7879,37.5,50,3.4653371056722237
2026-03-13 22:53:58,37.551,19.763,37.5514,37.5262,19.6262,19.7635,37.5,50,0
2026-03-13 22:53:58,37.647,19.765,37.5514,37.6471,19.6628,19.765,37.5,50,0
2026-03-13 22:53:58,37.566,19.792,37.491,37.5665,19.6445,19.7925,37.5,50,0.8242206638891911
2026-03-13 22:53:59,37.592,19.747,37.5917,37.5866,19.6551,19.7467,37.5,50,0
2026-03-13 22:53:59,37.587,19.783,37.5715,37.5866,19.6658,19.7833,37.5,50,0
2026-03-13 22:54:00,37.612,19.773,37.6118,37.4859,19.6704,19.7726,37.5,50,0
2026-03-13 22:54:00,37.511,19.77,37.5111,37.4658,19.6582,19.7696,37.5,50,9.58648415925172
2026-03-13 22:54:01,37.551,19.751,37.5514,37.5262,19.675,19.7513,37.5,50,0
2026-03-13 22:54:01,37.511,19.773,37.5111,37.4859,19.6704,19.7726,37.5,50,2.9991488446863563
2026-03-13 22:54:02,37.506,19.762,37.491,37.5061,19.6689,19.762,37.5,50,0
2026-03-13 22:54:02,37.506,19.786,37.4507,37.5061,19.6643,19.7864,37.5,50,0
2026-03-13 22:54:03,37.566,19.756,37.5514,37.5665,19.675,19.7559,37.5,50,0
2026-03-13 22:54:03,37.551,19.799,37.5514,37.5061,19.6872,19.7986,37.5,50,0
2026-03-13 22:54:04,37.551,19.8,37.5514,37.5262,19.6872,19.8001,37.5,50,0
2026-03-13 22:54:04,37.587,19.808,37.4507,37.5866,19.6887,19.8077,37.5,50,0
2026-03-13 22:54:04,37.491,19.843,37.491,37.4658,19.6689,19.8428,37.5,50,11.47640784596027
2026-03-13 22:54:05,37.526,19.837,37.5111,37.5262,19.6948,19.8367,37.5,50,0
2026-03-13 22:54:05,37.546,19.925,37.4507,37.5463,19.7253,19.9252,37.5,50,0
2026-03-13 22:54:06,37.566,19.866,37.4507,37.5665,19.7253,19.8657,37.5,50,0
2026-03-13 22:54:06,37.506,19.811,37.4708,37.5061,19.7147,19.8108,37.5,50,5.757758194029321
2026-03-13 22:54:07,37.526,19.837,37.4507,37.5262,19.7009,19.8367,37.5,50,0
2026-03-13 22:54:07,37.491,19.809,37.491,37.4859,19.7543,19.8093,37.5,50,4.893044822853119
2026-03-13 22:54:08,37.466,19.843,37.4104,37.4658,19.7086,19.8428,37.5,50,6.938609822467125
2026-03-13 22:54:08,37.471,19.843,37.4708,37.4658,19.7635,19.8428,37.5,50,3.2067232636582004
2026-03-13 22:54:09,37.526,19.812,37.3902,37.5262,19.7192,19.8123,37.5,50,0
2026-03-13 22:54:09,37.526,19.837,37.35,37.5262,19.7635,19.8367,37.5,50,0
2026-03-13 22:54:10,37.491,19.831,37.491,37.4658,19.7543,19.8306,37.5,50,4.966683540680636
2026-03-13 22:54:10,37.526,19.837,37.4305,37.5262,19.7604,19.8367,37.5,50,0
2026-03-13 22:54:10,37.506,19.835,37.4305,37.5061,19.736,19.8352,37.5,50,1.4390973969338412
2026-03-13 22:54:11,37.486,19.846,37.4104,37.4859,19.7452,19.8459,37.5,50,3.8910120371951393
2026-03-13 22:54:11,37.405,19.8,37.3902,37.4054,19.7681,19.8001,37.5,50,20.542854169904913
2026-03-13 22:54:12,37.425,19.875,37.3902,37.4255,19.7681,19.8749,37.5,50,7.5236252341030205
2026-03-13 22:54:12,37.466,19.818,37.4305,37.4658,19.7971,19.8184,37.5,50,0.46105547288003645
2026-03-13 22:54:13,37.446,19.854,37.4305,37.4456,19.8093,19.8535,37.5,50,9.647453342456403
2026-03-13 22:54:13,37.425,19.85,37.4104,37.4255,19.7574,19.8505,37.5,50,12.55371754482447
2026-03-13 22:54:14,37.446,19.841,37.35,37.4456,19.7879,19.8413,37.5,50,5.698575878594404
2026-03-13 22:54:14,37.446,19.841,37.3902,37.4456,19.7925,19.8413,37.5,50,8.165945600088444
2026-03-13 22:54:15,37.425,19.85,37.3902,37.4255,19.7925,19.8505,37.5,50,13.231616006884341
2026-03-13 22:54:15,37.466,19.879,37.3701,37.4658,19.7894,19.8795,37.5,50,1.7420755279324123
2026-03-13 22:54:16,37.405,19.861,37.3097,37.4054,19.7833,19.8611,37.5,50,20.427769021241883
2026-03-13 22:54:16,37.405,19.886,37.3701,37.4054,19.8138,19.8856,37.5,50,14.193477501215943
2026-03-13 22:54:16,37.446,19.89,37.3298,37.4456,19.8215,19.8901,37.5,50,5.0457671822269266
2026-03-13 22:54:17,37.486,19.907,37.3097,37.4859,19.8322,19.9069,37.5,50,0.4050160867361212
2026-03-13 22:54:17,37.425,19.899,37.2895,37.4255,19.8184,19.8993,37.5,50,18.889538030944827
2026-03-13 22:54:18,37.466,19.916,37.3701,37.4658,19.826,19.9161,37.5,50,3.104864288319166
2026-03-13 22:54:18,37.365,19.869,37.35,37.3651,19.8123,19.8688,37.5,50,31.056138857445475
2026-03-13 22:54:19,37.37,19.904,37.3701,37.3449,19.8383,19.9039,37.5,50,19.49171406253467
2026-03-13 22:54:19,37.466,19.916,37.3298,37.4658,19.8703,19.9161,37.5,50,0
2026-03-13 22:54:20,37.425,19.924,37.3902,37.4255,19.8901,19.9237,37.5,50,18.262862883720555
2026-03-13 22:54:20,37.446,19.963,37.3298,37.4456,19.8581,19.9634,37.5,50,9.247149027222564
2026-03-13 22:54:21,37.405,19.947,37.3097,37.4054,19.8566,19.9466,37.5,50,21.215524679784707
2026-03-13 22:54:21,37.365,19.893,37.3097,37.3651,19.8566,19.8932,37.5,50,26.405119220834575
2026-03-13 22:54:22,37.37,19.905,37.3701,37.3651,19.8505,19.9054,37.5,50,21.429222300887943
2026-03-13 22:54:22,37.425,19.899,37.2493,37.4255,19.8871,19.8993,37.5,50,9.70512508926937
2026-03-13 22:54:23,37.325,19.893,37.3097,37.3248,19.8932,19.8886,37.5,50,39.09663003351562
2026-03-13 22:54:23,37.385,19.944,37.3298,37.3852,19.9191,19.9435,37.5,50,15.040969398260827
2026-03-13 22:54:23,37.365,19.93,37.2493,37.3651,19.8749,19.9298,37.5,50,26.580476371525652
2026-03-13 22:54:24,37.365,19.942,37.2291,37.3651,19.9207,19.942,37.5,50,24.9213287082961
2026-03-13 22:54:24,37.385,19.98,37.3097,37.3852,19.9176,19.9802,37.5,50,20.7885962613213
2026-03-13 22:54:25,37.345,19.953,37.2493,37.3449,19.8627,19.9527,37.5,50,32.64152526603861
2026-03-13 22:54:25,37.466,19.953,37.2291,37.4658,19.884,19.9527,37.5,50,0.8566310216778579
2026-03-13 22:54:26,37.305,19.95,37.2694,37.3046,19.9496,19.9481,37.5,50,50
2026-03-13 22:54:26,37.385,19.98,37.2895,37.3852,19.9161,19.9802,37.5,50,16.156879464360028
2026-03-13 22:54:27,37.385,19.956,37.2291,37.3852,19.9084,19.9557,37.5,50,25.22171391721691
2026-03-13 22:54:27,37.325,19.962,37.2493,37.3248,19.9481,19.9619,37.5,50,39.54969766920871
2026-03-13 22:54:28,37.325,19.937,37.2291,37.3248,19.9084,19.9374,37.5,50,33.71817550041624
2026-03-13 22:54:28,37.385,19.968,37.2694,37.3852,19.9619,19.968,37.5,50,20.465106443288192
2026-03-13 22:54:29,37.285,19.962,37.2694,37.2845,19.9619,19.9451,37.5,50,50
2026-03-13 22:54:29,37.325,19.998,37.2291,37.3248,19.9084,19.9985,37.5,50,31.270464113645723
2026-03-13 22:54:29,37.385,19.992,37.2493,37.3852,19.9481,19.9924,37.5,50,22.34670396398531
2026-03-13 22:54:30,37.325,19.986,37.2493,37.3248,19.9603,19.9863,37.5,50,43.1405311327016
2026-03-13 22:54:30,37.35,20.021,37.35,37.3046,19.9344,20.0214,37.5,50,31.52023088746869
2026-03-13 22:54:31,37.365,19.966,37.2291,37.3651,19.9084,19.9664,37.5,50,31.30111441547988
2026-03-13 22:54:31,37.29,20.005,37.2895,37.2644,19.9527,20.0046,37.5,50,50
2026-03-13 22:54:32,37.325,20.035,37.2493,37.3248,19.9603,20.0351,37.5,50,35.36905518345062
2026-03-13 22:54:32,37.385,20.029,37.2694,37.3852,19.9496,20.029,37.5,50,25.894283011473796
2026-03-13 22:54:33,37.305,20.009,37.2291,37.3046,19.9329,20.0092,37.5,50,50
2026-03-13 22:54:33,37.285,19.982,37.2291,37.2845,19.9451,19.9817,37.5,50,48.051692462591575
2026-03-13 22:54:34,37.325,20.035,37.2694,37.3248,19.9619,20.0351,37.5,50,37.42209457851072
